DateTime,Date,Time,CO(GT),PT08.S1(CO),C6H6(GT),PT08.S2(NMHC),NOx(GT),PT08.S3(NOx),NO2(GT),PT08.S4(NO2),PT08.S5(O3),T,RH,AH
2004-03-10 18:00:00,2004-03-10,18:00:00,2.6,1360.0,11.881723488680304,1045.5,166.0,1056.25,113.0,1692.0,1267.5,13.599999904633,48.875000953674,0.7577538251293606
2004-03-10 19:00:00,2004-03-10,19:00:00,2.0,1292.25,9.397164889581603,954.75,103.0,1173.75,92.0,1558.75,972.25,13.299999952316,47.699999809265,0.7254874492424674
2004-03-10 20:00:00,2004-03-10,20:00:00,2.2,1402.0,8.997816871326798,939.25,131.0,1140.0,114.0,1554.5,1074.0,11.900000095367,53.97500038147,0.7502390673981953
2004-03-10 21:00:00,2004-03-10,21:00:00,2.2,1375.5,9.228796421407274,948.25,172.0,1092.0,122.0,1583.75,1203.25,11.0,60.0,0.7867125330859253
2004-03-10 22:00:00,2004-03-10,22:00:00,1.6,1272.25,6.518223669074141,835.5,131.0,1205.0,116.0,1490.0,1110.0,11.150000095367,59.575000762939,0.7887942318667593
2004-03-10 23:00:00,2004-03-10,23:00:00,1.2,1197.0,4.741012362478748,750.25,89.0,1336.5,96.0,1393.0,949.25,11.175000190735,59.175000190735,0.7847716643397448
2004-03-11 00:00:00,2004-03-11,00:00:00,1.2,1185.0,3.624399189797516,689.5,62.0,1461.75,77.0,1332.75,732.5,11.324999809265,56.77499961853,0.7603119392843289
2004-03-11 01:00:00,2004-03-11,01:00:00,1.0,1136.25,3.3266769916608,672.0,62.0,1453.25,76.0,1332.75,729.5,10.674999952316,60.0,0.7702384578230451
2004-03-11 02:00:00,2004-03-11,02:00:00,0.9,1094.0,2.3394161950867094,608.5,45.0,1579.0,60.0,1276.0,619.5,10.650000095367,59.674999237061,0.7648187256861201
2004-03-11 03:00:00,2004-03-11,03:00:00,0.6,1009.75,1.6966582576513225,560.75,30.5,1705.0,44.0,1234.75,501.25,10.250000238419,60.200000762939,0.7516571648306898
2004-03-11 05:00:00,2004-03-11,05:00:00,0.7,1066.0,1.1334305711878574,512.0,16.0,1918.0,28.0,1182.0,421.75,10.999999761581,56.175000190735,0.7365596001806396
2004-03-11 06:00:00,2004-03-11,06:00:00,0.7,1051.75,1.6037678797288073,553.25,34.0,1738.25,48.0,1221.25,471.5,10.450000047684,58.125,0.7352950830247281
2004-03-11 07:00:00,2004-03-11,07:00:00,1.1,1144.0,3.2436181473100727,667.0,98.0,1489.75,82.0,1339.0,729.75,10.200000047684,59.599999427795,0.7417361628563275
2004-03-11 08:00:00,2004-03-11,08:00:00,2.0,1333.25,8.013772987090615,899.75,174.0,1136.0,112.0,1517.0,1101.5,10.75,57.425000190735,0.7407945757399766
2004-03-11 09:00:00,2004-03-11,09:00:00,2.2,1351.0,9.540642925320222,960.25,129.0,1079.0,101.0,1582.75,1027.75,10.5,60.599998474121,0.7691107927579083
2004-03-11 10:00:00,2004-03-11,10:00:00,1.7,1233.25,6.335782437222818,827.25,112.0,1218.0,98.0,1445.75,859.75,10.799999952316,58.35000038147,0.7551830826522904
2004-03-11 11:00:00,2004-03-11,11:00:00,1.5,1178.75,4.971583761462568,762.0,95.0,1327.5,92.0,1361.75,670.5,10.499999761581,57.925000190735,0.7351607796315153
2004-03-11 12:00:00,2004-03-11,12:00:00,1.6,1236.0,5.216918999884966,774.25,104.0,1301.25,95.0,1401.25,664.0,9.5249998569489,66.774998664856,0.7950537885142038
2004-03-11 13:00:00,2004-03-11,13:00:00,1.9,1285.5,7.26993335753569,868.5,146.0,1162.25,112.0,1536.75,799.0,8.299999833107,76.425001144409,0.8392680677502771
2004-03-11 14:00:00,2004-03-11,14:00:00,2.9,1371.0,11.539007213563714,1033.5,207.0,983.25,128.0,1730.25,1036.5,8.0,81.14999961853,0.8735885336185425
2004-03-11 15:00:00,2004-03-11,15:00:00,2.2,1310.0,8.826222726457212,932.5,184.0,1081.75,126.0,1646.5,946.25,8.325000166893,79.799999237061,0.8777844450980445
2004-03-11 16:00:00,2004-03-11,16:00:00,2.2,1291.75,8.301413416761816,911.5,193.0,1102.5,131.0,1590.75,956.75,9.7000000476837,71.150001525879,0.8569381279436317
2004-03-11 17:00:00,2004-03-11,17:00:00,2.9,1383.0,11.151581216129404,1019.75,243.0,1008.0,135.0,1718.75,1104.0,9.7750000953674,67.624998092651,0.8185012074753434
2004-03-11 18:00:00,2004-03-11,18:00:00,4.8,1580.75,20.799216861460543,1318.5,281.0,798.5,151.0,2083.0,1408.5,10.349999904633,64.174999237061,0.806543633173666
2004-03-11 19:00:00,2004-03-11,19:00:00,6.9,1775.5,27.359807493586764,1487.75,383.0,702.25,172.0,2332.5,1704.0,9.6500000953674,69.300001144409,0.8319211444100879
2004-03-11 20:00:00,2004-03-11,20:00:00,6.1,1640.0,24.017756935949222,1404.0,351.0,742.75,165.0,2191.25,1653.75,9.6499998569489,67.75,0.8133139353625914
2004-03-11 21:00:00,2004-03-11,21:00:00,3.9,1312.75,12.779368248758171,1076.25,240.0,957.25,136.0,1706.5,1284.75,9.125,63.974999427795,0.7419242244892506
2004-03-11 22:00:00,2004-03-11,22:00:00,1.5,964.5,4.707071919244755,748.5,94.0,1325.25,85.0,1332.5,821.0,8.1750001907349,63.39999961853,0.6904844466414399
2004-03-11 23:00:00,2004-03-11,23:00:00,1.0,912.75,2.6457215096105893,629.25,47.0,1564.5,53.0,1252.25,551.75,8.2499998807907,60.824998855591,0.6657443604063102
2004-03-12 00:00:00,2004-03-12,00:00:00,1.7,1080.25,5.85480151426304,805.0,122.0,1253.5,97.0,1375.0,815.5,8.3250002861023,58.525000572205,0.6437636096330573
2004-03-12 01:00:00,2004-03-12,01:00:00,1.9,1043.75,6.37429750967153,829.0,133.0,1247.25,110.0,1378.25,831.5,7.7250001430511,59.674999237061,0.6307660602738635
2004-03-12 02:00:00,2004-03-12,02:00:00,1.4,987.75,4.132341795103469,718.0,82.0,1395.5,91.0,1303.5,691.5,7.125,61.799999237061,0.6275973687868803
2004-03-12 03:00:00,2004-03-12,03:00:00,0.8,888.75,1.8694446351370275,574.25,56.0,1680.25,67.5,1187.0,512.0,6.9750000238419,62.27499961853,0.6261075278097894
2004-03-12 05:00:00,2004-03-12,05:00:00,0.6,847.25,1.0224145989759523,501.25,30.0,1894.5,44.0,1154.75,394.0,6.2749999761581,64.97500038147,0.6232823211022999
2004-03-12 06:00:00,2004-03-12,06:00:00,0.8,927.0,1.83043122583498,571.25,56.0,1684.75,71.0,1222.75,486.5,6.75,62.949999809265,0.6234275392144519
2004-03-12 07:00:00,2004-03-12,07:00:00,1.4,1090.5,4.359340996864498,730.25,109.0,1387.0,104.0,1360.75,748.25,6.4499999284744,65.075001716614,0.6316281144389537
2004-03-12 08:00:00,2004-03-12,08:00:00,4.4,1587.0,17.865586704833834,1235.5,307.0,896.5,141.0,1900.25,1400.25,7.3250000476837,63.14999961853,0.6499331393073879
2004-03-12 10:00:00,2004-03-12,10:00:00,3.1,1350.25,14.02701136675159,1117.5,187.0,912.0,122.0,1711.75,1237.0,13.224999904633,41.749999046326,0.6319501309937225
2004-03-12 11:00:00,2004-03-12,11:00:00,2.7,1262.75,11.645646559704057,1037.25,216.0,969.0,143.0,1598.25,1166.5,14.325000047684,38.449999809265,0.6243042942153901
2004-03-12 12:00:00,2004-03-12,12:00:00,2.1,1206.25,10.224662143952829,986.0,143.0,1034.5,113.0,1537.0,959.0,15.025000095367,36.5,0.6195323226057363
2004-03-12 13:00:00,2004-03-12,13:00:00,2.5,1251.5,11.03993603930084,1015.75,160.0,1007.5,116.0,1592.75,983.0,16.100000143051,34.474999427795,0.6261647401566796
2004-03-12 14:00:00,2004-03-12,14:00:00,2.7,1287.0,12.816446196415624,1077.5,163.0,948.75,123.0,1660.25,1060.75,16.275000572205,35.72500038147,0.6560306119627572
2004-03-12 15:00:00,2004-03-12,15:00:00,2.9,1352.75,14.173851177910128,1122.25,190.0,921.75,126.0,1740.0,1139.25,15.825000047684,37.02499961853,0.6609611395034868
2004-03-12 16:00:00,2004-03-12,16:00:00,2.8,1309.0,12.690568103372724,1073.25,178.0,954.0,120.0,1657.25,1112.25,15.874999761581,37.175000190735,0.6657285250911997
2004-03-12 17:00:00,2004-03-12,17:00:00,2.4,1274.0,11.738405416264689,1040.5,150.0,1005.75,119.0,1609.75,993.75,16.875000238419,34.349999427795,0.6549085143270723
2004-03-12 18:00:00,2004-03-12,18:00:00,3.9,1509.5,19.290974886272963,1276.5,206.0,812.25,149.0,1909.75,1409.5,15.149999856949,39.550000190735,0.6766265078085045
2004-03-12 19:00:00,2004-03-12,19:00:00,3.7,1525.25,18.226178291697384,1246.0,202.0,821.0,145.0,1846.75,1447.75,14.399999856949,43.425000190735,0.7084497598177374
2004-03-12 20:00:00,2004-03-12,20:00:00,6.6,1843.0,32.55627834707047,1609.75,340.0,624.0,170.0,2390.25,1886.5,12.875,50.525000572205,0.7478032188508966
2004-03-12 21:00:00,2004-03-12,21:00:00,4.4,1597.75,20.092943564494178,1299.0,274.0,752.0,149.0,1940.5,1626.75,12.149999856949,53.349999427795,0.7536202227825304
2004-03-12 22:00:00,2004-03-12,22:00:00,3.5,1483.5,14.321342422629458,1127.0,253.0,839.0,139.0,1723.0,1491.0,10.975000143051,59.125000953674,0.7739800033862854
2004-03-12 23:00:00,2004-03-12,23:00:00,5.4,1677.25,21.81286506943192,1346.0,300.0,740.5,134.0,2062.0,1657.0,9.6749999523163,64.624999046326,0.7770739425473616
2004-03-13 00:00:00,2004-03-13,00:00:00,2.7,1279.5,9.63899981451842,964.0,193.0,962.5,113.0,1543.5,1285.25,9.4500002861023,64.125,0.7597465282359432
2004-03-13 01:00:00,2004-03-13,01:00:00,1.9,1196.25,7.375139467546298,873.0,139.0,1071.25,97.0,1463.25,1144.25,9.1499998569489,63.900001525879,0.7422764129225364
2004-03-13 02:00:00,2004-03-13,02:00:00,1.6,1183.75,5.369604169687442,781.75,83.0,1176.25,82.0,1364.5,1042.75,8.7999999523163,63.924998283386,0.7256153712649386
2004-03-13 03:00:00,2004-03-13,03:00:00,1.7,1171.75,5.390103939543701,782.75,72.5,1178.5,73.5,1379.75,995.5,7.8000000715256,67.52499961853,0.7173121148941005
2004-03-13 05:00:00,2004-03-13,05:00:00,1.0,978.25,2.577932199377853,624.75,62.0,1420.25,65.0,1274.25,819.25,8.2999999523163,63.574999809265,0.6981546204756909
2004-03-13 06:00:00,2004-03-13,06:00:00,1.2,1099.5,2.908548009422834,646.25,53.0,1406.25,60.0,1267.5,835.0,7.2000000476837,67.47500038147,0.6886721470838881
2004-03-13 07:00:00,2004-03-13,07:00:00,1.5,1112.25,5.136255828724421,770.25,139.0,1228.0,77.0,1408.5,939.75,6.3499999046326,71.89999961853,0.6931985587343715
2004-03-13 08:00:00,2004-03-13,08:00:00,2.7,1335.5,11.817138600992353,1043.25,256.0,935.25,96.0,1678.0,1191.75,6.450000166893,71.550001144409,0.6944754797176015
2004-03-13 09:00:00,2004-03-13,09:00:00,3.7,1408.3333333333,15.140161198407569,1153.0,295.0,830.33333333333,119.0,1776.6666666667,1411.0,9.5666666030884,59.666667938232,0.7123665611992754
2004-03-13 10:00:00,2004-03-13,10:00:00,3.2,1447.0,12.913063095907155,1080.75,250.0,868.5,126.0,1666.75,1465.0,12.375,51.175000190735,0.7334583850640767
2004-03-13 11:00:00,2004-03-13,11:00:00,4.1,1541.5,16.133508844949027,1183.75,296.0,808.25,158.0,1779.75,1582.5,15.649999856949,42.199999809265,0.7450937577774329
2004-03-13 12:00:00,2004-03-13,12:00:00,3.6,1451.25,14.019301019815009,1117.25,239.0,875.25,161.0,1679.25,1387.25,18.400000095367,33.824999809265,0.708963570176462
2004-03-13 13:00:00,2004-03-13,13:00:00,2.8,1328.25,12.279664077200536,1059.25,153.0,986.5,124.0,1599.5,1100.5,19.35000038147,31.275000095367,0.6950081047527402
2004-03-13 14:00:00,2004-03-13,14:00:00,2.0,1206.5,8.618412576532277,924.25,118.0,1087.75,102.0,1488.25,849.75,18.02499961853,34.800000190735,0.7126738741944919
2004-03-13 15:00:00,2004-03-13,15:00:00,2.0,1239.5,9.196566740238415,947.0,119.0,1049.0,116.0,1531.75,947.0,18.375,33.64999961853,0.704207020809635
2004-03-13 16:00:00,2004-03-13,16:00:00,2.5,1306.0,10.244887084344466,986.75,138.0,1004.0,124.0,1554.0,1078.0,17.625,35.10000038147,0.7012032509364389
2004-03-13 17:00:00,2004-03-13,17:00:00,2.3,1326.0,10.611844460473735,1000.25,148.0,975.5,125.0,1601.5,1083.75,16.675000190735,37.799999237061,0.7117364038435915
2004-03-13 18:00:00,2004-03-13,18:00:00,3.2,1472.75,15.452209964915284,1162.75,227.0,830.5,148.0,1779.0,1394.75,16.099999904633,41.02499961853,0.7451314943585404
2004-03-13 19:00:00,2004-03-13,19:00:00,4.2,1609.0,19.636784663917272,1286.25,277.0,757.5,165.0,1922.0,1611.5,15.825000047684,42.400000572205,0.7569143276676089
2004-03-13 20:00:00,2004-03-13,20:00:00,4.2,1610.75,19.20272791618361,1274.0,279.0,754.25,161.0,1915.0,1697.25,15.650000095367,44.10000038147,0.7786406550707863
2004-03-13 21:00:00,2004-03-13,21:00:00,4.2,1620.5,18.269310357149717,1247.25,283.0,762.0,159.0,1860.0,1885.5,15.325000047684,46.775000572205,0.8091244285768237
2004-03-13 22:00:00,2004-03-13,22:00:00,3.1,1444.25,13.14470430189378,1088.5,214.0,844.0,143.0,1747.5,1623.75,14.649999856949,48.625,0.8059694141072296
2004-03-13 23:00:00,2004-03-13,23:00:00,2.6,1418.0,10.873367154415863,1009.75,172.0,892.0,130.0,1603.0,1536.25,14.700000286102,49.275000572205,0.8193361244198358
2004-03-14 00:00:00,2004-03-14,00:00:00,2.9,1533.5,10.963457959141822,1013.0,190.0,888.5,129.0,1610.75,1534.75,13.949999809265,53.60000038147,0.8497717204331877
2004-03-14 01:00:00,2004-03-14,01:00:00,2.8,1483.5,11.86017851848332,1044.75,174.0,879.75,119.0,1624.25,1529.75,14.649999856949,51.5,0.8536231326791223
2004-03-14 02:00:00,2004-03-14,02:00:00,2.5,1366.75,8.624678823055866,924.5,128.0,952.5,104.0,1543.0,1337.0,12.549999952316,58.900000572205,0.8537400738793904
2004-03-14 03:00:00,2004-03-14,03:00:00,2.4,1344.0,9.737786456670191,967.75,90.5,920.5,87.0,1619.75,1278.25,11.649999856949,63.425000190735,0.8674492315744939
2004-03-14 05:00:00,2004-03-14,05:00:00,1.2,1062.0,3.650423146324865,691.0,53.0,1271.5,70.0,1376.75,929.0,11.475000143051,63.10000038147,0.8532753834381319
2004-03-14 06:00:00,2004-03-14,06:00:00,1.0,1075.75,2.4813419346402656,618.25,44.0,1395.25,63.0,1333.0,872.25,11.599999904633,62.150000572205,0.8472636259100265
2004-03-14 07:00:00,2004-03-14,07:00:00,0.9,1028.25,2.4299844022774177,614.75,74.0,1383.5,67.0,1340.0,853.0,10.399999856949,67.649998664856,0.8529987302926639
2004-03-14 08:00:00,2004-03-14,08:00:00,1.4,1154.5,4.210510136054915,722.25,101.0,1224.75,84.0,1413.75,959.25,11.574999809265,62.674999237061,0.8530382230087753
2004-03-14 09:00:00,2004-03-14,09:00:00,1.6,1235.25,6.352276711074662,828.0,118.0,1055.25,83.0,1527.0,1093.25,12.424999952316,60.0,0.8627151273296463
2004-03-14 10:00:00,2004-03-14,10:00:00,2.2,1331.5,8.587110474608117,923.0,144.0,951.75,98.0,1613.75,1225.0,14.525000095367,53.074999809265,0.8727816223552813
2004-03-14 11:00:00,2004-03-14,11:00:00,2.8,1444.75,10.859535166937013,1009.25,176.0,878.25,114.0,1696.0,1355.25,16.875000476837,46.099999427795,0.8789310942666374
2004-03-14 12:00:00,2004-03-14,12:00:00,2.8,1415.5,10.659815662688954,1002.0,161.0,906.75,119.0,1676.5,1261.5,19.300000190735,38.25,0.8474048021414429
2004-03-14 13:00:00,2004-03-14,13:00:00,2.0,1281.25,7.540072456167103,880.0,113.0,1083.75,104.0,1525.0,980.0,21.174999713898,31.449999809265,0.7811957165002227
2004-03-14 14:00:00,2004-03-14,14:00:00,1.8,1207.25,7.504598795037856,878.5,103.0,1103.5,102.0,1489.5,872.25,21.424999713898,30.199999809265,0.7615918767626616
2004-03-14 15:00:00,2004-03-14,15:00:00,1.9,1257.75,8.160112924625768,905.75,112.0,1081.25,107.0,1511.0,900.25,21.925000190735,28.950000286102,0.7524589545694458
2004-03-14 16:00:00,2004-03-14,16:00:00,3.0,1457.75,11.867358322901142,1045.0,170.0,973.75,129.0,1646.0,1098.5,22.224999904633,28.39999961853,0.7516273241188697
2004-03-14 17:00:00,2004-03-14,17:00:00,2.9,1437.75,12.033004745084428,1050.75,180.0,942.5,128.0,1667.5,1206.25,21.299999713898,30.75,0.7696154919144513
2004-03-14 18:00:00,2004-03-14,18:00:00,2.5,1477.75,12.163323306748472,1055.25,160.0,929.25,121.0,1670.75,1262.25,19.650000095367,36.699999809265,0.8307061318496992
2004-03-14 19:00:00,2004-03-14,19:00:00,4.6,1807.5,20.57171487732563,1312.25,261.0,753.25,157.0,1992.75,1697.75,18.374999523163,41.72500038147,0.8731957705577488
2004-03-14 20:00:00,2004-03-14,20:00:00,5.9,1898.0,23.142125805295404,1381.25,325.0,680.5,173.0,2102.75,1904.75,17.625,46.099999427795,0.9209535360575976
2004-03-14 21:00:00,2004-03-14,21:00:00,3.4,1559.5,14.720453409836011,1139.75,217.0,783.75,146.0,1817.5,1648.0,16.650000095367,49.575000762939,0.9319900473249648
2004-03-14 22:00:00,2004-03-14,22:00:00,2.1,1324.25,9.004199247323303,939.5,146.0,923.5,121.0,1587.0,1422.75,16.25,50.950000762939,0.9341472131622556
2004-03-14 23:00:00,2004-03-14,23:00:00,2.2,1348.75,8.83888507899354,933.0,152.0,933.0,119.0,1616.5,1348.75,14.725000143051,55.925000190735,0.9313856224921276
2004-03-15 00:00:00,2004-03-15,00:00:00,1.8,1238.75,7.357560374878767,872.25,104.0,985.0,99.0,1546.5,1250.25,14.825000047684,54.675001144409,0.9163543254683044
2004-03-15 01:00:00,2004-03-15,01:00:00,1.8,1239.0,6.918207216219388,853.25,106.0,1010.25,93.0,1543.25,1173.75,14.049999952316,57.0,0.9094489367663466
2004-03-15 02:00:00,2004-03-15,02:00:00,1.8,1223.75,6.958191195775006,855.0,108.0,998.25,88.0,1565.75,1148.75,13.350000143051,61.349999427795,0.936085703142246
2004-03-15 03:00:00,2004-03-15,03:00:00,1.1,1078.25,4.429862930483551,734.0,98.0,1128.25,81.0,1486.75,1020.5,12.599999904633,63.474999427795,0.9230174218998716
2004-03-15 05:00:00,2004-03-15,05:00:00,1.0,1074.5,3.865914337574949,703.25,88.0,1155.75,74.0,1463.75,1010.0,11.899999856949,67.449998855591,0.9375381769341324
2004-03-15 06:00:00,2004-03-15,06:00:00,1.4,1156.75,6.385320090079159,829.5,138.0,1029.5,80.0,1584.0,1083.0,11.375,70.52499961853,0.9475162243381904
2004-03-15 07:00:00,2004-03-15,07:00:00,2.2,1314.0,9.685046806517573,965.75,228.0,896.75,89.0,1710.25,1234.75,11.324999809265,70.200000762939,0.940095096018487
2004-03-15 08:00:00,2004-03-15,08:00:00,5.5,1796.75,25.87045766099893,1451.0,360.0,652.0,114.0,2323.0,1679.5,12.400000095367,63.875000953674,0.916954694148268
2004-03-15 09:00:00,2004-03-15,09:00:00,8.1,1961.25,36.69206253067248,1701.0,478.0,536.75,149.0,2665.25,2184.25,14.774999856949,54.324999809265,0.9076095360418625
2004-03-15 10:00:00,2004-03-15,10:00:00,5.8,1770.5,26.6360247644022,1470.0,394.0,621.5,157.0,2261.5,1973.0,17.400000095367,45.64999961853,0.8992981706467373
2004-03-15 11:00:00,2004-03-15,11:00:00,4.2,1563.5,20.11092309343549,1299.5,319.0,709.75,155.0,2029.0,1798.25,19.800000190735,38.525000572205,0.880059991386787
2004-03-15 12:00:00,2004-03-15,12:00:00,3.1,1430.0,14.096485799877708,1119.75,201.0,830.5,134.0,1783.25,1522.0,22.025000095367,34.050000190735,0.8903685188126028
2004-03-15 13:00:00,2004-03-15,13:00:00,2.9,1417.25,14.9257192296359,1146.25,171.0,829.5,119.0,1830.5,1404.0,23.324999809265,32.174999237061,0.9095992195673936
2004-03-15 14:00:00,2004-03-15,14:00:00,2.9,1400.25,15.436141471547913,1162.25,159.0,838.25,111.0,1828.5,1263.25,23.875,29.97500038147,0.8756585288124981
2004-03-15 15:00:00,2004-03-15,15:00:00,2.5,1317.25,12.09085021877653,1052.75,153.0,926.0,104.0,1706.75,1137.0,24.449999809265,28.900000095367,0.873591912397843
2004-03-15 16:00:00,2004-03-15,16:00:00,2.3,1317.75,11.524820242423964,1033.0,143.0,949.75,99.0,1675.0,1068.0,24.375,29.39999961853,0.8847617117200978
2004-03-15 17:00:00,2004-03-15,17:00:00,2.8,1445.25,14.75983347170136,1141.0,156.0,856.5,110.0,1823.5,1251.5,23.849999904633,31.325000762939,0.913735211108514
2004-03-15 18:00:00,2004-03-15,18:00:00,6.1,1917.0,32.14884367945396,1600.5,314.0,631.25,162.0,2447.0,1843.25,22.549999237061,35.375000953674,0.9546998207473484
2004-03-15 19:00:00,2004-03-15,19:00:00,8.0,2039.75,39.20233967931091,1754.25,404.0,542.25,187.0,2679.0,2122.25,20.425000667572,42.5,1.0086313341074231
2004-03-15 20:00:00,2004-03-15,20:00:00,6.5,1894.75,30.961305060452627,1573.25,320.0,565.0,165.0,2442.75,1991.5,18.275000095367,52.625000953674,1.0945180933132783
2004-03-15 21:00:00,2004-03-15,21:00:00,4.2,1594.5,19.89562146325444,1293.5,256.0,678.25,145.0,2057.5,1707.0,16.650000095367,57.375,1.0786268914239705
2004-03-15 22:00:00,2004-03-15,22:00:00,3.2,1438.5,15.31585504960172,1158.5,193.0,764.25,125.0,1856.25,1494.25,15.699999809265,60.150000572205,1.0653715549625935
2004-03-15 23:00:00,2004-03-15,23:00:00,1.4,1141.5,6.895403347240391,852.25,89.0,1008.25,101.0,1547.25,1164.25,15.250000238419,61.449998855591,1.057955499077892
2004-03-16 00:00:00,2004-03-16,00:00:00,2.1,1303.6666666667,11.139929168771715,1019.3333333333,127.0,852.33333333333,103.0,1731.3333333333,1271.6666666667,14.066666603088,65.699999491374,1.049372403097042
2004-03-16 01:00:00,2004-03-16,01:00:00,1.2,1074.25,5.40550061636386,783.5,79.0,1097.75,88.0,1483.0,1039.75,14.825000047684,60.550001144409,1.0148194658330398
2004-03-16 02:00:00,2004-03-16,02:00:00,0.8,968.0,2.810688037123539,640.0,43.0,1319.5,61.0,1385.75,866.75,14.75,59.224999427795,0.9879081107816498
2004-03-16 03:00:00,2004-03-16,03:00:00,0.7,929.25,2.325061547147355,607.5,40.5,1375.5,56.5,1364.25,825.75,13.624999761581,62.050000190735,0.9635549956184192
2004-03-16 05:00:00,2004-03-16,05:00:00,0.6,937.0,2.008742634517473,584.75,38.0,1411.5,52.0,1348.0,792.5,12.75,63.22500038147,0.9282898040213576
2004-03-16 06:00:00,2004-03-16,06:00:00,0.9,1017.0,3.4826893251173856,681.25,82.0,1245.75,64.0,1417.5,869.5,11.174999952316,68.47500038147,0.9081071231015928
2004-03-16 07:00:00,2004-03-16,07:00:00,1.3,1171.25,5.131232180692032,770.0,99.0,1161.75,70.0,1466.75,930.0,10.975000143051,66.5,0.8705229495981881
2004-03-16 08:00:00,2004-03-16,08:00:00,3.4,1541.0,16.17445704918363,1185.0,263.0,770.0,97.0,1888.75,1406.5,11.674999952316,63.650000572205,0.8719365877065632
2004-03-16 09:00:00,2004-03-16,09:00:00,3.7,1539.25,19.663493856394243,1287.0,229.0,697.5,95.0,2054.75,1507.0,13.625,56.299999237061,0.8742650471769098
2004-03-16 10:00:00,2004-03-16,10:00:00,5.3,1734.75,25.05515030336349,1430.5,396.0,628.25,150.0,2211.0,1843.25,17.824999332428,42.875,0.8672254631723162
2004-03-16 11:00:00,2004-03-16,11:00:00,4.1,1571.0,20.003148782861157,1296.5,314.0,730.0,162.0,1972.75,1729.0,21.449999809265,33.324999332428,0.8416712958240697
2004-03-16 12:00:00,2004-03-16,12:00:00,3.3,1451.75,18.347057576589474,1249.5,217.0,775.5,154.0,1868.25,1583.25,24.375,27.35000038147,0.8230691655452694
2004-03-16 13:00:00,2004-03-16,13:00:00,4.0,1579.0,22.30858297567,1359.25,252.0,724.0,161.0,1997.75,1670.75,25.250000476837,26.075000286102,0.8263807552458209
2004-03-16 14:00:00,2004-03-16,14:00:00,3.8,1466.25,20.44477997926457,1308.75,263.0,772.5,161.0,1897.0,1491.25,25.825000286102,23.150000095367,0.7589369630881299
2004-03-16 15:00:00,2004-03-16,15:00:00,2.8,1279.75,14.610427960363092,1136.25,180.0,892.75,128.0,1675.25,1239.75,27.0,20.200000286102,0.7093615130294146
2004-03-16 16:00:00,2004-03-16,16:00:00,2.9,1407.0,16.553254344130867,1196.5,184.0,905.25,129.0,1758.75,1313.0,28.249999523163,18.574999809265,0.7013857388336394
2004-03-16 17:00:00,2004-03-16,17:00:00,2.9,1388.75,15.78318309681854,1173.0,190.0,898.25,133.0,1739.0,1363.25,27.974999904633,19.10000038147,0.709825085363188
2004-03-16 18:00:00,2004-03-16,18:00:00,3.4,1447.25,17.83994777641898,1234.75,184.0,858.75,139.0,1778.0,1295.75,23.900000095367,25.699999809265,0.7518910408124666
2004-03-16 19:00:00,2004-03-16,19:00:00,3.9,1551.0,19.09705933715707,1271.0,181.0,800.25,137.0,1874.5,1432.25,21.349999904633,34.77499961853,0.8729931333855647
2004-03-16 20:00:00,2004-03-16,20:00:00,3.2,1473.5,15.766968720541028,1172.5,166.0,854.25,143.0,1776.0,1431.75,20.425000190735,36.675000190735,0.870389489318189
2004-03-16 21:00:00,2004-03-16,21:00:00,5.1,1799.5,24.877671870607216,1426.0,317.0,700.0,177.0,2105.5,2033.5,19.025000095367,41.349999427795,0.9007307308826996
2004-03-16 22:00:00,2004-03-16,22:00:00,2.6,1379.25,13.529604730694471,1101.25,184.0,817.5,138.0,1710.0,1601.75,17.925000190735,45.900000572205,0.9341860450216593
2004-03-16 23:00:00,2004-03-16,23:00:00,1.7,1200.5,9.087345626567226,942.75,130.0,935.0,117.0,1559.75,1361.75,16.700000286102,48.925000190735,0.9226499255272292
2004-03-17 00:00:00,2004-03-17,00:00:00,1.7,1204.75,8.630947011140279,924.75,132.0,922.0,107.0,1546.5,1314.25,15.524999856949,52.925000190735,0.9271282297880028
2004-03-17 01:00:00,2004-03-17,01:00:00,1.2,1071.5,5.415775467693622,784.0,95.0,1065.5,90.0,1441.75,1113.75,15.475000143051,51.875,0.905875280404742
2004-03-17 02:00:00,2004-03-17,02:00:00,0.9,997.75,4.050256979222614,713.5,70.0,1169.25,79.0,1383.25,991.5,14.125,55.575000762939,0.8909558056211343
2004-03-17 03:00:00,2004-03-17,03:00:00,0.7,933.25,2.5816785814911887,625.0,49.0,1291.5,59.5,1331.5,883.75,13.050000190735,57.900000572205,0.8666330082051409
2004-03-17 05:00:00,2004-03-17,05:00:00,0.5,868.75,1.6068282575436197,553.5,28.0,1459.5,40.0,1267.75,667.0,11.824999809265,58.025000572205,0.8026319321159456
2004-03-17 06:00:00,2004-03-17,06:00:00,0.5,890.75,1.8956482143938893,576.25,46.0,1416.5,53.0,1289.25,733.0,11.900000095367,57.39999961853,0.7978457040872352
2004-03-17 07:00:00,2004-03-17,07:00:00,1.6,1172.75,7.486888715241108,877.75,160.0,1038.0,84.0,1556.25,1051.75,9.9000000953674,65.199999809265,0.7956455570632858
2004-03-17 08:00:00,2004-03-17,08:00:00,4.1,1587.25,21.358791467770352,1333.75,320.0,702.25,108.0,1998.75,1533.5,11.125,60.200000762939,0.7957756867981807
2004-03-17 09:00:00,2004-03-17,09:00:00,6.6,1851.5,36.44841296784668,1695.75,377.0,552.75,127.0,2535.25,1931.0,14.124999761581,50.024998664856,0.8019804174284915
2004-03-17 10:00:00,2004-03-17,10:00:00,4.3,1521.5,21.266624095947368,1331.25,280.0,702.5,134.0,2025.75,1733.75,17.699999809265,40.099999427795,0.8048291453438373
2004-03-17 11:00:00,2004-03-17,11:00:00,2.9,1438.25,15.387978763390306,1160.75,221.0,818.5,135.0,1781.5,1595.0,21.10000038147,33.425000190735,0.8264862161367829
2004-03-17 12:00:00,2004-03-17,12:00:00,2.5,1393.25,12.49907422494975,1066.75,210.0,905.0,142.0,1654.25,1489.75,24.300000190735,28.275000572205,0.8471276904737085
2004-03-17 13:00:00,2004-03-17,13:00:00,2.8,1452.0,15.108309746474148,1152.0,204.0,860.5,153.0,1747.0,1507.5,25.575000286102,25.550000190735,0.8253948829277935
2004-03-17 14:00:00,2004-03-17,14:00:00,2.6,1389.25,13.73529005407188,1108.0,161.0,886.5,123.0,1711.5,1334.0,25.85000038147,25.900000095367,0.8503393425785896
2004-03-17 15:00:00,2004-03-17,15:00:00,2.0,1207.0,10.434474065314545,993.75,135.0,1013.0,104.0,1519.5,1044.75,26.824999809265,18.699999809265,0.6500177450710016
2004-03-17 16:00:00,2004-03-17,16:00:00,2.9,1365.25,15.164068552106674,1153.75,186.0,939.5,129.0,1678.5,1221.25,29.275000095367,15.750000238419,0.6308904544623257
2004-03-17 17:00:00,2004-03-17,17:00:00,2.5,1247.0,12.308823018501508,1060.25,147.0,1032.0,114.0,1524.75,1068.5,28.5,14.900000095367,0.5708019092283132
2004-03-17 18:00:00,2004-03-17,18:00:00,5.0,1556.75,26.95102501389812,1477.75,299.0,793.0,158.0,1980.5,1568.5,25.85000038147,15.950000286102,0.5236645833000759
2004-03-17 19:00:00,2004-03-17,19:00:00,7.6,1972.5,38.39324611075341,1737.25,411.0,616.75,194.0,2413.75,2305.5,23.125,26.5,0.7402606104103562
2004-03-17 20:00:00,2004-03-17,20:00:00,6.7,1974.75,35.103631278136504,1666.5,347.0,596.75,182.0,2415.5,2358.5,20.52499961853,38.249999046326,0.9133141768209518
2004-03-17 21:00:00,2004-03-17,21:00:00,5.7,1794.75,27.24713082655587,1485.0,336.0,652.5,180.0,2174.0,2050.0,19.050000190735,42.60000038147,0.9293877038696484
2004-03-17 22:00:00,2004-03-17,22:00:00,2.8,1443.75,15.04469265761016,1150.0,202.0,769.5,136.0,1726.5,1726.5,17.150000095367,44.125000953674,0.855830709685321
2004-03-17 23:00:00,2004-03-17,23:00:00,2.6,1488.0,15.71027436796261,1170.75,178.0,731.0,127.0,1777.5,1705.0,16.025000095367,50.924999237061,0.9205987579699731
2004-03-18 00:00:00,2004-03-18,00:00:00,2.3,1371.25,12.972673346205386,1082.75,154.0,795.75,116.0,1668.75,1550.5,14.799999952316,53.924999237061,0.9023544874899324
2004-03-18 01:00:00,2004-03-18,01:00:00,1.4,1160.75,8.123422119877722,904.25,92.0,946.75,107.0,1502.0,1240.25,14.274999856949,55.449999809265,0.8974730609108261
2004-03-18 02:00:00,2004-03-18,02:00:00,1.0,1064.25,5.477599159348292,787.0,61.0,1056.75,88.0,1407.0,1115.0,14.75,52.074999809265,0.8686418772067029
2004-03-18 03:00:00,2004-03-18,03:00:00,0.7,970.25,3.5812024590957425,687.0,49.0,1195.5,72.5,1350.5,968.5,13.875,53.875,0.8500589031339439
2004-03-18 05:00:00,2004-03-18,05:00:00,0.6,930.5,2.548044692762577,622.75,37.0,1293.25,57.0,1306.5,827.75,12.0,58.85000038147,0.8233024519061931
2004-03-18 06:00:00,2004-03-18,06:00:00,0.7,938.0,2.971926292666244,650.25,68.0,1251.25,71.0,1332.5,893.0,10.949999809265,62.074999809265,0.8112765628062703
2004-03-18 07:00:00,2004-03-18,07:00:00,1.5,1166.25,7.664791387485363,885.25,139.0,1005.25,85.0,1550.5,1075.0,10.575000047684,63.25,0.8066818457709178
2004-03-18 08:00:00,2004-03-18,08:00:00,4.7,1643.0,23.256799559382376,1384.25,339.0,667.0,124.0,2093.75,1610.25,11.475000143051,60.025000572205,0.8116934242390748
2004-03-18 09:00:00,2004-03-18,09:00:00,6.6,1934.0,35.790570713856724,1681.5,421.0,540.5,151.0,2468.25,2050.5,14.275000333786,50.575000762939,0.8185699237552145
2004-03-18 10:00:00,2004-03-18,10:00:00,4.5,1616.5,21.31268654106716,1332.5,349.0,685.75,150.0,2010.0,1818.5,17.849999904633,40.52499961853,0.8209643334545565
2004-03-18 11:00:00,2004-03-18,11:00:00,2.8,1472.75,14.305786381113023,1126.5,224.0,830.5,152.0,1752.0,1567.75,20.800000667572,34.449999809265,0.8364562599842863
2004-03-18 12:00:00,2004-03-18,12:00:00,2.2,1378.5,12.5211063051097,1067.5,171.0,898.75,139.0,1662.5,1373.5,23.849999904633,28.174999713898,0.8218511950371455
2004-03-18 13:00:00,2004-03-18,13:00:00,2.2,1385.25,12.19236422947094,1056.25,149.0,891.0,133.0,1648.0,1267.5,24.150000095367,28.675000190735,0.8514933610951715
2004-03-18 14:00:00,2004-03-18,14:00:00,2.3,1378.75,13.092244786448637,1086.75,137.0,901.25,126.0,1660.25,1143.5,25.150000572205,24.85000038147,0.7829250121204008
2004-03-18 15:00:00,2004-03-18,15:00:00,2.2,1321.6666666667,14.373247939096442,1128.6666666667,149.0,933.66666666667,128.0,1639.3333333333,1109.3333333333,27.03333346049,17.833333333333,0.6274693274133316
2004-03-18 16:00:00,2004-03-18,16:00:00,2.8,1495.75,16.835634342955675,1205.0,172.0,822.0,169.0,1766.5,1347.25,27.125000476837,23.124999523163,0.8180144786395258
2004-03-18 17:00:00,2004-03-18,17:00:00,2.7,1408.75,14.453859645603398,1131.25,166.0,873.0,149.0,1688.5,1205.75,25.800000190735,23.925000190735,0.7831929181625135
2004-03-18 18:00:00,2004-03-18,18:00:00,3.7,1512.75,21.51586579888989,1338.0,214.0,764.25,156.0,1956.5,1397.0,23.049999713898,26.77499961853,0.7445933183512644
2004-03-18 19:00:00,2004-03-18,19:00:00,5.1,1667.0,26.40333588924601,1464.25,280.0,683.25,168.0,2117.75,1588.25,20.724999904633,31.125,0.7522865185760392
2004-03-18 20:00:00,2004-03-18,20:00:00,5.1,1666.75,25.960619817995106,1453.25,276.0,683.5,176.0,2051.0,1568.5,18.599999904633,36.175000190735,0.7676391782873102
2004-03-18 21:00:00,2004-03-18,21:00:00,3.2,1430.25,14.142883364271055,1121.25,178.0,814.0,135.0,1731.5,1321.5,16.049999713898,48.425000190735,0.8767802411169491
2004-03-18 22:00:00,2004-03-18,22:00:00,2.1,1333.25,10.305664104042568,989.0,129.0,885.25,121.0,1620.75,1194.0,14.450000047684,57.775000572205,0.9455578282061462
2004-03-18 23:00:00,2004-03-18,23:00:00,1.7,1261.5,8.276765149047742,910.5,95.0,948.25,99.0,1545.25,1061.5,13.050000190735,64.175000190735,0.9605556635099728
2004-03-19 00:00:00,2004-03-19,00:00:00,2.0,1287.25,8.92137891672246,936.25,126.0,918.0,106.0,1606.0,1040.0,11.974999666214,69.699998855591,0.9735189395480224
2004-03-19 01:00:00,2004-03-19,01:00:00,1.6,1134.25,6.61866637230466,840.0,103.0,1021.25,96.0,1501.25,917.0,11.949999809265,71.10000038147,0.9914705590149328
2004-03-19 02:00:00,2004-03-19,02:00:00,0.9,998.75,3.5941382910062885,687.75,48.0,1228.5,63.0,1380.25,593.5,12.525000095367,69.299999237061,1.0028708448617707
2004-03-19 03:00:00,2004-03-19,03:00:00,0.7,960.75,2.5294405041814083,621.5,33.0,1381.5,45.5,1300.75,430.25,12.525000095367,67.499998092651,0.9768222346407012
2004-03-19 05:00:00,2004-03-19,05:00:00,0.5,912.75,1.2686021115564372,524.5,18.0,1619.75,28.0,1260.25,370.0,12.450000047684,66.800001144409,0.9620368804375884
2004-03-19 06:00:00,2004-03-19,06:00:00,0.7,969.25,2.314320289312677,606.75,56.0,1372.5,61.0,1323.75,438.0,12.349999666214,66.300001144409,0.9487061110318188
2004-03-19 07:00:00,2004-03-19,07:00:00,1.5,1181.5,6.731036454520945,845.0,115.0,1054.0,99.0,1539.0,704.25,12.424999713898,64.89999961853,0.9331701762499358
2004-03-19 08:00:00,2004-03-19,08:00:00,4.8,1740.25,22.79955570692093,1372.25,320.0,670.75,157.0,2144.25,1475.75,13.025000095367,61.625000953674,0.9209105293356814
2004-03-19 09:00:00,2004-03-19,09:00:00,6.2,1819.25,31.31882317909541,1581.5,357.0,574.5,166.0,2455.5,1715.5,13.600000143051,58.825000762939,0.9120177831269436
2004-03-19 10:00:00,2004-03-19,10:00:00,4.0,1427.0,19.238006003954077,1275.0,253.0,700.5,149.0,1980.25,1398.0,13.899999856949,57.14999961853,0.9031710369226136
2004-03-19 11:00:00,2004-03-19,11:00:00,3.3,1389.5,16.363388395708625,1190.75,218.0,758.75,135.0,1878.75,1267.5,14.474999904633,54.400000572205,0.8917360162277309
2004-03-19 12:00:00,2004-03-19,12:00:00,2.8,1283.0,14.019301019815009,1117.25,192.0,813.0,127.0,1751.0,1188.25,15.475000143051,50.074999809265,0.8744424962599583
2004-03-19 13:00:00,2004-03-19,13:00:00,3.0,1303.5,15.259858728740529,1156.75,176.0,793.0,122.0,1800.5,1170.5,16.124999761581,47.574999809265,0.8654551208004385
2004-03-19 14:00:00,2004-03-19,14:00:00,3.3,1364.0,16.72742509453297,1201.75,198.0,770.75,135.0,1875.0,1250.25,16.275000095367,47.050000190735,0.8639954979898178
2004-03-19 15:00:00,2004-03-19,15:00:00,3.5,1409.75,19.000414929848503,1268.25,212.0,724.25,139.0,1956.5,1344.0,16.39999961853,47.499999046326,0.8791182025620105
2004-03-19 16:00:00,2004-03-19,16:00:00,4.0,1476.0,19.414810317786973,1280.0,249.0,708.0,147.0,1954.5,1378.0,16.050000190735,50.22500038147,0.909370967259952
2004-03-19 17:00:00,2004-03-19,17:00:00,4.6,1522.0,20.863108493812085,1320.25,270.0,689.75,158.0,2005.25,1435.25,16.0,50.650000572205,0.9141909286776636
2004-03-19 18:00:00,2004-03-19,18:00:00,4.1,1441.75,20.16490280922038,1301.0,231.0,704.0,146.0,1952.25,1372.25,15.849999904633,50.27499961853,0.8989088581931544
2004-03-19 19:00:00,2004-03-19,19:00:00,4.5,1469.0,21.74774817937002,1344.25,251.0,677.25,144.0,1996.75,1471.0,15.475000143051,50.625,0.8840469603949893
2004-03-19 20:00:00,2004-03-19,20:00:00,3.9,1467.25,19.841950486357188,1292.0,210.0,697.5,138.0,1942.0,1438.75,15.424999952316,51.449999809265,0.8956257084874374
2004-03-19 21:00:00,2004-03-19,21:00:00,4.0,1420.5,16.744053307157127,1202.25,249.0,747.5,143.0,1854.0,1428.5,15.200000047684,53.124999046326,0.9117445852537478
2004-03-19 22:00:00,2004-03-19,22:00:00,2.2,1175.0,9.145099271304806,945.0,143.0,903.75,116.0,1603.5,1080.5,14.700000047684,57.574999809265,0.9573470511734334
2004-03-19 23:00:00,2004-03-19,23:00:00,2.1,1215.0,8.301413416761816,911.5,127.0,947.75,109.0,1546.75,993.0,14.174999952316,58.324999809265,0.9380218920355338
2004-03-20 00:00:00,2004-03-20,00:00:00,1.7,1126.75,5.79119163455987,802.0,104.0,1064.0,92.0,1446.5,837.0,13.775000095367,57.949999809265,0.908543705377997
2004-03-20 01:00:00,2004-03-20,01:00:00,1.6,1090.25,5.191654203204007,773.0,86.0,1105.25,83.0,1428.5,761.0,13.899999856949,55.949999809265,0.8842068185625946
2004-03-20 02:00:00,2004-03-20,02:00:00,1.3,1017.0,4.123186600036092,717.5,74.0,1181.75,81.0,1382.25,650.25,13.874999761581,55.550000190735,0.8764876383029188
2004-03-20 03:00:00,2004-03-20,03:00:00,1.3,997.25,3.410629499321059,677.0,58.0,1252.25,67.0,1358.5,590.75,13.824999809265,55.10000038147,0.8666203794544741
2004-03-20 05:00:00,2004-03-20,05:00:00,0.8,955.75,3.149209600499938,661.25,42.0,1259.75,53.0,1350.5,518.0,13.625000238419,55.125,0.8560188652298616
2004-03-20 06:00:00,2004-03-20,06:00:00,0.8,966.25,2.5294405041814083,621.5,63.0,1316.75,67.0,1342.25,570.75,13.574999809265,58.97500038147,0.912884475483259
2004-03-20 07:00:00,2004-03-20,07:00:00,1.1,1064.0,4.307931854750126,727.5,115.0,1160.5,91.0,1461.25,842.0,13.450000047684,58.35000038147,0.8960236853936431
2004-03-20 08:00:00,2004-03-20,08:00:00,2.1,1299.75,8.883264240647636,934.75,170.0,902.25,113.0,1623.0,1144.75,13.75,58.025000572205,0.9082698441017566
2004-03-20 09:00:00,2004-03-20,09:00:00,2.4,1348.0,10.543474253928526,997.75,147.0,833.75,102.0,1689.0,1218.25,14.599999904633,53.050000190735,0.8765311454943677
2004-03-20 10:00:00,2004-03-20,10:00:00,2.6,1424.5,12.5211063051097,1067.5,166.0,776.25,107.0,1764.0,1341.0,15.025000095367,52.324999809265,0.8881377715665386
2004-03-20 11:00:00,2004-03-20,11:00:00,2.8,1473.75,12.330711570529866,1061.0,195.0,767.5,113.0,1768.25,1405.5,15.400000095367,52.050000190735,0.9046428918901228
2004-03-20 12:00:00,2004-03-20,12:00:00,2.6,1489.75,11.688419353879642,1038.75,182.0,782.25,108.0,1756.75,1421.5,16.250000476837,49.950000762939,0.9158126537101688
2004-03-20 13:00:00,2004-03-20,13:00:00,2.6,1494.75,11.724114404886208,1040.0,168.0,808.75,105.0,1735.0,1373.0,17.14999961853,47.850001335144,0.9280792861009488
2004-03-20 14:00:00,2004-03-20,14:00:00,2.1,1375.5,9.338736657793214,952.5,125.0,899.5,93.0,1636.25,1153.25,19.049999713898,42.949999809265,0.9370234783049988
2004-03-20 15:00:00,2004-03-20,15:00:00,1.7,1304.75,7.6350173007290705,884.0,95.0,980.0,87.0,1573.25,927.25,19.500000476837,42.25,0.9475796380281803
2004-03-20 16:00:00,2004-03-20,16:00:00,1.6,1282.5,6.714129541810949,844.25,79.0,1035.5,76.0,1538.75,766.25,19.500000476837,42.324999809265,0.9492617277823936
2004-03-20 17:00:00,2004-03-20,17:00:00,2.1,1392.25,9.724590097455224,967.25,119.0,929.75,94.0,1648.75,941.25,19.050000190735,43.799999237061,0.9555676139883592
2004-03-20 18:00:00,2004-03-20,18:00:00,2.3,1452.25,12.389162076428056,1063.0,142.0,855.5,110.0,1774.25,1146.0,18.474999427795,46.27499961853,0.974415793522226
2004-03-20 19:00:00,2004-03-20,19:00:00,3.5,1633.0,16.644389712822854,1199.25,215.0,734.0,136.0,1918.5,1416.5,17.375000476837,51.64999961853,1.0159160208541784
2004-03-20 20:00:00,2004-03-20,20:00:00,3.9,1624.5,16.37162401440561,1191.0,229.0,732.75,139.0,1885.0,1442.0,17.099999904633,51.275000572205,0.9914149198779424
2004-03-20 21:00:00,2004-03-20,21:00:00,3.3,1534.5,13.73529005407188,1108.0,206.0,785.25,125.0,1819.5,1323.25,16.424999713898,53.750000953674,0.996350549582064
2004-03-20 22:00:00,2004-03-20,22:00:00,2.3,1322.5,9.883449559735752,973.25,147.0,863.75,111.0,1712.25,1125.0,16.22500038147,55.35000038147,1.0132297406425828
2004-03-20 23:00:00,2004-03-20,23:00:00,2.1,1309.0,8.940462338273536,937.0,122.0,904.75,97.0,1671.5,1035.5,15.924999952316,57.650000572205,1.035643695780281
2004-03-21 00:00:00,2004-03-21,00:00:00,2.8,1455.5,10.57763580672244,999.0,175.0,835.0,107.0,1713.75,1202.25,15.724999904633,58.599999427795,1.0395524144223816
2004-03-21 01:00:00,2004-03-21,01:00:00,2.1,1299.5,7.351704652120824,872.0,133.0,940.5,90.0,1577.0,1054.25,15.125,60.875,1.0398134971272617
2004-03-21 02:00:00,2004-03-21,02:00:00,1.6,1202.5,6.242660502363154,823.0,89.0,1003.75,84.0,1525.5,903.0,15.575000047684,56.624999046326,0.9950738671065908
2004-03-21 03:00:00,2004-03-21,03:00:00,1.6,1194.75,6.529351622974581,836.0,72.0,987.0,75.0,1554.25,884.5,15.200000047684,57.925000190735,0.994123411252604
2004-03-21 05:00:00,2004-03-21,05:00:00,1.1,1061.75,3.9959242929204266,710.5,55.0,1135.75,66.0,1460.75,700.0,14.900000095367,60.550000190735,1.019649369142506
2004-03-21 06:00:00,2004-03-21,06:00:00,0.7,947.0,2.1303704321580987,593.66666666667,24.0,1300.0,36.0,1390.0,580.33333333333,14.46666653951,62.966665903727,1.0316166826993762
2004-03-21 07:00:00,2004-03-21,07:00:00,0.8,1065.0,3.585512193579881,687.25,72.0,1142.5,62.0,1492.25,814.5,14.150000095367,66.200002670288,1.062981061198427
2004-03-21 08:00:00,2004-03-21,08:00:00,1.2,1154.5,4.429862930483551,734.0,122.0,1061.75,91.0,1528.0,1035.0,14.474999904633,65.299999237061,1.0704110398315458
2004-03-21 09:00:00,2004-03-21,09:00:00,1.4,1220.25,5.364484431415103,781.5,111.0,995.75,89.0,1559.75,1067.25,15.299999952316,62.125000953674,1.0729579562585787
2004-03-21 10:00:00,2004-03-21,10:00:00,1.7,1300.75,7.113334197638295,861.75,123.0,913.5,93.0,1633.0,1114.0,16.325000286102,59.000000953674,1.0868383648056317
2004-03-21 11:00:00,2004-03-21,11:00:00,1.8,1279.25,7.299092625761445,869.75,106.0,911.25,81.0,1646.25,1000.0,18.874999523163,49.574999809265,1.0699727285957743
2004-03-21 12:00:00,2004-03-21,12:00:00,1.8,1267.0,7.60529263256302,882.75,103.0,952.75,82.0,1616.75,905.75,19.375,46.050000190735,1.0249166209922151
2004-03-21 13:00:00,2004-03-21,13:00:00,1.9,1238.75,6.7931834786399685,847.75,102.0,980.5,80.0,1567.5,822.25,20.775000095367,41.625000953674,1.0091328441263598
2004-03-21 14:00:00,2004-03-21,14:00:00,1.3,1128.25,4.586705930828619,742.25,48.0,1143.75,48.0,1506.5,610.25,21.375,40.27499961853,1.0125968630874391
2004-03-21 15:00:00,2004-03-21,15:00:00,1.6,1242.75,8.4189190812524,916.25,63.0,962.0,61.0,1668.5,656.75,21.224999904633,39.299999237061,0.9791469568536468
2004-03-21 16:00:00,2004-03-21,16:00:00,1.9,1208.0,6.912503239863427,853.0,98.0,1059.75,89.0,1506.25,646.75,20.27499961853,38.025000572205,0.8942139410459629
2004-03-21 17:00:00,2004-03-21,17:00:00,2.3,1306.25,8.953194276149835,937.5,132.0,960.75,105.0,1606.5,762.0,19.400000095367,41.299999237061,0.9206089496468212
2004-03-21 18:00:00,2004-03-21,18:00:00,3.8,1545.5,15.076486896579212,1151.0,173.0,769.25,116.0,1873.75,1122.0,18.52499961853,43.800000190735,0.9251510104646709
2004-03-21 19:00:00,2004-03-21,19:00:00,3.5,1501.0,12.609399984135925,1070.5,185.0,823.0,119.0,1744.25,1130.25,17.775000095367,48.050001144409,0.9688894556880964
2004-03-21 20:00:00,2004-03-21,20:00:00,4.3,1604.75,15.140161198407569,1153.0,266.0,769.25,144.0,1840.0,1636.75,17.89999961853,46.85000038147,0.9520444991719952
2004-03-21 21:00:00,2004-03-21,21:00:00,2.8,1315.5,9.890092509311115,973.5,188.0,883.25,123.0,1672.5,1272.25,17.425000190735,49.10000038147,0.968767964644446
2004-03-21 22:00:00,2004-03-21,22:00:00,1.9,1195.0,7.977364527024395,898.25,122.0,933.25,105.0,1594.25,1098.0,16.97500038147,51.675001144409,0.991390722670476
2004-03-21 23:00:00,2004-03-21,23:00:00,1.9,1211.0,7.928929906349982,896.25,112.0,920.25,93.0,1624.0,1066.25,16.39999961853,55.10000038147,1.019777142506504
2004-03-22 00:00:00,2004-03-22,00:00:00,1.7,1161.25,6.07436581400729,815.25,93.0,995.25,86.0,1582.25,909.0,16.125000476837,60.025000572205,1.0919379224667545
2004-03-22 01:00:00,2004-03-22,01:00:00,1.5,1095.25,5.0711119746790105,767.0,74.0,1050.25,76.0,1547.0,818.25,15.824999809265,60.52499961853,1.0804773134011116
2004-03-22 02:00:00,2004-03-22,02:00:00,0.6,897.0,1.7186528499153866,562.5,23.0,1416.5,33.0,1355.0,472.25,16.325000524521,56.950000762939,1.0490753496476837
2004-03-22 03:00:00,2004-03-22,03:00:00,0.4,842.0,0.7105175744554979,468.0,19.0,1812.75,28.0,1274.25,393.5,16.924999713898,53.900000572205,1.0308562690618497
2004-03-22 05:00:00,2004-03-22,05:00:00,0.3,845.0,0.7476764553371612,472.25,15.0,1785.75,23.0,1278.0,378.25,16.525000095367,53.874999046326,1.0049393615506244
2004-03-22 06:00:00,2004-03-22,06:00:00,0.6,941.5,2.025609370348589,586.0,41.0,1479.5,46.0,1372.5,432.0,16.375,53.999999046326,0.9978546885702252
2004-03-22 07:00:00,2004-03-22,07:00:00,1.2,1090.25,5.0961253478844695,768.25,86.0,1072.0,76.0,1537.75,699.0,15.674999952316,57.64999961853,1.0194861727865518
2004-03-22 08:00:00,2004-03-22,08:00:00,3.6,1514.25,17.68644401102917,1230.25,226.0,732.0,116.0,1996.25,1252.25,15.799999952316,53.699999809265,0.9571330274866426
2004-03-22 09:00:00,2004-03-22,09:00:00,3.7,1378.75,18.424945508834465,1251.75,214.0,711.0,115.0,1961.75,1236.75,17.375,42.099999427795,0.828074790777483
2004-03-22 10:00:00,2004-03-22,10:00:00,1.8,1074.25,6.941043175885108,854.25,115.0,1031.75,83.0,1483.5,772.0,17.900000095367,38.35000038147,0.7793149986854928
2004-03-22 11:00:00,2004-03-22,11:00:00,1.6,1089.75,7.25246168751516,867.75,124.0,1025.75,87.0,1509.0,765.75,18.549999713898,36.699999809265,0.7763806752548089
2004-03-22 12:00:00,2004-03-22,12:00:00,1.9,1109.5,9.645572227732076,964.25,122.0,947.25,90.0,1576.5,828.75,21.0,29.550000190735,0.7262509900901662
2004-03-22 13:00:00,2004-03-22,13:00:00,2.0,1101.75,10.44807267453735,994.25,107.0,954.75,87.0,1598.75,783.0,21.349999904633,28.14999961853,0.7066788394352187
2004-03-22 14:00:00,2004-03-22,14:00:00,2.2,1099.5,11.172567986822711,1020.5,133.0,951.75,99.0,1607.0,822.0,21.300000190735,26.125,0.6538603351856797
2004-03-22 15:00:00,2004-03-22,15:00:00,2.1,1093.75,10.673538660162198,1002.5,130.0,965.0,99.0,1573.75,813.0,21.25,26.77499961853,0.6681019007634191
2004-03-22 16:00:00,2004-03-22,16:00:00,2.3,1075.5,11.553201624877463,1034.0,150.0,964.25,101.0,1544.25,812.5,21.324999809265,24.175000190735,0.6059722402809583
2004-03-22 17:00:00,2004-03-22,17:00:00,2.6,1151.75,12.352616700065974,1061.75,138.0,928.0,103.0,1606.25,849.5,20.22500038147,28.5,0.6681783824059524
2004-03-22 18:00:00,2004-03-22,18:00:00,3.8,1406.75,18.338412046262704,1249.25,213.0,720.0,129.0,1931.75,1275.75,16.974999904633,43.075000762939,0.8263987212238713
2004-03-22 19:00:00,2004-03-22,19:00:00,4.4,1437.5,21.02778470933804,1324.75,232.0,677.5,143.0,1992.5,1400.75,15.599999904633,47.424999237061,0.8347152530947474
2004-03-22 20:00:00,2004-03-22,20:00:00,4.5,1424.5,21.046116131019687,1325.25,238.0,678.0,146.0,1965.0,1355.75,15.275000095367,47.425000190735,0.8177834352481763
2004-03-22 21:00:00,2004-03-22,21:00:00,3.3,1278.5,14.453859645603398,1131.25,180.0,775.25,124.0,1758.25,1243.0,14.524999856949,49.724999427795,0.8176931732751006
2004-03-22 22:00:00,2004-03-22,22:00:00,2.0,1131.75,8.4189190812524,916.25,128.0,920.0,113.0,1560.5,1082.5,13.924999952316,52.0,0.8230932364528829
2004-03-22 23:00:00,2004-03-22,23:00:00,1.1,1006.25,4.331267414137387,728.75,65.0,1141.75,80.0,1369.5,795.0,14.474999666214,49.449999809265,0.8105945717127214
2004-03-23 00:00:00,2004-03-23,00:00:00,0.9,982.25,3.799388371647828,699.5,53.0,1204.25,72.0,1358.75,735.0,13.799999952316,51.39999961853,0.8071384129292277
2004-03-23 01:00:00,2004-03-23,01:00:00,0.8,968.5,2.744960463816399,635.75,47.0,1271.0,64.0,1309.25,684.0,14.000000238419,51.324999809265,0.8162997807682635
2004-03-23 02:00:00,2004-03-23,02:00:00,0.7,940.5,2.525726642993789,621.25,51.0,1298.25,70.0,1329.75,714.25,12.950000047684,56.774998664856,0.8443615182096388
2004-03-23 03:00:00,2004-03-23,03:00:00,0.5,892.0,1.243793053254571,522.25,32.0,1522.25,46.0,1284.5,456.0,11.049999952316,70.049999237061,0.9214781997356968
2004-03-23 05:00:00,2004-03-23,05:00:00,0.3,833.75,0.6324529344704092,458.75,13.0,1908.0,22.0,1211.5,361.25,8.8250002861023,80.450000762939,0.914700671115632
2004-03-23 06:00:00,2004-03-23,06:00:00,0.5,908.5,1.7693789354604086,566.5,33.0,1542.0,47.0,1286.5,417.75,9.5750000476837,75.375,0.900402824847413
2004-03-23 07:00:00,2004-03-23,07:00:00,1.1,1061.0,4.629884529509057,744.5,103.0,1178.25,88.0,1428.5,616.25,9.7999999523163,74.999998092651,0.909254703700678
2004-03-23 08:00:00,2004-03-23,08:00:00,3.0,1440.75,14.220357031168104,1123.75,224.0,851.0,130.0,1829.0,1088.5,10.0,74.224998474121,0.9117336187539158
2004-03-23 09:00:00,2004-03-23,09:00:00,3.8,1498.25,21.018621552396723,1324.5,244.0,684.25,132.0,2095.0,1328.75,11.150000095367,69.724998474121,0.9231838171879532
2004-03-23 10:00:00,2004-03-23,10:00:00,3.4,1342.75,16.182651999829726,1185.25,237.0,760.0,132.0,1856.5,1310.5,12.0,62.924999237061,0.8803110590017909
2004-03-23 11:00:00,2004-03-23,11:00:00,3.0,1308.0,15.540714041369164,1165.5,220.0,791.75,131.0,1794.0,1236.0,12.775000333786,55.824999809265,0.8209580692971273
2004-03-23 12:00:00,2004-03-23,12:00:00,2.7,1209.0,13.40834196852907,1097.25,207.0,836.5,129.0,1746.0,1147.25,13.125,54.75,0.823433468722959
2004-03-23 13:00:00,2004-03-23,13:00:00,3.5,1310.25,16.88567737249463,1206.5,208.0,770.25,132.0,1846.75,1301.0,13.75,53.350001335144,0.8350917176674897
2004-03-23 14:00:00,2004-03-23,14:00:00,2.8,1170.75,12.42575346934998,1064.25,160.0,880.5,110.0,1639.0,1096.5,16.025000095367,42.449999809265,0.7673916089486096
2004-03-23 15:00:00,2004-03-23,15:00:00,1.9,1112.0,10.063476527638535,980.0,131.0,923.75,99.0,1588.5,900.25,14.099999904633,49.800000190735,0.7971041564397974
2004-03-23 16:00:00,2004-03-23,16:00:00,2.0,1132.0,8.687448039881527,927.0,128.0,944.25,100.0,1570.25,780.5,11.974999904633,61.125000953674,0.8537496126514045
2004-03-23 17:00:00,2004-03-23,17:00:00,3.0,1225.0,13.834795263224647,1111.25,176.0,817.75,122.0,1718.75,1013.25,13.599999904633,54.599999427795,0.8465137107145668
2004-03-23 18:00:00,2004-03-23,18:00:00,1.9,1064.5,9.345221010408595,952.75,107.0,961.75,97.0,1513.75,789.75,13.650000095367,49.475001335144,0.7695091509871899
2004-03-23 19:00:00,2004-03-23,19:00:00,2.7,1236.25,13.009989174919578,1084.0,131.0,853.5,112.0,1687.75,1059.0,11.674999952316,57.099999427795,0.7822086129070637
2004-03-23 20:00:00,2004-03-23,20:00:00,3.3,1308.5,14.298011063375007,1126.25,166.0,812.0,128.0,1721.5,1204.75,11.474999904633,58.174999237061,0.7866766040131471
2004-03-23 21:00:00,2004-03-23,21:00:00,1.7,1089.0,7.6350173007290705,884.0,89.0,1006.0,101.0,1486.5,974.5,12.600000143051,54.200000762939,0.7881456666289758
2004-03-23 22:00:00,2004-03-23,22:00:00,1.3,999.66666666667,5.25237752206223,776.0,81.0,1141.3333333333,96.0,1374.6666666667,896.0,11.966666857402,54.900000254313,0.7663906589383694
2004-03-23 23:00:00,2004-03-23,23:00:00,1.3,1041.25,5.369604169687442,781.75,78.0,1105.25,86.0,1424.5,911.0,11.000000238419,61.449999809265,0.8057247626291152
2004-03-24 00:00:00,2004-03-24,00:00:00,1.2,1044.75,4.853261953187035,756.0,70.0,1136.75,85.0,1410.5,901.5,11.075000047684,62.224999427795,0.8198751141487293
2004-03-24 01:00:00,2004-03-24,01:00:00,1.1,997.25,4.620274381419234,744.0,76.0,1150.5,79.0,1405.0,831.75,10.775000095367,62.549999237061,0.8082234801814543
2004-03-24 02:00:00,2004-03-24,02:00:00,0.9,948.25,2.718089095832183,634.0,43.0,1319.75,61.0,1326.0,715.0,11.299999952316,60.024998664856,0.8025317149791713
2004-03-24 03:00:00,2004-03-24,03:00:00,0.6,878.25,1.573301041453539,550.75,38.5,1492.75,57.5,1271.5,683.25,10.575000047684,61.599999427795,0.7856379642355912
2004-03-24 05:00:00,2004-03-24,05:00:00,0.6,892.25,1.2383083168676672,521.75,34.0,1572.0,54.0,1254.75,647.75,10.875,58.64999961853,0.7627818896319655
2004-03-24 06:00:00,2004-03-24,06:00:00,0.8,953.75,1.6997929461444818,561.0,43.0,1495.75,57.0,1255.25,612.25,10.75,57.224999427795,0.7382145238490284
2004-03-24 07:00:00,2004-03-24,07:00:00,1.2,1045.25,4.750728721412927,750.75,79.0,1185.75,75.0,1403.0,799.75,10.375,59.22500038147,0.7455494117085614
2004-03-24 08:00:00,2004-03-24,08:00:00,3.1,1382.75,13.765874424449915,1109.0,174.0,831.5,97.0,1706.0,1172.5,10.975000143051,57.299999237061,0.7500896894409064
2004-03-24 09:00:00,2004-03-24,09:00:00,4.4,1597.25,23.67933539737713,1395.25,235.0,652.0,110.0,2080.25,1518.5,11.200000047684,56.949999809265,0.7564914394511036
2004-03-24 10:00:00,2004-03-24,10:00:00,3.4,1317.5,14.212601545647468,1123.5,218.0,761.75,113.0,1770.25,1286.5,12.100000143051,54.925000190735,0.7733693595230158
2004-03-24 11:00:00,2004-03-24,11:00:00,1.7,1137.75,7.959186808148644,897.5,136.0,950.0,88.0,1505.25,965.5,15.074999570847,44.25,0.7534549507396582
2004-03-24 12:00:00,2004-03-24,12:00:00,1.5,1097.5,6.663517615555966,842.0,117.0,1012.25,85.0,1440.0,827.75,15.599999904633,40.599999427795,0.7145901811957243
2004-03-24 13:00:00,2004-03-24,13:00:00,1.7,1117.5,8.687448039881527,927.0,119.0,958.75,96.0,1477.0,824.5,16.874999523163,34.599999427795,0.6596749224621096
2004-03-24 14:00:00,2004-03-24,14:00:00,2.2,1170.25,10.838801261791318,1008.5,126.0,879.0,106.0,1566.0,872.0,16.649999856949,35.625,0.6697356415533213
2004-03-24 16:00:00,2004-03-24,16:00:00,2.7,1389.5,11.369254997979782,1027.5,197.0,828.75,126.0,1729.5,1002.25,9.625,81.099998474121,0.9719787235472276
2004-03-24 17:00:00,2004-03-24,17:00:00,2.8,1353.25,13.362988476365068,1095.75,195.0,773.75,130.0,1783.0,1159.0,11.724999904633,69.10000038147,0.9496639741360772
2004-03-24 18:00:00,2004-03-24,18:00:00,2.7,1260.25,12.004126369175433,1049.75,156.0,828.25,111.0,1722.0,978.75,10.675000190735,68.5,0.879355586348885
2004-03-24 19:00:00,2004-03-24,19:00:00,4.5,1501.25,20.20092355152243,1302.0,247.0,680.75,134.0,2008.25,1311.25,10.674999952316,67.324998855591,0.8642717215244782
2004-03-24 20:00:00,2004-03-24,20:00:00,3.5,1272.5,14.39923071354186,1129.5,190.0,795.25,136.0,1743.5,1071.25,10.775000095367,65.674999237061,0.848602351586309
2004-03-24 21:00:00,2004-03-24,21:00:00,2.6,1178.5,9.390665192516412,954.5,169.0,927.75,125.0,1571.25,898.5,10.349999904633,66.324998855591,0.8335645684953101
2004-03-24 22:00:00,2004-03-24,22:00:00,1.7,1046.75,5.940075060201868,809.0,118.0,1064.25,108.0,1435.0,766.0,10.050000190735,66.924999237061,0.8247612751599469
2004-03-24 23:00:00,2004-03-24,23:00:00,1.3,972.5,4.529402998167067,739.25,81.0,1186.25,87.0,1353.75,589.0,10.425000190735,61.10000038147,0.7716687735626684
2004-03-25 00:00:00,2004-03-25,00:00:00,1.3,997.0,4.486627508988761,737.0,80.0,1167.75,89.0,1340.5,630.75,10.325000047684,59.89999961853,0.7515871246815314
2004-03-25 01:00:00,2004-03-25,01:00:00,1.0,969.5,2.514599021549308,620.5,42.0,1399.5,58.0,1249.25,478.5,11.049999952316,58.425001144409,0.7685562521123138
2004-03-25 02:00:00,2004-03-25,02:00:00,0.7,902.0,1.7821586396135651,567.5,38.0,1450.25,54.0,1253.0,478.5,9.0999999046326,68.14999961853,0.7890407878709773
2004-03-25 03:00:00,2004-03-25,03:00:00,0.7,921.25,1.4218161094645745,538.0,28.0,1564.0,41.0,1224.25,417.0,9.4749999046326,68.175001144409,0.8090593451073614
2004-03-25 04:00:00,2004-03-25,04:00:00,0.5,858.25,0.9066972606578044,489.5,18.0,1706.75,28.0,1211.75,377.5,9.3249998092651,72.299999237061,0.8495878268395908
2004-03-25 05:00:00,2004-03-25,05:00:00,0.5,878.0,0.6160853557960174,456.75,12.0,1934.5,20.0,1157.75,343.5,9.8999998569489,66.800001144409,0.8151706050190269
2004-03-25 06:00:00,2004-03-25,06:00:00,0.6,892.5,1.442220421528291,539.75,43.0,1603.75,51.0,1267.5,412.5,7.5500000715256,83.224998474121,0.8694953342019478
2004-03-25 07:00:00,2004-03-25,07:00:00,1.1,1038.0,3.755311504247508,697.0,84.0,1260.25,82.0,1382.75,604.75,8.0750002861023,78.97500038147,0.8544201662683033
2004-03-25 08:00:00,2004-03-25,08:00:00,2.7,1319.5,11.57450718922684,1034.75,184.0,902.25,112.0,1720.75,990.75,8.7249999046326,74.624998092651,0.8428838983819366
2004-03-25 09:00:00,2004-03-25,09:00:00,3.5,1352.75,17.831404955551463,1234.5,202.0,740.25,119.0,1936.75,1175.25,8.5999999046326,75.125,0.8415465744384171
2004-03-25 10:00:00,2004-03-25,10:00:00,2.3,1133.25,8.845219157196645,933.25,133.0,969.0,99.0,1552.25,922.75,9.7000000476837,69.650001525879,0.8388719696253087
2004-03-25 11:00:00,2004-03-25,11:00:00,1.6,1065.5,6.827184440761592,849.25,130.0,1039.0,98.0,1468.0,828.5,11.0,64.425000190735,0.8447325849019058
2004-03-25 12:00:00,2004-03-25,12:00:00,1.3,1026.5,5.934730067801716,808.75,106.0,1081.0,88.0,1441.5,732.75,13.599999904633,52.950000762939,0.8209322728556079
2004-03-25 13:00:00,2004-03-25,13:00:00,2.0,1105.5,8.889611855025933,935.0,132.0,957.5,96.0,1569.5,819.25,14.175000190735,48.375,0.7779993118526018
2004-03-25 14:00:00,2004-03-25,14:00:00,1.9,1037.75,8.178484755708308,906.5,106.0,976.0,81.0,1492.25,723.25,14.174999952316,46.25,0.743823620206029
2004-03-25 15:00:00,2004-03-25,15:00:00,1.9,1084.0,8.618412576532277,924.25,125.0,986.25,92.0,1501.0,786.0,16.024999856949,41.27499961853,0.7461504837383152
2004-03-25 16:00:00,2004-03-25,16:00:00,2.2,1104.5,10.123793161712667,982.25,138.0,939.25,105.0,1545.25,850.0,17.674999713898,35.400000572205,0.7093956696895586
2004-03-25 17:00:00,2004-03-25,17:00:00,2.0,1101.75,9.44271643902197,956.5,120.0,968.0,88.0,1526.5,819.5,17.074999809265,37.425000190735,0.7224948100948272
2004-03-25 18:00:00,2004-03-25,18:00:00,2.9,1239.75,14.641827890596746,1137.25,158.0,835.75,103.0,1748.25,990.5,14.924999952316,40.525000572205,0.6835131119469691
2004-03-25 19:00:00,2004-03-25,19:00:00,5.2,1443.25,24.563483800808022,1418.0,253.0,666.25,141.0,2059.75,1454.25,13.350000143051,47.800000190735,0.7293381777681275
2004-03-25 20:00:00,2004-03-25,20:00:00,4.6,1389.0,21.62703708737063,1341.0,231.0,691.5,133.0,1981.5,1487.5,12.599999904633,52.549999237061,0.7641522686708787
2004-03-25 21:00:00,2004-03-25,21:00:00,2.5,1182.75,10.312426565086698,989.25,150.0,904.0,119.0,1538.75,1205.0,12.225000143051,53.22500038147,0.7555004761179079
2004-03-25 22:00:00,2004-03-25,22:00:00,1.5,1014.25,5.701585274620053,797.75,99.0,1083.0,106.0,1376.25,909.0,10.550000190735,56.075000762939,0.714007352739794
2004-03-25 23:00:00,2004-03-25,23:00:00,1.2,978.5,4.467671749279885,736.0,75.0,1153.75,92.0,1323.5,768.5,9.9250001907349,59.52499961853,0.7275838856465283
2004-03-26 00:00:00,2004-03-26,00:00:00,1.7,1047.5,5.477599159348292,787.0,93.0,1098.25,97.0,1372.75,834.5,9.625,61.10000038147,0.7322799198136483
2004-03-26 01:00:00,2004-03-26,01:00:00,1.4,1023.75,4.799437657555934,753.25,79.0,1131.0,91.0,1357.0,793.0,9.7000000476837,61.64999961853,0.7425191022886072
2004-03-26 02:00:00,2004-03-26,02:00:00,1.2,973.5,3.633065021681544,690.0,67.0,1207.5,83.0,1313.25,733.25,9.4000000953674,62.64999961853,0.7398339473297111
2004-03-26 03:00:00,2004-03-26,03:00:00,0.6,861.5,1.6997929461444818,561.0,56.0,1449.25,71.0,1219.25,501.75,8.1750001907349,68.450000762939,0.7454836148861783
2004-03-26 04:00:00,2004-03-26,04:00:00,0.7,924.5,2.246785504993861,602.0,45.0,1398.0,59.0,1263.0,562.25,7.9750001430511,69.39999961853,0.7458585473426417
2004-03-26 05:00:00,2004-03-26,05:00:00,0.8,951.5,3.0278593859425342,653.75,72.0,1209.75,73.0,1312.25,832.25,7.7250000238419,72.424999237061,0.7655338358715296
2004-03-26 06:00:00,2004-03-26,06:00:00,0.9,1004.75,4.045717310202204,713.25,103.0,1130.0,78.0,1363.0,923.5,7.9750002622604,71.75,0.7711145747825517
2004-03-26 07:00:00,2004-03-26,07:00:00,1.6,1122.0,6.652292699030296,841.5,132.0,1014.75,90.0,1438.0,974.25,8.5000001192093,66.27499961853,0.7375123781122757
2004-03-26 08:00:00,2004-03-26,08:00:00,3.4,1350.75,16.702495983514385,1201.0,239.0,783.25,110.0,1828.0,1306.75,9.7750000953674,59.60000038147,0.7213704052298594
2004-03-26 09:00:00,2004-03-26,09:00:00,3.8,1407.75,19.34400584703153,1278.0,275.0,681.75,114.0,1927.5,1480.75,11.150000095367,56.97500038147,0.7543693006457773
2004-03-26 10:00:00,2004-03-26,10:00:00,3.1,1303.75,14.775598053926103,1141.5,232.0,771.75,119.0,1747.25,1404.75,14.849999904633,44.125,0.7407076402903807
2004-03-26 11:00:00,2004-03-26,11:00:00,2.7,1206.75,13.431043277829003,1098.0,180.0,826.0,121.0,1663.5,1194.75,16.849999904633,35.349999427795,0.6729230427307409
2004-03-26 12:00:00,2004-03-26,12:00:00,2.0,1099.25,10.977346204363998,1013.5,112.0,947.75,97.0,1503.25,867.75,19.224999904633,27.099999904633,0.5976243895607846
2004-03-26 13:00:00,2004-03-26,13:00:00,2.3,1105.6666666667,12.535803547771687,1068.0,116.0,914.66666666667,99.0,1535.3333333333,874.0,19.099999745687,26.233332951864,0.5740849012491405
2004-03-26 14:00:00,2004-03-26,14:00:00,1.9,1009.25,8.4189190812524,916.25,103.0,1015.0,85.0,1390.5,738.0,16.349999904633,30.799999713898,0.5682559747419185
2004-03-26 15:00:00,2004-03-26,15:00:00,1.3,961.75,5.25237752206223,776.0,89.0,1151.5,75.0,1279.0,549.75,14.174999952316,36.825000286102,0.592244433013977
2004-03-26 16:00:00,2004-03-26,16:00:00,1.9,1093.25,8.826222726457212,932.5,112.0,975.5,87.0,1454.25,776.75,13.449999809265,40.974999427795,0.6292128397022791
2004-03-26 17:00:00,2004-03-26,17:00:00,2.3,1179.75,11.228614928035205,1022.5,127.0,886.25,102.0,1588.25,966.25,14.224999904633,43.274998664856,0.6981943882559115
2004-03-26 18:00:00,2004-03-26,18:00:00,2.4,1168.0,11.638524261032968,1037.0,125.0,868.25,105.0,1579.5,989.75,12.075000047684,45.550000190735,0.6403309171830182
2004-03-26 19:00:00,2004-03-26,19:00:00,2.7,1167.5,12.389162076428056,1063.0,120.0,875.5,98.0,1540.25,943.5,10.375,48.02499961853,0.6045590541541206
2004-03-26 20:00:00,2004-03-26,20:00:00,2.6,1139.5,10.591313617363795,999.5,120.0,916.0,93.0,1490.0,962.0,10.0,51.125,0.627987635123302
2004-03-26 21:00:00,2004-03-26,21:00:00,1.5,1000.75,5.982908820688995,811.0,99.0,1097.25,91.0,1308.25,777.75,9.8250000476837,50.824999809265,0.617182802411024
2004-03-26 22:00:00,2004-03-26,22:00:00,1.2,953.0,4.601079630929639,743.0,79.0,1185.25,85.0,1252.0,689.5,9.6749999523163,50.425000190735,0.6063281126407005
2004-03-26 23:00:00,2004-03-26,23:00:00,1.1,971.5,4.068437354625373,714.5,66.0,1236.5,74.0,1257.5,643.5,9.8500001430511,50.175000190735,0.6102893815255749
2004-03-27 00:00:00,2004-03-27,00:00:00,1.5,1021.0,5.247305750259137,775.75,94.0,1143.75,87.0,1306.5,753.0,9.400000333786,53.35000038147,0.6300102511032551
2004-03-27 01:00:00,2004-03-27,01:00:00,1.0,940.0,3.1860104697339597,663.5,70.0,1289.5,79.0,1232.0,646.0,8.625,57.824999809265,0.6488249169079522
2004-03-27 02:00:00,2004-03-27,02:00:00,1.2,1045.5,4.462938156393024,735.75,75.0,1142.25,78.0,1312.0,838.25,8.125,62.14999961853,0.6746284144009465
2004-03-27 03:00:00,2004-03-27,03:00:00,1.1,1026.0,3.790555459460099,699.0,53.5,1191.0,63.0,1291.5,851.25,7.8749998807907,63.474999427795,0.6776614806800293
2004-03-27 05:00:00,2004-03-27,05:00:00,0.8,915.25,1.9220071328834476,578.25,32.0,1417.0,48.0,1212.0,665.0,8.2499998807907,58.875000953674,0.6444011605636348
2004-03-27 06:00:00,2004-03-27,06:00:00,0.9,934.75,2.4372931460201444,615.25,54.0,1373.0,59.0,1249.75,717.0,6.3250000476837,66.599999427795,0.6410221565623528
2004-03-27 07:00:00,2004-03-27,07:00:00,1.1,976.25,3.268441768671755,668.5,68.0,1270.25,65.0,1266.25,794.5,7.1500000953674,62.875,0.6395822960862745
2004-03-27 08:00:00,2004-03-27,08:00:00,1.5,1123.75,6.663517615555966,842.0,98.0,1049.75,71.0,1418.0,935.5,7.1500000953674,63.89999961853,0.6500088823209779
2004-03-27 09:00:00,2004-03-27,09:00:00,1.8,1162.5,8.474825256908856,918.5,128.0,921.5,84.0,1530.25,1075.5,11.074999809265,50.499999046326,0.6653867773666517
2004-03-27 10:00:00,2004-03-27,10:00:00,2.1,1166.5,9.698220270852254,966.25,129.0,941.5,93.0,1519.75,1016.0,15.475000143051,36.14999961853,0.6312750080205722
2004-03-27 11:00:00,2004-03-27,11:00:00,2.1,1120.75,9.410170035043503,955.25,130.0,991.75,99.0,1450.75,833.75,17.849999904633,29.224999904633,0.5920464600312022
2004-03-27 12:00:00,2004-03-27,12:00:00,1.9,1071.25,9.010583552600266,939.75,111.0,993.75,93.0,1449.25,756.25,17.624999761581,30.099999904633,0.6013167306092636
2004-03-27 13:00:00,2004-03-27,13:00:00,2.1,1064.75,10.030033705078656,978.75,106.0,949.5,96.0,1467.25,766.0,19.074999809265,26.825000286102,0.586131112165905
2004-03-27 14:00:00,2004-03-27,14:00:00,2.5,1157.25,12.638889972455347,1071.5,137.0,888.25,114.0,1595.5,904.75,17.699999809265,28.574999809265,0.5735160349840353
2004-03-27 15:00:00,2004-03-27,15:00:00,1.9,1046.25,7.599353631659464,882.5,113.0,1051.25,101.0,1357.0,765.0,17.775000095367,28.449999809265,0.5736712627057369
2004-03-27 16:00:00,2004-03-27,16:00:00,2.2,1147.0,11.781322973571852,1042.0,122.0,933.5,108.0,1538.25,830.25,18.724999904633,25.974999904633,0.5554589378581296
2004-03-27 17:00:00,2004-03-27,17:00:00,2.3,1118.75,11.221602522216635,1022.25,137.0,916.25,117.0,1507.75,853.25,17.075000286102,31.275000095367,0.6037682247484637
2004-03-27 18:00:00,2004-03-27,18:00:00,2.7,1209.5,12.352616700065974,1061.75,165.0,885.5,125.0,1586.25,980.5,15.824999809265,36.074998855591,0.6440019510963166
2004-03-27 19:00:00,2004-03-27,19:00:00,3.0,1305.75,12.868432241320129,1079.25,196.0,826.75,133.0,1621.0,1285.75,14.674999952316,40.099999427795,0.6657200374161357
2004-03-27 20:00:00,2004-03-27,20:00:00,2.8,1257.5,12.206895761540563,1056.75,174.0,840.5,119.0,1632.75,1243.5,13.649999856949,44.949999809265,0.699129554929824
2004-03-27 21:00:00,2004-03-27,21:00:00,2.2,1148.25,8.76933794439815,930.25,140.0,947.5,107.0,1475.25,1056.25,12.5,48.075000762939,0.694596122292269
2004-03-27 22:00:00,2004-03-27,22:00:00,1.6,1107.75,6.787523688906004,847.5,102.0,1022.75,96.0,1420.75,1003.0,11.849999904633,50.824999809265,0.704175163007097
2004-03-27 23:00:00,2004-03-27,23:00:00,2.1,1230.75,8.6058859089994,923.75,130.0,906.0,105.0,1483.25,1244.5,10.924999952316,56.14999961853,0.7326481760306406
2004-03-28 00:00:00,2004-03-28,00:00:00,2.3,1292.5,8.934099266185445,936.75,121.0,929.75,102.0,1463.75,1200.25,10.875,55.949999809265,0.7276666130776173
2004-03-28 01:00:00,2004-03-28,01:00:00,2.3,1274.25,8.313749266595785,912.0,111.0,939.25,97.0,1451.0,1188.0,10.300000190735,58.10000038147,0.727811710387278
2004-03-28 02:00:00,2004-03-28,02:00:00,1.7,1135.25,6.335782437222818,827.25,87.0,1012.75,79.0,1394.5,1070.0,9.3000001907349,62.175000190735,0.7294090479235076
2004-03-28 03:00:00,2004-03-28,03:00:00,2.2,1151.0,8.29524842051841,911.25,82.0,935.25,74.0,1500.5,1074.5,8.2000000476837,66.700000762939,0.7276304381913364
2004-03-28 04:00:00,2004-03-28,04:00:00,1.3,1009.5,5.116173813476844,769.25,77.0,1109.75,69.0,1396.0,895.25,8.3000000715256,64.875001907349,0.7124307169300036
2004-03-28 05:00:00,2004-03-28,05:00:00,0.8,869.75,2.5966872968302512,626.0,39.0,1325.0,52.0,1283.75,755.25,9.6000001430511,58.5,0.6999687486603463
2004-03-28 06:00:00,2004-03-28,06:00:00,1.1,983.0,3.602773223770146,688.25,77.0,1250.75,62.0,1342.0,805.5,7.6750000715256,66.35000038147,0.6989901525427645
2004-03-28 07:00:00,2004-03-28,07:00:00,1.4,995.25,3.64173967489039,690.5,91.0,1219.0,69.0,1321.25,836.25,7.4250000715256,67.97500038147,0.7042758342585153
2004-03-28 08:00:00,2004-03-28,08:00:00,1.3,1024.25,4.682892421913301,747.25,105.0,1136.0,75.0,1382.0,897.25,9.6500000953674,58.599998474121,0.7034715294078068
2004-03-28 09:00:00,2004-03-28,09:00:00,1.9,1163.0,7.534155226996669,879.75,133.0,958.5,83.0,1486.25,1073.0,12.5,50.125,0.724214874204227
2004-03-28 10:00:00,2004-03-28,10:00:00,2.3,1217.75,8.965933937610119,938.0,128.0,917.75,94.0,1500.5,1088.0,16.825000286102,36.924999237061,0.7018082557636076
2004-03-28 11:00:00,2004-03-28,11:00:00,2.3,1210.0,9.468788047958288,957.5,126.0,932.5,96.0,1514.25,1036.0,19.175000190735,31.325000286102,0.6886775268735442
2004-03-28 12:00:00,2004-03-28,12:00:00,1.8,1113.5,7.694614864499808,886.5,92.0,1020.25,86.0,1438.0,768.25,21.300000190735,26.400000095367,0.6607430779429146
2004-03-28 13:00:00,2004-03-28,13:00:00,1.4,994.5,5.664861806391042,796.0,66.0,1159.25,72.0,1287.0,587.25,21.224999904633,23.14999961853,0.5767748630455667
2004-03-28 14:00:00,2004-03-28,14:00:00,1.0,926.5,3.803808114179806,699.75,50.0,1285.0,53.0,1189.25,452.0,18.625,25.025000095367,0.5318540525193962
2004-03-28 15:00:00,2004-03-28,15:00:00,1.4,1001.5,4.804320198215755,753.5,70.0,1188.5,65.0,1259.75,469.75,18.049999713898,27.275000095367,0.5594339224287499
2004-03-28 16:00:00,2004-03-28,16:00:00,1.3,986.75,4.303271193472167,727.25,73.0,1212.75,70.0,1244.0,501.75,18.199999809265,28.25,0.584836833830443
2004-03-28 17:00:00,2004-03-28,17:00:00,1.3,993.0,4.050256979222614,713.5,77.0,1216.5,75.0,1237.75,515.5,17.049999713898,31.375,0.6047552989864466
2004-03-28 18:00:00,2004-03-28,18:00:00,1.4,1011.5,4.653947132964057,745.75,86.0,1174.25,86.0,1300.5,554.5,15.625,35.0,0.6169967172353186
2004-03-28 19:00:00,2004-03-28,19:00:00,1.9,1113.75,6.237201055298119,822.75,93.0,1067.5,94.0,1357.25,670.75,14.100000143051,40.22500038147,0.6438456899717052
2004-03-28 20:00:00,2004-03-28,20:00:00,1.8,1093.25,5.508623133368252,788.5,105.0,1101.75,103.0,1329.0,787.5,13.425000190735,43.199998855591,0.6623204318935353
2004-03-28 21:00:00,2004-03-28,21:00:00,1.1,968.25,3.2808838245676197,669.25,67.0,1261.0,81.0,1245.5,538.25,12.325000047684,46.799999237061,0.6685970296466238
2004-03-28 22:00:00,2004-03-28,22:00:00,1.1,959.75,3.218875255436456,665.5,63.0,1266.0,80.0,1223.75,544.0,11.875,46.47500038147,0.6449478999799921
2004-03-28 23:00:00,2004-03-28,23:00:00,1.1,942.0,2.9322466012758994,647.75,63.0,1299.75,77.0,1204.0,499.5,11.5,46.64999961853,0.631851844976167
2004-03-29 00:00:00,2004-03-29,00:00:00,0.9,887.75,2.183593389348636,597.5,46.0,1396.25,58.0,1155.75,417.25,10.625000238419,47.950000762939,0.6135454303931761
2004-03-29 01:00:00,2004-03-29,01:00:00,0.6,817.75,1.2575500759428946,523.5,21.0,1587.5,31.0,1071.0,341.25,10.724999904633,45.775000572205,0.5895459442308844
2004-03-29 02:00:00,2004-03-29,02:00:00,0.5,840.25,1.1019592524649573,509.0,22.0,1643.0,38.0,1075.75,352.0,10.449999809265,46.64999961853,0.5901335881053779
2004-03-29 03:00:00,2004-03-29,03:00:00,0.7,894.0,1.2658352378612354,524.25,30.5,1557.0,48.5,1095.0,397.25,10.100000143051,47.824998855591,0.5913116840225768
2004-03-29 04:00:00,2004-03-29,04:00:00,0.6,863.66666666667,1.179554362055887,516.33333333333,39.0,1496.3333333333,59.0,1153.0,502.33333333333,11.333333333333,46.86666615804,0.6279623208551685
2004-03-29 05:00:00,2004-03-29,05:00:00,0.7,898.0,1.6779019605578074,559.25,55.0,1441.25,70.0,1179.75,648.25,10.125,51.199999809265,0.6340770912900695
2004-03-29 06:00:00,2004-03-29,06:00:00,0.9,945.5,2.853570498142365,642.75,76.0,1309.0,75.0,1231.75,759.5,9.8500001430511,50.700000762939,0.6166750770570743
2004-03-29 07:00:00,2004-03-29,07:00:00,2.9,1309.25,14.266927815926682,1125.25,181.0,844.25,103.0,1686.5,1183.0,8.1000000238419,56.75,0.6149907769284461
2004-03-29 08:00:00,2004-03-29,08:00:00,4.1,1326.25,19.74371427704641,1289.25,259.0,713.5,134.0,1805.5,1431.25,10.925000190735,44.050000190735,0.5747667500245283
2004-03-29 09:00:00,2004-03-29,09:00:00,1.5,966.25,5.4518029314463465,785.75,118.0,1111.25,98.0,1257.75,705.25,11.775000095367,37.599999427795,0.5184235105053019
2004-03-29 10:00:00,2004-03-29,10:00:00,1.5,975.0,5.596929682822607,792.75,119.0,1133.25,97.0,1254.0,637.25,13.850000143051,33.150000572205,0.522219546954398
2004-03-29 11:00:00,2004-03-29,11:00:00,1.5,988.25,5.807066327844245,802.75,123.0,1105.0,98.0,1292.5,658.25,15.575000286102,30.075000286102,0.528509453270279
2004-03-29 12:00:00,2004-03-29,12:00:00,1.4,971.0,5.456958023555496,786.0,92.0,1129.25,78.0,1271.5,546.0,16.500000238419,29.02499961853,0.5405616898275734
2004-03-29 13:00:00,2004-03-29,13:00:00,1.6,1009.75,6.457164646441118,832.75,91.0,1070.0,83.0,1332.25,561.0,17.474999904633,27.875,0.5517006195546249
2004-03-29 14:00:00,2004-03-29,14:00:00,1.5,983.5,5.544912138895297,790.25,103.0,1131.0,92.0,1267.5,531.75,17.900000095367,26.800000667572,0.544606056773643
2004-03-29 15:00:00,2004-03-29,15:00:00,1.4,961.5,5.247305750259137,775.75,102.0,1131.25,81.0,1247.0,535.25,18.150000095367,26.099999904633,0.5386580627191933
2004-03-29 16:00:00,2004-03-29,16:00:00,1.5,1012.0,5.770054202900989,801.0,94.0,1098.25,90.0,1288.75,525.0,17.974999427795,27.050000190735,0.5522473354811813
2004-03-29 17:00:00,2004-03-29,17:00:00,1.9,1058.0,7.910799352772567,895.5,98.0,995.75,95.0,1357.5,603.25,16.999999523163,28.925000190735,0.5557954959945705
2004-03-29 18:00:00,2004-03-29,18:00:00,2.5,1173.0,10.204454244911034,985.25,126.0,904.5,114.0,1476.75,802.25,16.10000038147,31.275000572205,0.5680436033297681
2004-03-29 19:00:00,2004-03-29,19:00:00,2.1,1126.5,8.196874198144533,907.25,108.0,956.5,106.0,1403.5,796.25,14.549999952316,35.449999809265,0.5838761514450106
2004-03-29 20:00:00,2004-03-29,20:00:00,1.6,1019.5,5.691082532681572,797.25,95.0,1065.75,99.0,1302.0,688.75,13.225000143051,37.875,0.5732960987674435
2004-03-29 21:00:00,2004-03-29,21:00:00,1.2,948.75,3.799388371647828,699.5,78.0,1220.5,90.0,1177.5,553.0,13.125,34.374999523163,0.5169958921407884
2004-03-29 22:00:00,2004-03-29,22:00:00,1.1,929.5,3.977882954308811,709.5,61.0,1278.0,82.0,1136.5,509.25,13.549999952316,28.499999523163,0.4404525393661916
2004-03-29 23:00:00,2004-03-29,23:00:00,1.0,899.75,2.8496606572459786,642.5,55.0,1338.75,74.0,1089.25,455.0,12.424999952316,31.875000476837,0.4583174182501161
2004-03-30 00:00:00,2004-03-30,00:00:00,1.0,898.75,2.6495095616042814,629.5,57.0,1417.5,76.0,1050.25,425.0,13.125,26.75,0.4023168089194366
2004-03-30 01:00:00,2004-03-30,01:00:00,0.7,866.25,1.804617397022203,569.25,41.0,1467.5,66.0,1055.25,435.5,11.649999856949,33.599999904633,0.4595395192830382
2004-03-30 02:00:00,2004-03-30,02:00:00,0.7,899.75,1.7249591914596851,563.0,46.0,1402.0,73.0,1129.5,618.0,10.5,42.875,0.5441522453763333
2004-03-30 03:00:00,2004-03-30,03:00:00,0.8,949.0,1.442220421528291,539.75,49.0,1456.75,72.0,1104.0,747.25,11.674999952316,38.675000190735,0.5298059291862145
2004-03-30 05:00:00,2004-03-30,05:00:00,0.7,956.0,2.2857806756960337,604.75,52.0,1341.25,71.0,1116.75,691.0,12.924999952316,33.924999237061,0.5037261536559368
2004-03-30 06:00:00,2004-03-30,06:00:00,1.1,1054.0,5.313401621471466,779.0,111.0,1079.5,98.0,1265.75,1012.75,11.274999856949,40.27499961853,0.537601948523615
2004-03-30 07:00:00,2004-03-30,07:00:00,2.6,1343.25,13.378099027683405,1096.25,191.0,838.5,115.0,1586.5,1310.75,11.900000095367,38.425000190735,0.5340979361580392
2004-03-30 08:00:00,2004-03-30,08:00:00,4.0,1583.5,23.81445830704887,1398.75,244.0,642.25,130.0,1946.75,1675.0,13.324999809265,35.550001144409,0.541559228531225
2004-03-30 09:00:00,2004-03-30,09:00:00,4.2,1555.75,21.488111149528635,1337.25,283.0,673.5,150.0,1852.25,1688.5,16.325000286102,28.799999713898,0.5305244760933587
2004-03-30 10:00:00,2004-03-30,10:00:00,4.7,1564.75,20.981985953180125,1323.5,320.0,694.5,159.0,1872.0,1687.75,17.900000095367,28.249999523163,0.5740716589900348
2004-03-30 11:00:00,2004-03-30,11:00:00,3.9,1428.5,18.381657068639186,1250.5,249.0,734.25,146.0,1754.25,1548.25,18.25,26.625,0.552903118043697
2004-03-30 12:00:00,2004-03-30,12:00:00,3.7,1418.5,18.94778792993442,1266.75,219.0,742.25,138.0,1763.0,1490.25,20.800000190735,22.5,0.5463066881985376
2004-03-30 13:00:00,2004-03-30,13:00:00,3.4,1373.25,17.10326171179337,1213.0,200.0,791.0,128.0,1710.5,1353.75,22.449999809265,19.950000286102,0.5351852806629579
2004-03-30 14:00:00,2004-03-30,14:00:00,2.2,1185.25,10.373373792087865,991.5,138.0,941.75,97.0,1447.75,1013.5,20.900000095367,21.674999713898,0.5294825140210498
2004-03-30 15:00:00,2004-03-30,15:00:00,1.9,1122.25,7.953131497568524,897.25,118.0,991.0,91.0,1371.75,831.25,19.075000286102,26.5,0.5790298140613147
2004-03-30 16:00:00,2004-03-30,16:00:00,1.6,1084.5,6.166413663112407,819.5,99.0,1059.75,81.0,1325.0,698.75,18.124999523163,30.550000190735,0.6295234045510375
2004-03-30 17:00:00,2004-03-30,17:00:00,2.1,1248.5,9.731187323395478,967.5,112.0,874.0,99.0,1526.5,925.5,17.275000095367,34.72500038147,0.6787764243010617
2004-03-30 18:00:00,2004-03-30,18:00:00,2.2,1236.25,9.593046413094704,962.25,117.0,853.25,101.0,1531.5,928.0,15.849999666214,40.425000190735,0.7227924514151022
2004-03-30 19:00:00,2004-03-30,19:00:00,2.7,1334.0,11.924863429687202,1047.0,129.0,814.75,106.0,1638.0,1038.0,15.924999952316,41.97500038147,0.754052803017719
2004-03-30 20:00:00,2004-03-30,20:00:00,2.4,1263.5,8.706316634357416,927.75,132.0,884.25,102.0,1534.0,1034.5,15.875,43.5,0.7789963988414559
2004-03-30 21:00:00,2004-03-30,21:00:00,1.3,1072.75,4.653947132964057,745.75,73.0,1071.5,84.0,1359.75,788.75,15.025000095367,46.14999961853,0.7833264781348421
2004-03-30 22:00:00,2004-03-30,22:00:00,1.2,1052.5,3.830372555883701,701.25,68.0,1147.0,81.0,1323.25,692.25,15.050000190735,44.550000190735,0.7573651897974522
2004-03-30 23:00:00,2004-03-30,23:00:00,1.5,1097.75,4.678062894272762,747.0,80.0,1094.0,91.0,1360.0,763.75,14.850000143051,43.500000953674,0.7302160576861134
2004-03-31 00:00:00,2004-03-31,00:00:00,1.3,1028.75,3.848125952943005,702.25,68.0,1180.0,82.0,1286.5,639.25,14.775000095367,41.0,0.6849883418385199
2004-03-31 01:00:00,2004-03-31,01:00:00,1.0,972.5,2.676090587829464,631.25,44.0,1287.25,64.0,1239.75,540.75,14.750000238419,40.849999427795,0.6814022247302514
2004-03-31 02:00:00,2004-03-31,02:00:00,0.9,972.0,2.787414370831833,638.5,47.0,1222.0,70.0,1256.25,677.75,14.825000047684,40.77499961853,0.6833899677975457
2004-03-31 03:00:00,2004-03-31,03:00:00,0.5,832.25,0.9724494566891972,496.25,31.0,1612.5,48.0,1065.75,381.0,14.199999809265,36.14999961853,0.5823138414949435
2004-03-31 04:00:00,2004-03-31,04:00:00,0.5,850.5,0.7901587664876446,477.0,15.0,1699.0,26.0,1064.25,343.0,14.525000095367,36.050000190735,0.592817291859612
2004-03-31 05:00:00,2004-03-31,05:00:00,0.6,909.0,1.504175249891816,545.0,44.0,1472.75,58.0,1130.5,436.0,14.575000286102,36.049999237061,0.5947008519437857
2004-03-31 06:00:00,2004-03-31,06:00:00,1.0,1037.5,3.5210984059647115,683.5,85.0,1219.75,93.0,1279.0,687.5,14.424999952316,38.5,0.6290996907149704
2004-03-31 07:00:00,2004-03-31,07:00:00,3.1,1635.5,15.621359219570662,1168.0,207.0,720.5,110.0,1926.25,1437.75,13.775000095367,58.224999427795,0.9128551665206912
2004-03-31 08:00:00,2004-03-31,08:00:00,4.1,1580.25,19.9493542369401,1295.0,230.0,639.25,115.0,1956.5,1488.75,13.224999904633,61.14999961853,0.9255988299860036
2004-03-31 09:00:00,2004-03-31,09:00:00,2.2,1261.75,8.599625488406302,923.5,181.0,872.25,125.0,1575.5,1092.75,10.400000095367,74.424999237061,0.9384247168190674
2004-03-31 10:00:00,2004-03-31,10:00:00,1.7,1196.5,6.540487668220774,836.5,144.0,956.75,118.0,1498.0,964.5,11.450000047684,70.97500038147,0.958211479007706
2004-03-31 11:00:00,2004-03-31,11:00:00,1.9,1276.75,7.682679548673003,886.0,140.0,901.5,109.0,1578.5,1003.75,12.200000047684,70.02499961853,0.9923662650839769
2004-03-31 12:00:00,2004-03-31,12:00:00,2.9,1429.5,11.30587461136357,1025.25,204.0,779.0,123.0,1771.5,1165.75,12.275000095367,73.324998855591,1.0441698361334115
2004-03-31 13:00:00,2004-03-31,13:00:00,2.2,1242.25,9.125830725364114,944.25,149.0,846.0,114.0,1638.25,990.75,11.25,78.124998092651,1.0411431251352763
2004-03-31 14:00:00,2004-03-31,14:00:00,2.6,1348.5,11.235629201385404,1022.75,171.0,804.0,114.0,1748.0,1053.5,13.625,69.200000762939,1.074585128800994
2004-03-31 15:00:00,2004-03-31,15:00:00,3.1,1389.75,13.484076653735867,1099.75,195.0,755.0,119.0,1798.75,1191.5,14.875000238419,59.324999809265,0.99744100396026
2004-03-31 16:00:00,2004-03-31,16:00:00,2.3,1223.5,10.050093703546924,979.5,152.0,850.25,111.0,1637.0,1054.5,15.675000190735,50.875,0.8996766723707865
2004-03-31 17:00:00,2004-03-31,17:00:00,2.4,1252.5,11.319946086587374,1025.75,128.0,809.5,103.0,1681.0,1047.5,15.200000047684,52.949999809265,0.9087412043656884
2004-03-31 18:00:00,2004-03-31,18:00:00,2.8,1312.0,11.752703849058946,1041.0,121.0,820.5,103.0,1711.5,1072.5,15.5,50.77499961853,0.8880646969354563
2004-03-31 19:00:00,2004-03-31,19:00:00,2.7,1254.3333333333,11.524820242423964,1033.0,142.0,818.66666666667,107.0,1669.0,1068.3333333333,14.300000190735,52.93333307902,0.8581026323307125
2004-03-31 20:00:00,2004-03-31,20:00:00,2.3,1198.0,9.345221010408595,952.75,131.0,881.5,105.0,1588.25,1018.5,13.174999713898,55.974999427795,0.8445584259611326
2004-03-31 21:00:00,2004-03-31,21:00:00,1.5,1060.25,5.467274438558492,786.5,81.0,1044.0,91.0,1418.0,833.0,12.649999856949,57.0,0.8315308836353055
2004-03-31 22:00:00,2004-03-31,22:00:00,1.4,1050.0,5.101134317941586,768.5,60.0,1078.25,79.0,1408.75,758.5,12.275000095367,57.750000953674,0.8223772243251011
2004-03-31 23:00:00,2004-03-31,23:00:00,1.2,1029.25,4.804320198215755,753.5,57.0,1097.5,79.0,1395.25,749.0,11.974999904633,58.449999809265,0.8163871397638851
2004-04-01 00:00:00,2004-04-01,00:00:00,1.6,1143.0,6.29188712636252,825.25,96.0,985.5,86.0,1477.25,978.25,11.950000047684,61.624999046326,0.8593442034755616
2004-04-01 01:00:00,2004-04-01,01:00:00,1.2,1043.75,5.121191172765745,769.5,85.0,1031.25,70.0,1424.75,944.25,11.499999761581,63.875,0.865156190872878
2004-04-01 02:00:00,2004-04-01,02:00:00,1.1,1034.0,4.086652431771937,715.5,50.0,1085.0,55.0,1405.0,891.25,10.674999952316,67.224998474121,0.8629879858643917
2004-04-01 03:00:00,2004-04-01,03:00:00,0.9,956.25,4.045717310202204,713.25,53.5,1098.5,52.0,1421.5,848.75,8.974999666214,73.10000038147,0.839403459888452
2004-04-01 04:00:00,2004-04-01,04:00:00,0.7,909.25,2.433637604423108,615.0,57.0,1237.0,49.0,1321.5,789.5,10.225000143051,66.574999809265,0.8298975601272053
2004-04-01 05:00:00,2004-04-01,05:00:00,0.9,996.0,2.940164345363524,648.25,64.0,1175.5,50.0,1339.75,852.0,10.950000047684,63.699998855591,0.8325141696783469
2004-04-01 06:00:00,2004-04-01,06:00:00,1.7,1153.5,7.445634592498937,876.0,153.0,1001.5,67.0,1560.5,987.25,9.625,68.775001525879,0.8242643582344042
2004-04-01 07:00:00,2004-04-01,07:00:00,4.2,1510.25,19.788341330849207,1290.5,342.0,675.25,94.0,1949.0,1434.5,9.5,69.60000038147,0.8273289711599782
2004-04-01 08:00:00,2004-04-01,08:00:00,6.2,1721.5,31.918570747839304,1595.25,378.0,538.75,119.0,2438.5,1797.75,11.875,60.925001144409,0.8454750128422129
2004-04-01 09:00:00,2004-04-01,09:00:00,4.6,1511.5,20.97283131106031,1323.25,304.0,631.0,139.0,2001.0,1676.5,16.225000143051,48.575000762939,0.8892074859917042
2004-04-01 10:00:00,2004-04-01,10:00:00,2.8,1258.25,11.716971682644164,1039.75,192.0,799.5,113.0,1700.75,1281.75,19.150000095367,39.599999427795,0.8692660766529969
2004-04-01 11:00:00,2004-04-01,11:00:00,1.6,1093.75,6.832858302767715,849.5,130.0,970.25,88.0,1488.75,871.25,19.724999904633,38.449998855591,0.874323849183893
2004-04-01 12:00:00,2004-04-01,12:00:00,1.7,1128.75,7.427984010652609,875.25,106.0,974.0,73.0,1523.75,759.25,20.60000038147,36.674999237061,0.8797143487757445
2004-04-01 13:00:00,2004-04-01,13:00:00,1.7,1124.5,8.599625488406302,923.5,102.0,936.5,73.0,1541.5,789.5,21.849999427795,33.900001525879,0.8771400609158182
2004-04-01 14:00:00,2004-04-01,14:00:00,1.7,1170.375,10.556362436101029,990.7916666666749,99.0,900.7083333333325,72.0,1454.375,888.9583333333251,22.287499507268002,32.308334350586,0.8556699233275338
2004-04-01 15:00:00,2004-04-01,15:00:00,1.9,1216.25,12.513099383795758,1058.0833333333499,108.0,864.9166666666649,81.0,1367.25,988.41666666665,22.724999586741,30.716667175292997,0.8341997857392495
2004-04-01 16:00:00,2004-04-01,16:00:00,2.3,1262.125,14.469836331490486,1125.375000000025,131.0,829.1249999999975,93.0,1280.125,1087.874999999975,23.162499666214,29.125,0.8127296481509652
2004-04-01 17:00:00,2004-04-01,17:00:00,3.3,1308.0,16.426573279185213,1192.6666666667,163.0,793.33333333333,106.0,1193.0,1187.3333333333,23.599999745687,27.533332824707,0.7912595105626807
2004-04-01 18:00:00,2004-04-01,18:00:00,4.2,1528.5,21.24821101577617,1330.75,211.0,700.25,132.0,2028.25,1398.75,22.849999904633,32.074999809265,0.8813611484449144
2004-04-01 19:00:00,2004-04-01,19:00:00,5.5,1592.25,25.00579678945213,1429.25,267.0,623.75,164.0,2089.0,1644.0,20.750000476837,36.674999237061,0.8877776025766839
2004-04-01 20:00:00,2004-04-01,20:00:00,4.9,1535.75,20.20993301920428,1302.25,269.0,666.0,161.0,1921.75,1598.75,18.25,40.900000572205,0.8493422664548784
2004-04-01 21:00:00,2004-04-01,21:00:00,2.5,1192.25,10.79738414281125,1007.0,154.0,827.0,124.0,1604.0,1223.25,16.775000095367,44.02499961853,0.834143825684035
2004-04-01 22:00:00,2004-04-01,22:00:00,2.0,1186.0,9.943304590471374,975.5,127.0,844.0,113.0,1570.25,1200.0,15.825000047684,48.0,0.8568841329653735
2004-04-01 23:00:00,2004-04-01,23:00:00,2.0,1202.75,8.518416854434964,920.25,122.0,897.75,103.0,1528.5,1117.75,14.899999856949,52.000000953674,0.8756691527781013
2004-04-02 00:00:00,2004-04-02,00:00:00,2.0,1139.0,7.98342769496114,898.5,126.0,921.25,104.0,1514.25,1066.5,14.075000047684,54.449999809265,0.870146830575278
2004-04-02 01:00:00,2004-04-02,01:00:00,1.3,1072.25,5.633465103186379,794.5,84.0,985.5,93.0,1441.75,1048.0,13.25,58.849999427795,0.8922118510101595
2004-04-02 02:00:00,2004-04-02,02:00:00,1.0,954.25,3.2436181473100727,667.0,58.0,1179.5,60.0,1350.25,717.5,13.25,60.875000953674,0.922912452153234
2004-04-02 03:00:00,2004-04-02,03:00:00,0.9,951.25,3.335032082092045,672.5,57.0,1137.0,63.0,1380.75,796.5,11.774999856949,64.324999809265,0.8869040480731224
2004-04-02 05:00:00,2004-04-02,05:00:00,0.7,968.0,2.630592414772159,628.25,56.0,1196.5,66.0,1371.5,736.75,11.275000095367,72.949998855591,0.9737569834389204
2004-04-02 06:00:00,2004-04-02,06:00:00,1.1,1066.5,4.298612683193852,727.0,91.0,1054.75,82.0,1447.5,903.25,11.424999952316,71.75,0.9671055114540952
2004-04-02 07:00:00,2004-04-02,07:00:00,2.6,1385.75,12.987594194106656,1083.25,159.0,797.5,109.0,1832.5,1159.0,11.924999952316,73.650001525879,1.0253719725163488
2004-04-02 08:00:00,2004-04-02,08:00:00,3.9,1473.5,20.345280485597808,1306.0,190.0,633.5,114.0,2059.75,1365.25,12.625,70.175001144409,1.0220869736325957
2004-04-02 09:00:00,2004-04-02,09:00:00,5.0,1569.0,20.71719326968445,1316.25,249.0,634.0,139.0,2054.0,1509.5,13.625,65.274997711182,1.01363498626609
2004-04-02 10:00:00,2004-04-02,10:00:00,3.3,1374.5,15.896882599847912,1176.5,196.0,705.75,127.0,1897.75,1385.75,16.949999809265,52.27499961853,1.0013385620112398
2004-04-02 11:00:00,2004-04-02,11:00:00,2.9,1327.5,14.189345912451454,1122.75,180.0,738.25,127.0,1821.0,1368.0,19.449999809265,44.074999809265,0.9854840777057464
2004-04-02 12:00:00,2004-04-02,12:00:00,3.1,1340.75,15.888749669624614,1176.25,167.0,747.75,135.0,1824.5,1346.5,22.900000095367,33.825000286102,0.9322369653333064
2004-04-02 13:00:00,2004-04-02,13:00:00,3.0,1296.5,16.092604901165874,1182.5,159.0,764.5,130.0,1773.0,1241.5,23.624999523163,31.275000095367,0.90012924887395
2004-04-02 14:00:00,2004-04-02,14:00:00,2.7,1303.0,14.68111821023768,1138.5,152.0,790.25,126.0,1760.75,1138.0,24.72500038147,30.499999523163,0.9370989211895212
2004-04-02 15:00:00,2004-04-02,15:00:00,2.7,1281.0,13.97307689958168,1115.75,149.0,808.75,121.0,1702.5,1079.5,26.125000476837,27.27499961853,0.910051548047372
2004-04-02 16:00:00,2004-04-02,16:00:00,2.6,1247.75,13.56759476190408,1102.5,143.0,871.5,122.0,1632.25,1002.0,27.574999809265,22.824999809265,0.8288101112400023
2004-04-02 17:00:00,2004-04-02,17:00:00,3.7,1382.0,19.69913018617026,1288.0,185.0,777.75,138.0,1799.0,1212.25,26.875,22.349999904633,0.7791626660382895
2004-04-02 18:00:00,2004-04-02,18:00:00,4.5,1491.25,23.29507783426013,1385.25,223.0,685.0,165.0,1915.25,1486.25,24.275000095367,30.124999523163,0.9012158825040008
2004-04-02 19:00:00,2004-04-02,19:00:00,4.7,1619.75,24.143977510134107,1407.25,215.0,641.0,154.0,2051.75,1567.25,21.224999904633,40.050000190735,0.997832991603864
2004-04-02 20:00:00,2004-04-02,20:00:00,5.5,1693.0,25.39185365635481,1439.0,271.0,617.75,168.0,2083.25,1722.5,19.425000190735,42.474999427795,0.9482539617221298
2004-04-02 21:00:00,2004-04-02,21:00:00,3.0,1373.5,14.142883364271055,1121.25,180.0,770.75,146.0,1685.25,1399.25,18.499999523163,43.02499961853,0.907379859945666
2004-04-02 22:00:00,2004-04-02,22:00:00,1.9,1287.25,10.123793161712667,982.25,115.0,841.25,124.0,1582.0,1290.5,17.77499961853,46.950000762939,0.94670880862635
2004-04-02 23:00:00,2004-04-02,23:00:00,2.3,1408.25,12.076377763385809,1052.25,149.0,761.0,124.0,1683.5,1442.5,16.799999713898,53.224999427795,1.0100328275036838
2004-04-03 00:00:00,2004-04-03,00:00:00,1.6,1254.25,9.029748042099776,940.5,98.0,828.0,106.0,1566.25,1269.5,17.075000286102,51.75,0.9990409443791354
2004-04-03 01:00:00,2004-04-03,01:00:00,1.3,1140.75,6.31930644980548,826.5,73.0,935.5,88.0,1488.25,1109.75,16.249999761581,54.174999237061,0.9932762128755724
2004-04-03 02:00:00,2004-04-03,02:00:00,1.2,1140.75,5.277767706408433,777.25,69.0,986.0,83.0,1455.25,1059.75,15.050000190735,58.150000572205,0.9885698323576908
2004-04-03 03:00:00,2004-04-03,03:00:00,0.9,1041.75,3.7597093215051673,697.25,64.5,1055.75,78.5,1410.0,964.75,15.050000190735,57.625,0.9796446436638756
2004-04-03 04:00:00,2004-04-03,04:00:00,0.8,986.25,2.9878617985251053,651.25,60.0,1144.5,74.0,1380.25,891.0,14.450000047684,57.975001335144,0.9488310828175042
2004-04-03 05:00:00,2004-04-03,05:00:00,0.8,1005.0,3.347581466611277,673.25,56.0,1103.0,64.0,1387.25,904.5,13.725000143051,61.625,0.9630834431490052
2004-04-03 06:00:00,2004-04-03,06:00:00,0.9,1040.75,3.5082754249705093,682.75,73.0,1112.25,69.0,1397.5,898.75,13.874999761581,59.625,0.9407844330219806
2004-04-03 07:00:00,2004-04-03,07:00:00,2.0,1271.75,9.501420645894047,958.75,159.0,845.5,91.0,1659.75,1136.25,13.325000047684,61.699999809265,0.9399213426499732
2004-04-03 08:00:00,2004-04-03,08:00:00,3.0,1436.25,15.172041243505564,1154.0,203.0,704.0,96.0,1872.25,1390.75,15.050000190735,55.800000190735,0.9486190247860612
2004-04-03 09:00:00,2004-04-03,09:00:00,3.1,1471.75,14.274695923974273,1125.5,211.0,719.5,106.0,1816.0,1460.0,16.974999904633,50.474999427795,0.9683685256436289
2004-04-05 10:00:00,2004-04-05,10:00:00,3.1,1460.75,14.305786381113023,1126.5,236.0,702.5,124.0,1836.25,1450.75,15.550000190735,57.424999237061,1.0075441570496249
2004-04-05 11:00:00,2004-04-05,11:00:00,3.0,1429.75,13.704734690088378,1107.0,228.0,713.25,121.0,1852.75,1409.25,16.64999961853,55.224999427795,1.0382077156536984
2004-04-05 12:00:00,2004-04-05,12:00:00,3.2,1498.25,15.702182283122928,1170.5,206.0,683.5,114.0,1941.5,1433.75,17.0,54.300000190735,1.043377570861781
2004-04-05 13:00:00,2004-04-05,13:00:00,3.1,1453.5,15.420080106108864,1161.75,188.0,681.5,114.0,1915.25,1457.0,18.02499961853,51.52499961853,1.0551873820329405
2004-04-05 14:00:00,2004-04-05,14:00:00,2.5,1402.25,12.55786319242134,1068.75,158.0,732.5,106.0,1792.5,1324.75,19.5,47.5,1.0653261891204455
2004-04-05 15:00:00,2004-04-05,15:00:00,2.1,1327.0,9.817124758804075,970.75,124.0,803.25,89.0,1704.75,1120.0,21.575000286102,41.675000190735,1.060550430859653
2004-04-05 16:00:00,2004-04-05,16:00:00,2.0,1273.0,9.612729263697018,963.0,98.0,832.0,82.0,1662.0,931.0,22.175000667572,38.299999237061,1.0105918398252391
2004-04-05 17:00:00,2004-04-05,17:00:00,3.2,1456.75,16.33046358954291,1189.75,160.0,677.75,111.0,1876.5,1212.0,20.275000572205,42.75,1.0053293261816674
2004-04-05 18:00:00,2004-04-05,18:00:00,4.1,1542.75,19.761559943817087,1289.75,194.0,631.0,132.0,2011.0,1353.25,19.72500038147,45.35000038147,1.0312246874299091
2004-04-05 19:00:00,2004-04-05,19:00:00,3.9,1499.25,17.99401672262385,1239.25,174.0,650.75,121.0,1956.5,1358.75,18.800000190735,47.47500038147,1.0199260904465013
2004-04-05 20:00:00,2004-04-05,20:00:00,3.1,1378.25,13.559993122694276,1102.25,157.0,742.25,116.0,1795.75,1272.75,17.924999713898,49.449999809265,1.0064378607173432
2004-04-05 21:00:00,2004-04-05,21:00:00,2.0,1242.5,8.706316634357416,927.75,109.0,851.75,100.0,1622.0,1078.75,17.5,50.89999961853,1.0089772355664224
2004-04-05 22:00:00,2004-04-05,22:00:00,1.7,1195.5,7.664791387485363,885.25,85.0,883.75,89.0,1588.75,972.5,17.424999713898,51.849999427795,1.0230268132897535
2004-04-05 23:00:00,2004-04-05,23:00:00,1.6,1137.25,7.287422947152213,869.25,90.0,889.75,92.0,1553.75,951.25,17.02499961853,53.85000038147,1.0363455080563233
2004-04-06 00:00:00,2004-04-06,00:00:00,1.0,1015.25,4.123186600036092,717.5,61.0,1065.25,71.0,1427.75,714.25,16.625,55.449999809265,1.0408092259029822
2004-04-06 01:00:00,2004-04-06,01:00:00,0.8,977.5,2.729591596001178,634.75,36.0,1187.5,51.0,1381.75,579.0,15.900000333786,57.0,1.0223592859459796
2004-04-06 02:00:00,2004-04-06,02:00:00,0.5,933.33333333333,1.5320666279847972,547.33333333333,25.0,1357.3333333333,39.0,1336.0,542.33333333333,15.033333142598,59.233333587646,1.0059262147828834
2004-04-06 03:00:00,2004-04-06,03:00:00,0.5,926.5,1.9352447455465327,579.25,24.5,1267.25,37.0,1370.0,561.5,14.450000047684,61.35000038147,1.0040670280677946
2004-04-06 04:00:00,2004-04-06,04:00:00,0.5,907.75,1.7981883753610235,568.75,24.0,1303.0,35.0,1360.25,525.75,14.125000238419,61.64999961853,0.9883477311012104
2004-04-06 05:00:00,2004-04-06,05:00:00,0.8,979.5,3.402194127528105,676.5,73.0,1141.0,64.0,1434.5,659.0,14.599999904633,58.77499961853,0.971123799374813
2004-04-06 06:00:00,2004-04-06,06:00:00,1.7,1236.25,8.499723066346661,919.5,164.0,879.75,94.0,1641.0,1011.75,14.375,58.89999961853,0.9593893500490736
2004-04-06 07:00:00,2004-04-06,07:00:00,4.5,1664.0,24.13425822251112,1407.0,329.0,594.25,134.0,2198.0,1563.75,15.299999952316,55.224999427795,0.9537883559086512
2004-04-06 08:00:00,2004-04-06,08:00:00,6.2,1757.25,33.7131921813212,1635.75,302.0,493.75,129.0,2560.0,1806.0,16.175000190735,52.47500038147,0.9575924601680932
2004-04-06 09:00:00,2004-04-06,09:00:00,4.4,1524.0,21.971351482758013,1350.25,256.0,588.0,125.0,2096.0,1603.75,18.449999809265,46.299999237061,0.9734382393846188
2004-04-06 10:00:00,2004-04-06,10:00:00,2.9,1329.25,14.057870825978648,1118.5,182.0,707.0,107.0,1823.25,1288.25,19.575000286102,41.750000953674,0.9406805877414648
2004-04-06 11:00:00,2004-04-06,11:00:00,1.6,1166.5,7.623121501642551,883.5,105.0,881.0,78.0,1580.0,931.25,20.150000095367,40.14999961853,0.93701221325556
2004-04-06 12:00:00,2004-04-06,12:00:00,2.6,1368.75,14.469484108022469,1131.75,136.0,715.0,91.0,1818.25,1161.5,20.874999523163,36.64999961853,0.8939372165648346
2004-04-06 13:00:00,2004-04-06,13:00:00,2.9,1283.5,13.582803488725444,1103.0,167.0,755.25,116.0,1704.0,1064.25,20.400000572205,34.724999427795,0.82285662608937
2004-04-06 14:00:00,2004-04-06,14:00:00,2.5,1221.25,11.496468626062793,1032.0,166.0,811.25,131.0,1629.5,912.5,19.25,35.375000953674,0.781308262789888
2004-04-06 15:00:00,2004-04-06,15:00:00,1.9,1096.0,9.203008830704247,947.25,115.0,871.5,113.0,1518.75,683.5,18.575000286102,36.949998855591,0.7828762567069473
2004-04-06 16:00:00,2004-04-06,16:00:00,1.9,1143.0,10.278633174525403,988.0,109.0,849.25,98.0,1589.75,710.0,18.775000095367,36.75,0.7883009974016415
2004-04-06 17:00:00,2004-04-06,17:00:00,2.7,1251.25,13.96537920780899,1115.5,143.0,759.5,116.0,1716.25,922.5,17.549999713898,40.574999809265,0.8068108689475354
2004-04-06 18:00:00,2004-04-06,18:00:00,3.0,1267.5,14.96533229143403,1147.5,159.0,727.75,120.0,1775.75,1005.5,16.849999904633,44.275000572205,0.8428194790443849
2004-04-06 19:00:00,2004-04-06,19:00:00,3.3,1314.0,15.052638534591573,1150.25,181.0,725.75,126.0,1783.5,1083.0,16.25,47.699999809265,0.8745597884676989
2004-04-06 20:00:00,2004-04-06,20:00:00,3.2,1314.75,14.799258378177408,1142.25,178.0,724.0,126.0,1807.25,1160.75,15.649999856949,50.675000190735,0.8947304855010257
2004-04-06 21:00:00,2004-04-06,21:00:00,1.8,1094.5,8.468605670477224,918.25,91.0,895.75,90.0,1527.25,799.5,15.724999904633,49.425000190735,0.8767897403209677
2004-04-06 22:00:00,2004-04-06,22:00:00,1.3,1026.5,5.90803588370757,807.5,76.0,996.25,81.0,1457.75,647.0,15.775000333786,48.625,0.8653158968416734
2004-04-06 23:00:00,2004-04-06,23:00:00,1.1,1011.75,4.765319158079068,751.5,66.0,1053.25,74.0,1392.5,649.0,15.699999809265,47.0,0.832459893714118
2004-04-07 00:00:00,2004-04-07,00:00:00,0.9,947.75,3.986899272938557,710.0,56.0,1127.25,67.0,1352.0,575.0,15.700000047684,45.85000038147,0.812091213130173
2004-04-07 01:00:00,2004-04-07,01:00:00,0.7,888.5,2.264475119028675,603.25,35.0,1307.5,46.0,1271.0,455.25,15.625,44.924999237061,0.7919593443161665
2004-04-07 02:00:00,2004-04-07,02:00:00,0.4,830.0,1.4218161094645745,538.0,21.0,1475.25,30.0,1213.5,391.75,15.625000238419,44.400000572205,0.7827044288458469
2004-04-07 03:00:00,2004-04-07,03:00:00,0.3,800.5,0.672056530286279,463.5,16.5,1749.0,24.5,1154.0,340.0,16.125000238419,42.424999237061,0.771769502587721
2004-04-07 04:00:00,2004-04-07,04:00:00,0.3,804.25,0.7126810127135328,468.25,12.0,1826.25,19.0,1166.25,319.5,15.725000143051,45.449999809265,0.8062740308440627
2004-04-07 05:00:00,2004-04-07,05:00:00,0.3,823.5,0.796957826375638,477.75,22.0,1704.75,32.0,1200.0,331.0,15.25,50.050000190735,0.8616871134203429
2004-04-07 06:00:00,2004-04-07,06:00:00,0.8,999.75,3.5941382910062885,687.75,55.0,1257.0,61.0,1398.0,425.75,14.200000047684,58.625000953674,0.9443471754045216
2004-04-07 07:00:00,2004-04-07,07:00:00,2.8,1306.5,12.935403223060518,1081.5,152.0,776.75,111.0,1768.75,830.25,14.299999713898,58.175000190735,0.94307530591573
2004-04-07 08:00:00,2004-04-07,08:00:00,3.1,1286.25,15.718368230168371,1171.0,153.0,715.5,102.0,1821.0,1005.5,15.000000238419,52.02499961853,0.881650693427237
2004-04-07 09:00:00,2004-04-07,09:00:00,2.3,1149.75,8.624678823055866,924.5,152.0,865.25,116.0,1576.25,819.75,13.600000143051,61.400000572205,0.9519403600439108
2004-04-07 10:00:00,2004-04-07,10:00:00,1.6,1086.5,7.439749080835974,875.75,112.0,910.5,96.0,1553.75,737.0,16.149999856949,53.10000038147,0.967479100056222
2004-04-07 11:00:00,2004-04-07,11:00:00,1.5,1016.0,6.596289193627687,839.0,119.0,991.25,97.0,1447.5,789.5,16.574999809265,44.324999809265,0.8293924036898435
2004-04-07 12:00:00,2004-04-07,12:00:00,1.6,1028.5,7.83243820672786,892.25,122.0,937.25,110.0,1473.5,759.5,17.375,40.27499961853,0.7921784402842258
2004-04-07 13:00:00,2004-04-07,13:00:00,1.8,1108.75,9.100166288289229,943.25,115.0,883.0,103.0,1604.0,767.0,18.074999332428,42.249999046326,0.8679267143018373
2004-04-07 14:00:00,2004-04-07,14:00:00,1.4,996.5,6.11219638745319,817.0,84.0,1030.25,79.0,1426.0,626.25,14.375,51.77499961853,0.8433341859850463
2004-04-07 15:00:00,2004-04-07,15:00:00,1.9,1177.0,7.528239978446694,879.5,146.0,926.75,104.0,1551.75,775.5,10.900000095367,76.39999961853,0.9952506258732836
2004-04-07 16:00:00,2004-04-07,16:00:00,1.2,1044.75,5.918707400673933,808.0,65.0,1037.75,69.0,1420.75,588.75,16.400000333786,47.650000572205,0.881894433113482
2004-04-07 17:00:00,2004-04-07,17:00:00,2.3,1171.0,12.683180009517669,1073.0,120.0,846.5,96.0,1623.0,872.0,18.025000095367,37.099999427795,0.7597758896786423
2004-04-07 18:00:00,2004-04-07,18:00:00,3.3,1220.5,13.50683251398055,1100.5,185.0,799.25,121.0,1700.0,996.25,14.699999809265,48.650000572205,0.808943708864829
2004-04-07 19:00:00,2004-04-07,19:00:00,3.1,1261.75,14.500754620232732,1132.75,157.0,774.25,129.0,1747.5,1033.0,11.275000095367,71.27499961853,0.9513986252493368
2004-04-07 20:00:00,2004-04-07,20:00:00,3.3,1206.5,10.956516647621989,1012.75,174.0,875.75,116.0,1632.0,981.75,10.0,73.97500038147,0.90866279800107
2004-04-07 21:00:00,2004-04-07,21:00:00,1.2,955.75,3.222993460672848,665.75,62.0,1234.75,71.0,1282.0,517.75,9.8000001907349,71.774997711182,0.870156759430939
2004-04-07 22:00:00,2004-04-07,22:00:00,1.3,1020.25,4.293956324258487,726.75,81.0,1152.75,85.0,1390.75,630.5,9.25,75.224998474121,0.8796053386536202
2004-04-07 23:00:00,2004-04-07,23:00:00,1.9,1107.25,7.084494010841125,860.5,118.0,956.75,101.0,1509.75,878.75,9.6000001430511,75.950000762939,0.9087628546117394
2004-04-08 00:00:00,2004-04-08,00:00:00,1.4,1019.5,4.765319158079068,751.5,95.0,1073.5,97.0,1397.75,838.75,9.2999997138977,74.999998092651,0.8798661088548587
2004-04-08 01:00:00,2004-04-08,01:00:00,1.5,1051.25,5.696332871686994,797.5,84.0,1015.5,89.0,1455.0,876.25,9.0,76.72500038147,0.8824834738889057
2004-04-08 02:00:00,2004-04-08,02:00:00,1.1,965.0,4.09121162052864,715.75,56.0,1086.75,72.0,1383.25,826.5,8.1750000715256,79.625,0.8671896523617082
2004-04-08 03:00:00,2004-04-08,03:00:00,0.8,890.0,3.3225027974574517,671.75,62.5,1183.0,67.0,1337.5,781.25,7.5750000476837,80.625,0.8437363858319101
2004-04-08 05:00:00,2004-04-08,05:00:00,0.8,869.0,2.837944850489492,641.75,69.0,1290.75,62.0,1287.5,723.25,8.0750000476837,72.074998855591,0.7797699428120062
2004-04-08 06:00:00,2004-04-08,06:00:00,1.1,938.75,4.809204855249734,753.75,74.0,1168.75,64.0,1383.75,797.25,8.0500001907349,70.449998855591,0.7609249456791303
2004-04-08 07:00:00,2004-04-08,07:00:00,2.6,1274.25,13.765874424449915,1109.0,161.0,820.25,80.0,1723.0,1137.75,8.0750000476837,70.500001907349,0.7627302577650394
2004-04-08 08:00:00,2004-04-08,08:00:00,5.1,1511.5,27.104010975786125,1481.5,308.0,596.25,118.0,2189.0,1605.25,9.9249999523163,64.299999237061,0.7859494810715075
2004-04-08 09:00:00,2004-04-08,09:00:00,4.2,1435.25,19.07947207943386,1270.5,300.0,675.5,130.0,1885.25,1568.75,13.0,54.224999427795,0.8090284146502021
2004-04-08 10:00:00,2004-04-08,10:00:00,2.6,1207.25,11.745553705068062,1040.75,189.0,813.25,113.0,1619.5,1319.0,16.475000143051,42.550000190735,0.7912121407022052
2004-04-08 11:00:00,2004-04-08,11:00:00,2.4,1222.5,12.727536081823898,1074.5,164.0,818.25,112.0,1677.75,1197.5,19.300000190735,34.150000095367,0.7565718712142413
2004-04-08 12:00:00,2004-04-08,12:00:00,2.1,1120.5,11.319946086587374,1025.75,122.0,864.75,96.0,1541.0,958.25,21.500000476837,27.39999961853,0.6941232789104222
2004-04-08 13:00:00,2004-04-08,13:00:00,2.6,1176.25,14.189345912451454,1122.75,166.0,816.0,125.0,1609.0,1067.75,20.375,26.724999904633,0.6323214406009123
2004-04-08 14:00:00,2004-04-08,14:00:00,2.8,1144.0,13.903862790799815,1113.5,181.0,844.75,128.0,1550.75,1009.5,20.64999961853,22.574999809265,0.5431509987824682
2004-04-08 15:00:00,2004-04-08,15:00:00,2.5,1136.0,13.15970915927741,1089.0,127.0,855.5,101.0,1551.5,928.0,20.550000667572,24.800000190735,0.5930639403151151
2004-04-08 16:00:00,2004-04-08,16:00:00,1.9,1084.75,10.721628410296905,1004.25,106.0,887.5,95.0,1453.75,815.5,21.025000095367,25.449999809265,0.6264348891674623
2004-04-08 17:00:00,2004-04-08,17:00:00,3.6,1297.3333333333,19.663493856394243,1287.0,192.0,722.66666666667,138.0,1798.0,1216.3333333333,21.46666653951,24.53333346049,0.6202501379321717
2004-04-08 18:00:00,2004-04-08,18:00:00,4.6,1407.75,23.998363424730808,1403.5,241.0,646.25,154.0,1972.25,1462.5,19.324999809265,28.64999961853,0.6356977585878124
2004-04-08 19:00:00,2004-04-08,19:00:00,6.3,1617.75,29.11577111117782,1530.0,326.0,579.0,171.0,2166.5,1791.0,18.0,32.949999809265,0.6737433030374539
2004-04-08 20:00:00,2004-04-08,20:00:00,4.3,1318.5,15.750761449955473,1172.0,232.0,745.75,136.0,1699.0,1425.0,15.825000047684,39.75,0.7096071726119499
2004-04-08 21:00:00,2004-04-08,21:00:00,1.6,1045.0,7.009743443406673,857.25,92.0,967.5,93.0,1410.25,922.25,15.349999904633,41.52499961853,0.7194427481476037
2004-04-08 22:00:00,2004-04-08,22:00:00,1.4,1058.0,6.271811937209442,824.33333333333,95.0,993.0,99.0,1411.0,971.33333333333,14.100000063578,46.0,0.736280952343723
2004-04-08 23:00:00,2004-04-08,23:00:00,2.0,1062.72,6.358440937497715,828.0399999999968,129.0,987.92,106.0,1416.94,978.5299999999968,14.01800005912752,46.8740000152588,0.744920944980627
2004-04-09 00:00:00,2004-04-09,00:00:00,2.4,1067.44,6.445069937785988,831.7466666666636,154.0,982.84,109.0,1422.88,985.7266666666636,13.93600005467704,47.7480000305176,0.7535609376175308
2004-04-09 01:00:00,2004-04-09,01:00:00,1.8,1072.16,6.5316989380742605,835.4533333333304,118.0,977.76,97.0,1428.82,992.9233333333303,13.85400005022656,48.6220000457764,0.7622009302544348
2004-04-09 02:00:00,2004-04-09,02:00:00,1.0,1076.88,6.618327938362533,839.1599999999971,69.0,972.68,83.0,1434.76,1000.1199999999972,13.77200004577608,49.4960000610352,0.7708409228913388
2004-04-09 03:00:00,2004-04-09,03:00:00,1.0,1081.6,6.704956938650806,842.866666666664,83.0,967.6,81.0,1440.7,1007.316666666664,13.6900000413256,50.370000076294,0.7794809155282427
2004-04-09 04:00:00,2004-04-09,04:00:00,1.0,1086.32,6.791585938939079,846.5733333333308,97.0,962.52,79.0,1446.64,1014.5133333333308,13.60800003687512,51.2440000915528,0.7881209081651466
2004-04-09 05:00:00,2004-04-09,05:00:00,0.9,1091.04,6.878214939227352,850.2799999999976,145.0,957.44,84.0,1452.58,1021.7099999999975,13.526000032424639,52.1180001068116,0.7967609008020505
2004-04-09 06:00:00,2004-04-09,06:00:00,1.5,1095.76,6.9648439395156245,853.9866666666644,169.0,952.36,86.0,1458.52,1028.9066666666645,13.444000027974159,52.9920001220704,0.8054008934389545
2004-04-09 07:00:00,2004-04-09,07:00:00,2.6,1100.48,7.051472939803897,857.6933333333312,250.0,947.28,111.0,1464.46,1036.1033333333312,13.362000023523679,53.8660001373292,0.8140408860758583
2004-04-09 08:00:00,2004-04-09,08:00:00,2.9,1105.2,7.13810194009217,861.3999999999979,215.0,942.2,117.0,1470.4,1043.299999999998,13.2800000190732,54.740000152587996,0.8226808787127623
2004-04-09 09:00:00,2004-04-09,09:00:00,2.7,1109.92,7.224730940380443,865.1066666666648,237.0,937.12,122.0,1476.34,1050.4966666666649,13.19800001462272,55.6140001678468,0.8313208713496663
2004-04-09 10:00:00,2004-04-09,10:00:00,2.4,1114.64,7.311359940668716,868.8133333333316,190.0,932.04,119.0,1482.28,1057.6933333333316,13.11600001017224,56.4880001831056,0.8399608639865702
2004-04-09 11:00:00,2004-04-09,11:00:00,2.6,1119.36,7.397988940956989,872.5199999999984,219.0,926.96,121.0,1488.22,1064.8899999999983,13.03400000572176,57.3620001983644,0.8486008566234741
2004-04-09 12:00:00,2004-04-09,12:00:00,4.1,1124.08,7.484617941245261,876.2266666666652,294.0,921.88,127.0,1494.16,1072.0866666666652,12.95200000127128,58.2360002136232,0.857240849260378
2004-04-09 13:00:00,2004-04-09,13:00:00,4.3,1128.8,7.571246941533534,879.933333333332,253.0,916.8,135.0,1500.1,1079.283333333332,12.8699999968208,59.110000228882,0.865880841897282
2004-04-09 14:00:00,2004-04-09,14:00:00,2.2,1133.52,7.657875941821807,883.6399999999987,176.0,911.72,119.0,1506.04,1086.4799999999989,12.78799999237032,59.9840002441408,0.8745208345341859
2004-04-09 15:00:00,2004-04-09,15:00:00,3.4,1138.24,7.74450494211008,887.3466666666656,243.0,906.64,137.0,1511.98,1093.6766666666656,12.70599998791984,60.858000259399596,0.8831608271710898
2004-04-09 16:00:00,2004-04-09,16:00:00,3.6,1142.96,7.831133942398353,891.0533333333324,214.0,901.56,139.0,1517.92,1100.8733333333323,12.62399998346936,61.7320002746584,0.8918008198079937
2004-04-09 17:00:00,2004-04-09,17:00:00,2.5,1147.68,7.917762942686625,894.7599999999992,141.0,896.48,117.0,1523.8600000000001,1108.0699999999993,12.541999979018879,62.6060002899172,0.9004408124448977
2004-04-09 18:00:00,2004-04-09,18:00:00,2.8,1152.4,8.004391942974898,898.466666666666,166.0,891.4,127.0,1529.8,1115.266666666666,12.459999974568401,63.480000305176,0.9090808050818016
2004-04-09 19:00:00,2004-04-09,19:00:00,3.4,1157.12,8.091020943263171,902.1733333333328,197.0,886.3199999999999,137.0,1535.74,1122.4633333333327,12.37799997011792,64.35400032043479,0.9177207977187055
2004-04-09 20:00:00,2004-04-09,20:00:00,3.0,1161.84,8.177649943551444,905.8799999999997,191.0,881.24,127.0,1541.68,1129.6599999999996,12.29599996566744,65.2280003356936,0.9263607903556095
2004-04-09 21:00:00,2004-04-09,21:00:00,2.1,1166.56,8.264278943839717,909.5866666666664,159.0,876.16,107.0,1547.62,1136.8566666666663,12.21399996121696,66.1020003509524,0.9350007829925133
2004-04-09 22:00:00,2004-04-09,22:00:00,2.4,1171.28,8.35090794412799,913.2933333333332,175.0,871.08,102.0,1553.56,1144.0533333333333,12.13199995676648,66.9760003662112,0.9436407756294173
2004-04-09 23:00:00,2004-04-09,23:00:00,2.3,1176.0,8.437536944416262,917.0,157.0,866.0,95.0,1559.5,1151.25,12.049999952316,67.85000038147,0.9522807682663212
2004-04-10 00:00:00,2004-04-10,00:00:00,1.3,1046.5,5.395234084738762,783.0,83.0,1013.75,79.0,1449.0,975.0,11.950000047684,66.949999809265,0.933599921284086
2004-04-10 01:00:00,2004-04-10,01:00:00,1.7,1115.75,6.923913198243088,853.5,118.0,929.0,78.0,1532.75,1033.75,11.524999856949,70.050001144409,0.950332091556446
2004-04-10 02:00:00,2004-04-10,02:00:00,1.7,1074.25,6.440554720612328,832.0,101.0,951.25,75.0,1506.5,979.75,11.39999961853,69.77499961853,0.9389612125097412
2004-04-10 03:00:00,2004-04-10,03:00:00,1.0,922.0,3.585512193579881,687.25,73.5,1142.0,63.5,1390.25,824.75,11.074999809265,69.27499961853,0.9127657350243692
2004-04-10 04:00:00,2004-04-10,04:00:00,0.8,898.25,3.2808838245676197,669.25,46.0,1163.0,52.0,1386.25,806.5,10.800000190735,70.25,0.9091964358754486
2004-04-10 05:00:00,2004-04-10,05:00:00,1.0,970.25,3.950886235587856,708.0,81.0,1120.5,55.0,1435.25,841.5,10.200000286102,73.35000038147,0.9128582080413086
2004-04-10 06:00:00,2004-04-10,06:00:00,1.4,1072.5,6.004374886921272,812.0,112.0,987.75,65.0,1500.25,950.0,10.825000047684,70.525001525879,0.9142429296932488
2004-04-10 07:00:00,2004-04-10,07:00:00,1.7,1081.25,8.166234911142775,906.0,150.0,894.5,72.0,1591.0,1023.5,10.950000047684,71.0,0.9279200488082052
2004-04-10 08:00:00,2004-04-10,08:00:00,2.0,1158.5,9.949964658366447,975.75,138.0,837.25,76.0,1662.75,1097.5,12.424999952316,64.02499961853,0.9205889283030112
2004-04-10 09:00:00,2004-04-10,09:00:00,2.0,1112.0,8.775650731240786,930.5,124.0,868.75,84.0,1587.75,1011.25,14.97500038147,53.14999961853,0.8992925111862892
2004-04-10 10:00:00,2004-04-10,10:00:00,1.9,1111.75,8.437536944416262,917.0,124.0,897.25,90.0,1542.0,931.25,16.574999809265,44.425000190735,0.8312635724910663
2004-04-10 11:00:00,2004-04-10,11:00:00,2.1,1062.5,7.463303030999023,876.75,115.0,970.5,89.0,1480.75,811.0,18.000000476837,38.449998855591,0.7862042532916028
2004-04-10 12:00:00,2004-04-10,12:00:00,1.8,1032.0,7.826424205287786,892.0,101.0,972.75,87.0,1457.0,755.5,20.625000476837,30.02499961853,0.7212989069933119
2004-04-10 13:00:00,2004-04-10,13:00:00,1.5,936.0,6.368789264357057,828.75,90.0,1053.5,88.0,1335.75,606.5,19.89999961853,26.699999809265,0.6136736028755
2004-04-10 14:00:00,2004-04-10,14:00:00,1.3,882.5,5.056129143379375,766.25,90.0,1152.0,81.0,1238.25,497.75,19.799999713898,23.125,0.5282644102460846
2004-04-10 15:00:00,2004-04-10,15:00:00,1.4,941.5,6.884013451636693,851.75,89.0,1055.0,89.0,1318.25,539.5,21.39999961853,22.72500038147,0.5722188319835871
2004-04-10 16:00:00,2004-04-10,16:00:00,1.5,942.75,6.838534174113407,849.75,92.0,1083.5,91.0,1295.5,544.25,22.14999961853,21.275000095367,0.5605221603396696
2004-04-10 17:00:00,2004-04-10,17:00:00,1.7,1007.0,7.4103512917057,874.5,103.0,1027.25,104.0,1357.0,619.75,21.050000190735,24.5,0.603966751645892
2004-04-10 18:00:00,2004-04-10,18:00:00,2.0,1037.25,8.674878673990467,926.5,122.0,949.0,111.0,1425.5,739.5,18.25,31.599999427795,0.6562155197673951
2004-04-10 19:00:00,2004-04-10,19:00:00,2.5,1126.5,11.20758331386216,1021.75,159.0,871.25,129.0,1533.5,921.25,16.125000238419,35.025000572205,0.6371532765080584
2004-04-10 20:00:00,2004-04-10,20:00:00,2.4,1123.0,10.502542595459966,996.25,172.0,861.0,133.0,1550.75,1033.25,14.775000095367,41.474999427795,0.6929241728243624
2004-04-10 21:00:00,2004-04-10,21:00:00,2.0,1110.0,8.227562389390469,908.5,125.0,916.0,115.0,1487.0,984.25,13.150000095367,50.300000190735,0.757718778618473
2004-04-10 22:00:00,2004-04-10,22:00:00,2.9,1247.25,11.638524261032968,1037.0,187.0,811.5,125.0,1618.0,1192.75,12.299999713898,55.5,0.7916110940672102
2004-04-10 23:00:00,2004-04-10,23:00:00,2.5,1219.75,9.711401368340608,966.75,174.0,843.5,117.0,1545.0,1218.5,11.824999809265,56.625,0.7832663973783106
2004-04-11 00:00:00,2004-04-11,00:00:00,1.4,1028.25,5.126210628605008,769.75,75.0,1046.5,84.0,1326.0,912.75,11.200000047684,56.22500038147,0.7468609589845411
2004-04-11 01:00:00,2004-04-11,01:00:00,1.2,977.75,3.9959242929204266,710.5,48.0,1143.75,63.0,1304.0,750.25,11.0,56.574999809265,0.7418043568213769
2004-04-11 02:00:00,2004-04-11,02:00:00,1.0,949.0,3.7027089847837953,694.0,61.0,1159.75,68.0,1309.5,771.75,9.2750000953674,64.300001144409,0.7530981034777341
2004-04-11 03:00:00,2004-04-11,03:00:00,1.0,909.5,3.959876432723153,708.5,49.5,1161.5,58.5,1329.25,712.25,8.8250000476837,65.975001335144,0.750122765388411
2004-04-11 05:00:00,2004-04-11,05:00:00,0.7,836.25,2.857482624257634,643.0,38.0,1244.25,49.0,1306.0,727.0,7.7000000476837,70.72500038147,0.7463216366965916
2004-04-11 06:00:00,2004-04-11,06:00:00,0.8,856.25,2.87315397168927,644.0,41.0,1259.0,49.0,1301.0,746.25,7.4000000953674,71.02499961853,0.7346499326529891
2004-04-11 07:00:00,2004-04-11,07:00:00,0.9,887.5,2.9878617985251053,651.25,51.0,1240.25,52.0,1298.25,733.25,8.2250002622604,66.64999961853,0.7282918112538123
2004-04-11 08:00:00,2004-04-11,08:00:00,1.1,912.0,3.7027089847837953,694.0,61.0,1196.3333333333,58.0,1342.6666666667,727.0,8.733333269755,64.300000508626,0.7266639335560638
2004-04-11 09:00:00,2004-04-11,09:00:00,1.0,937.5,3.919489179626252,706.25,47.0,1176.75,51.0,1319.5,641.5,12.950000047684,47.85000038147,0.711628356117237
2004-04-11 10:00:00,2004-04-11,10:00:00,1.6,1052.5,6.248121985691788,823.25,87.0,1040.0,77.0,1385.5,810.25,17.424999952316,35.424999237061,0.6989532308124434
2004-04-11 11:00:00,2004-04-11,11:00:00,1.8,1086.75,7.310770263939386,870.25,107.0,1013.5,90.0,1411.5,850.5,20.200000286102,29.175000190735,0.6829610295766556
2004-04-11 12:00:00,2004-04-11,12:00:00,2.6,1153.0,9.151525969960906,945.25,161.0,968.75,118.0,1424.5,911.25,22.650000095367,22.924999713898,0.622425129892252
2004-04-11 13:00:00,2004-04-11,13:00:00,1.1,893.75,3.982390025773332,709.75,61.0,1209.0,70.0,1200.25,611.25,22.300000190735,22.400000095367,0.5955143878428677
2004-04-11 14:00:00,2004-04-11,14:00:00,0.6,796.5,2.300031610531572,605.75,26.0,1452.25,35.0,1075.75,367.5,22.150000095367,18.949999809265,0.499266514167915
2004-04-11 15:00:00,2004-04-11,15:00:00,0.9,854.0,3.096374945960142,658.0,42.0,1408.5,46.0,1107.75,368.5,22.049999713898,18.97500038147,0.496922650130175
2004-04-11 16:00:00,2004-04-11,16:00:00,1.0,891.75,3.214759295216265,665.25,55.0,1347.5,58.0,1150.0,393.75,21.0,23.550000190735,0.5787888610744366
2004-04-11 17:00:00,2004-04-11,17:00:00,1.2,935.25,3.3225027974574517,671.75,65.0,1298.75,61.0,1182.75,414.5,19.574999809265,27.35000038147,0.6162302537497344
2004-04-11 18:00:00,2004-04-11,18:00:00,1.4,989.25,3.9733780589080414,709.25,75.0,1224.75,80.0,1232.75,469.0,17.924999237061,30.75,0.6258435474570397
2004-04-11 19:00:00,2004-04-11,19:00:00,2.0,1062.75,5.675343902036482,796.5,93.0,1078.75,93.0,1284.5,607.25,16.375,35.349999427795,0.6532252461656287
2004-04-11 20:00:00,2004-04-11,20:00:00,1.1,922.0,3.3559588840673533,673.75,63.0,1219.75,78.0,1205.0,498.0,15.550000190735,37.47500038147,0.657513594626475
2004-04-11 21:00:00,2004-04-11,21:00:00,1.1,925.25,3.45293985090343,679.5,60.0,1222.5,76.0,1217.25,481.0,15.525000095367,36.749999046326,0.6437782135031566
2004-04-11 22:00:00,2004-04-11,22:00:00,1.1,924.25,2.940164345363524,648.25,63.0,1271.5,74.0,1186.25,464.5,14.549999952316,39.025000572205,0.6427578918712219
2004-04-11 23:00:00,2004-04-11,23:00:00,1.1,913.5,3.145131870638927,661.0,66.0,1256.25,81.0,1186.75,478.0,14.224999904633,38.200000762939,0.616314892823216
2004-04-12 00:00:00,2004-04-12,00:00:00,0.7,839.75,1.6375687065620157,556.0,41.0,1473.75,58.0,1094.0,366.25,13.650000095367,38.299999237061,0.595698819613484
2004-04-12 01:00:00,2004-04-12,01:00:00,0.6,799.25,1.149307713853833,513.5,42.0,1614.75,59.0,1036.25,332.25,14.099999904633,34.0,0.5442076549227642
2004-04-12 02:00:00,2004-04-12,02:00:00,0.7,855.5,1.9518462020878005,580.5,36.0,1447.5,54.0,1110.5,346.25,14.575000047684,33.974999427795,0.5604704917205382
2004-04-12 03:00:00,2004-04-12,03:00:00,0.6,829.5,1.681021836007109,559.5,26.0,1451.75,39.5,1066.0,349.5,14.424999713898,32.824999809265,0.5363687510412755
2004-04-12 04:00:00,2004-04-12,04:00:00,0.3,752.5,0.6573464798615279,461.75,16.0,1821.5,25.0,955.0,274.0,13.875,30.85000038147,0.4867622735211905
2004-04-12 05:00:00,2004-04-12,05:00:00,0.3,784.5,0.5427813338961612,447.5,16.0,1923.25,26.0,1003.0,263.0,13.524999856949,37.925000190735,0.5851754876606478
2004-04-12 06:00:00,2004-04-12,06:00:00,0.4,834.75,0.7432629495090571,471.75,33.0,1755.5,49.0,1116.75,314.25,13.874999761581,43.550000190735,0.6871473750532121
2004-04-12 07:00:00,2004-04-12,07:00:00,0.5,865.0,0.9454247256167748,493.5,39.0,1613.0,53.0,1184.75,367.0,13.474999666214,50.099999427795,0.7705670405847741
2004-04-12 08:00:00,2004-04-12,08:00:00,0.6,922.25,1.4568707533676883,541.0,45.0,1452.75,57.0,1246.25,431.75,13.324999809265,53.625,0.8169089365712796
2004-04-12 09:00:00,2004-04-12,09:00:00,0.8,974.5,2.190576760964729,598.0,63.0,1267.5,73.0,1292.75,536.0,13.400000095367,56.025000572205,0.8575746802941473
2004-04-12 10:00:00,2004-04-12,10:00:00,1.0,1040.25,2.900666704377631,645.75,71.0,1209.5,78.0,1325.25,554.5,12.950000286102,59.575000762939,0.8860033473170625
2004-04-12 11:00:00,2004-04-12,11:00:00,1.3,1114.5,3.928448868489377,706.75,104.0,1105.0,93.0,1384.25,677.25,12.700000047684,62.674998283386,0.917262655105977
2004-04-12 12:00:00,2004-04-12,12:00:00,1.1,1004.25,2.818464253455941,640.5,85.0,1201.25,71.0,1304.75,557.25,12.075000047684,60.500000953674,0.8504944223495169
2004-04-12 13:00:00,2004-04-12,13:00:00,0.6,894.75,1.4015358776186695,536.25,53.0,1414.5,56.0,1228.5,420.75,11.174999952316,64.375000953674,0.8537334295732678
2004-04-12 14:00:00,2004-04-12,14:00:00,0.7,917.0,1.7218047897796958,562.75,58.0,1414.5,60.0,1257.0,422.75,10.725000143051,67.575000762939,0.8703127854106188
2004-04-12 15:00:00,2004-04-12,15:00:00,1.2,1025.0,3.6114169887481182,688.75,89.0,1188.5,77.0,1324.75,519.0,11.399999856949,61.200000762939,0.8235675832997265
2004-04-12 16:00:00,2004-04-12,16:00:00,1.4,1035.25,3.12477702038371,659.75,96.0,1221.75,82.0,1301.25,532.5,9.8500001430511,70.549999237061,0.8581149025878066
2004-04-12 17:00:00,2004-04-12,17:00:00,1.2,1024.5,3.4912091528870413,681.75,88.0,1196.5,77.0,1313.0,537.0,10.275000095367,65.175001144409,0.8151062271297842
2004-04-12 18:00:00,2004-04-12,18:00:00,1.3,1040.25,3.8971281280841183,705.0,100.0,1149.25,91.0,1323.5,611.5,10.975000143051,58.925000190735,0.7713618792648487
2004-04-12 19:00:00,2004-04-12,19:00:00,1.8,1069.75,5.247305750259137,775.75,127.0,1065.0,93.0,1368.75,697.0,10.599999904633,59.450000762939,0.7594546589625041
2004-04-12 20:00:00,2004-04-12,20:00:00,1.2,963.75,3.663464880883249,691.75,88.0,1176.0,82.0,1292.25,572.75,10.575000047684,57.72500038147,0.7362167565984372
2004-04-12 21:00:00,2004-04-12,21:00:00,0.8,904.25,2.733430363808586,635.0,66.0,1269.25,74.0,1233.25,488.75,10.575000047684,56.050000190735,0.7148540333489708
2004-04-12 22:00:00,2004-04-12,22:00:00,0.8,913.25,2.6004452699114715,626.25,61.0,1270.75,68.0,1234.25,473.75,10.25,57.974999427795,0.7238757885272427
2004-04-12 23:00:00,2004-04-12,23:00:00,0.8,914.0,2.361018749438252,610.0,54.0,1321.75,65.0,1229.5,454.75,10.375,58.39999961853,0.7351639523669441
2004-04-13 00:00:00,2004-04-13,00:00:00,0.7,893.0,2.03914602689012,587.0,46.0,1367.5,58.0,1219.25,432.5,10.650000095367,58.199999809265,0.7459145414016218
2004-04-13 01:00:00,2004-04-13,01:00:00,0.5,844.25,1.3471170917396558,531.5,25.0,1498.5,36.0,1176.0,376.0,10.549999952316,59.875000953674,0.762393039313602
2004-04-13 02:00:00,2004-04-13,02:00:00,0.3,836.5,1.197502764718959,518.0,18.0,1580.75,29.0,1182.25,360.0,10.474999904633,60.799999237061,0.7703908698365101
2004-04-13 03:00:00,2004-04-13,03:00:00,0.4,868.25,1.330123390996772,530.0,19.5,1481.5,28.5,1215.0,383.75,10.625,63.050001144409,0.8067578492484356
2004-04-13 04:00:00,2004-04-13,04:00:00,0.3,824.75,0.8995128466837359,488.75,21.0,1565.25,28.0,1170.75,363.0,11.074999809265,60.149998664856,0.7925349411096416
2004-04-13 05:00:00,2004-04-13,05:00:00,0.7,955.5,3.0600205820759325,655.75,76.0,1250.75,68.0,1356.25,524.75,10.075000047684,68.39999961853,0.8443195552145362
2004-04-13 06:00:00,2004-04-13,06:00:00,1.6,1124.25,6.906801269418972,852.75,149.0,960.25,99.0,1531.0,872.5,10.024999856949,68.72500038147,0.8455584540454132
2004-04-13 07:00:00,2004-04-13,07:00:00,3.9,1496.25,19.123453175722965,1271.75,328.0,667.25,130.0,2011.25,1398.75,10.974999904633,64.150000572205,0.8397601029881155
2004-04-13 08:00:00,2004-04-13,08:00:00,4.5,1451.75,22.092876876610813,1353.5,282.0,620.25,128.0,2056.5,1501.0,12.024999856949,58.074998855591,0.813773076230225
2004-04-13 09:00:00,2004-04-13,09:00:00,2.7,1172.0,11.781322973571852,1042.0,206.0,796.5,120.0,1641.0,1186.25,12.775000095367,51.974999427795,0.7643402539052844
2004-04-13 10:00:00,2004-04-13,10:00:00,1.6,1019.5,7.31661206728073,870.5,133.0,955.5,93.0,1425.5,911.25,12.600000143051,50.799999237061,0.738704773060115
2004-04-13 11:00:00,2004-04-13,11:00:00,1.6,1044.0,8.00770000240378,899.5,137.0,934.0,96.0,1470.75,919.25,13.799999952316,47.35000038147,0.7435409424851475
2004-04-13 12:00:00,2004-04-13,12:00:00,1.6,1019.75,7.205958222732487,865.75,116.0,971.75,84.0,1428.5,791.25,15.125,42.699999809265,0.7293640431869446
2004-04-13 13:00:00,2004-04-13,13:00:00,1.5,1009.25,7.658832618007967,885.0,112.0,993.75,87.0,1438.5,750.75,16.274999856949,38.14999961853,0.7005616852802711
2004-04-13 14:00:00,2004-04-13,14:00:00,1.8,1073.0,9.69163258444518,966.0,128.0,934.5,87.0,1536.5,804.75,16.575000047684,36.700000762939,0.6867163549507475
2004-04-13 15:00:00,2004-04-13,15:00:00,2.1,1098.0,9.817124758804075,970.75,145.0,877.0,103.0,1527.25,965.75,15.849999666214,40.5,0.7241334358489561
2004-04-13 16:00:00,2004-04-13,16:00:00,1.7,1060.75,7.694614864499808,886.5,110.0,919.75,88.0,1462.25,869.25,16.349999904633,41.800000190735,0.7712045478325213
2004-04-13 17:00:00,2004-04-13,17:00:00,3.0,1288.75,15.283846444717812,1157.5,184.0,755.25,118.0,1790.75,1195.75,16.10000038147,42.849999427795,0.7782787412408694
2004-04-13 18:00:00,2004-04-13,18:00:00,4.6,1441.5,21.469616535835723,1336.75,243.0,629.5,134.0,2004.0,1523.0,15.275000095367,46.825000762939,0.8074372129764512
2004-04-13 19:00:00,2004-04-13,19:00:00,5.0,1479.0,21.69199977503211,1342.75,259.0,630.75,144.0,1994.75,1578.5,14.700000047684,47.0,0.7815077994652585
2004-04-13 20:00:00,2004-04-13,20:00:00,3.5,1266.0,14.649682363278062,1137.5,205.0,726.0,129.0,1746.75,1370.0,14.099999904633,49.550000190735,0.7931026295653653
2004-04-13 21:00:00,2004-04-13,21:00:00,2.1,1149.0,9.319295114362276,951.75,144.0,844.5,108.0,1577.25,1203.5,13.524999856949,54.125,0.8351383812878692
2004-04-13 22:00:00,2004-04-13,22:00:00,2.1,1167.5,9.364685579922574,953.5,152.0,842.75,104.0,1585.5,1201.25,12.324999809265,59.22500038147,0.8461038327572422
2004-04-13 23:00:00,2004-04-13,23:00:00,1.5,1078.5,6.7818659104834325,847.25,108.0,925.25,90.0,1463.0,1121.75,11.649999856949,62.225001335144,0.8510371214910517
2004-04-14 00:00:00,2004-04-14,00:00:00,1.1,1047.3333333333,4.93200817992722,760.0,64.0,1032.0,74.0,1378.6666666667,1003.0,11.46666653951,61.43333307902,0.8302890507795708
2004-04-14 01:00:00,2004-04-14,01:00:00,0.9,935.5,3.8881989834382815,704.5,73.0,1085.75,73.0,1363.75,918.25,10.875,64.550000190735,0.8395152845947566
2004-04-14 02:00:00,2004-04-14,02:00:00,0.7,900.0,2.725755128418066,634.5,47.0,1206.75,60.0,1307.0,835.75,11.075000286102,63.22500038147,0.8330511158681938
2004-04-14 03:00:00,2004-04-14,03:00:00,0.4,839.25,1.8956482143938893,576.25,63.0,1325.25,61.0,1285.0,759.0,10.700000047684,64.425002098083,0.828392446502473
2004-04-14 05:00:00,2004-04-14,05:00:00,0.9,904.5,3.2891897227614906,669.75,79.0,1190.75,62.0,1345.5,819.75,10.225000143051,65.75,0.819613439499703
2004-04-14 06:00:00,2004-04-14,06:00:00,1.6,1078.5,7.427984010652609,875.25,113.0,947.0,71.0,1534.75,998.0,10.325000047684,65.550001144409,0.8224797528672588
2004-04-14 07:00:00,2004-04-14,07:00:00,3.9,1416.75,18.23480122749713,1246.25,263.0,669.0,94.0,1921.0,1403.0,10.849999904633,63.974999427795,0.8306838794391688
2004-04-14 08:00:00,2004-04-14,08:00:00,5.0,1529.25,27.729952491409712,1496.75,275.0,568.5,99.0,2277.5,1641.0,13.299999952316,55.574999809265,0.8452613210585996
2004-04-14 09:00:00,2004-04-14,09:00:00,4.3,1397.25,18.295210456775816,1248.0,263.0,659.25,119.0,1906.25,1534.0,15.775000095367,46.800000190735,0.8328387358322309
2004-04-14 10:00:00,2004-04-14,10:00:00,2.7,1214.25,12.338011438644102,1061.25,183.0,779.75,103.0,1661.75,1256.5,19.52499961853,34.449999809265,0.7738270107124401
2004-04-14 11:00:00,2004-04-14,11:00:00,2.1,1109.25,8.889611855025933,935.0,147.0,882.25,95.0,1518.0,1026.25,21.074999809265,30.175000190735,0.744994208694672
2004-04-14 12:00:00,2004-04-14,12:00:00,2.1,1122.0,10.42088300739072,993.25,132.0,858.75,95.0,1571.0,993.0,18.424999713898,34.224999904633,0.718456162923375
2004-04-15 09:00:00,2004-04-15,09:00:00,3.9,1489.25,19.061891730527957,1270.0,309.0,633.25,114.0,1888.5,1637.75,13.450000047684,53.375,0.8196274874931003
2004-04-15 10:00:00,2004-04-15,10:00:00,3.8,1451.25,17.313596427340947,1219.25,327.0,661.25,127.0,1803.75,1633.25,15.025000095367,49.27499961853,0.8363686290428675
2004-04-15 11:00:00,2004-04-15,11:00:00,3.8,1454.25,17.50807157143983,1225.0,299.0,660.5,135.0,1808.75,1654.25,17.050000190735,42.125,0.811962318001138
2004-04-15 12:00:00,2004-04-15,12:00:00,3.9,1392.25,16.985953329637045,1209.5,257.0,689.25,135.0,1791.75,1559.0,18.449999809265,36.900000572205,0.7758071745613868
2004-04-15 13:00:00,2004-04-15,13:00:00,3.5,1350.5,16.985953329637045,1209.5,195.0,708.75,120.0,1782.5,1374.0,19.250000476837,35.425000190735,0.7824125914576912
2004-04-15 14:00:00,2004-04-15,14:00:00,4.0,1417.5,19.47685467747145,1281.75,231.0,680.75,129.0,1890.0,1418.0,19.150000095367,35.650000572205,0.7825590044914627
2004-04-15 15:00:00,2004-04-15,15:00:00,3.0,1303.0,14.807148739274531,1142.5,170.0,748.25,114.0,1734.25,1228.25,21.474999904633,30.35000038147,0.7676936711072988
2004-04-15 16:00:00,2004-04-15,16:00:00,3.1,1292.25,13.96537920780899,1115.5,192.0,746.25,129.0,1676.0,1292.75,19.575000286102,34.64999961853,0.7807085332181773
2004-04-15 17:00:00,2004-04-15,17:00:00,5.2,1560.0,24.37774068147215,1413.25,251.0,593.5,149.0,2046.0,1642.25,19.60000038147,35.52499961853,0.8016505828230588
2004-04-15 18:00:00,2004-04-15,18:00:00,5.9,1765.0,28.143709162009053,1506.75,289.0,533.0,149.0,2270.75,1895.0,18.27499961853,44.14999961853,0.9182512323376868
2004-04-15 19:00:00,2004-04-15,19:00:00,7.3,1874.5,33.74682003097595,1636.5,351.0,482.0,158.0,2445.75,2086.0,17.374999523163,47.75,0.9392059530635744
2004-04-15 20:00:00,2004-04-15,20:00:00,6.1,1746.25,24.192598971050693,1408.5,319.0,552.5,148.0,2119.25,1897.75,16.800000190735,49.775000572205,0.9445633932336592
2004-04-15 21:00:00,2004-04-15,21:00:00,4.6,1606.5,19.75263625123044,1289.5,264.0,587.25,134.0,1960.0,1758.0,16.200000286102,53.199999809265,0.972346317292166
2004-04-15 22:00:00,2004-04-15,22:00:00,2.5,1277.0,9.31281843867851,951.5,144.0,802.25,111.0,1606.75,1284.0,14.875,59.050000190735,0.9928173750448172
2004-04-15 23:00:00,2004-04-15,23:00:00,2.2,1206.5,7.25246168751516,867.75,119.0,877.25,106.0,1532.25,1075.25,13.924999713898,64.0,1.0130378140898495
2004-04-16 00:00:00,2004-04-16,00:00:00,2.0,1208.5,7.136442302880105,862.75,120.0,881.75,108.0,1547.25,1084.25,13.674999952316,66.825000762939,1.0410223808857837
2004-04-16 01:00:00,2004-04-16,01:00:00,1.9,1188.5,6.714129541810949,844.25,96.0,886.75,93.0,1565.5,1048.75,13.449999809265,69.60000038147,1.068778877238928
2004-04-16 02:00:00,2004-04-16,02:00:00,1.6,1131.75,5.956122343665647,809.75,77.0,899.0,83.0,1532.0,1021.25,12.849999904633,71.949998855591,1.0631995473827536
2004-04-16 03:00:00,2004-04-16,03:00:00,1.0,974.25,2.729591596001178,634.75,70.0,1159.0,76.0,1387.0,778.0,12.900000095367,68.5,1.015473195216314
2004-04-16 04:00:00,2004-04-16,04:00:00,1.0,1032.75,3.5682865172598426,686.25,63.0,1029.5,69.0,1419.75,947.5,11.874999761581,74.800001144409,1.0380226469521954
2004-04-16 05:00:00,2004-04-16,05:00:00,1.2,1074.5,5.364484431415103,781.5,97.0,941.0,77.0,1504.75,988.0,11.599999904633,76.400001525879,1.041527622146106
2004-04-16 06:00:00,2004-04-16,06:00:00,2.0,1241.75,10.003313625263502,977.75,180.0,777.5,87.0,1685.5,1184.25,11.700000047684,75.250001907349,1.0325136027224888
2004-04-16 07:00:00,2004-04-16,07:00:00,4.5,1656.75,23.237670486817727,1383.75,352.0,579.0,109.0,2175.75,1600.25,12.75,71.02499961853,1.0428119031822976
2004-04-16 08:00:00,2004-04-16,08:00:00,4.1,1405.75,18.650744712052678,1258.25,279.0,636.0,116.0,1890.25,1494.75,13.799999952316,61.099999427795,0.9594583061115122
2004-04-16 09:00:00,2004-04-16,09:00:00,2.6,1149.75,9.863532129621102,972.5,186.0,827.25,105.0,1590.0,1187.75,15.300000190735,51.449999809265,0.8885905292255084
2004-04-16 10:00:00,2004-04-16,10:00:00,2.3,1184.25,10.150649865204098,983.25,169.0,822.5,106.0,1604.25,1165.5,16.624999761581,48.724999427795,0.914579411268493
2004-04-16 11:00:00,2004-04-16,11:00:00,2.6,1223.0,10.984293137716778,1013.75,172.0,780.75,108.0,1666.0,1218.5,17.624999523163,46.675001144409,0.9324404904535132
2004-04-16 12:00:00,2004-04-16,12:00:00,2.4,1195.5,10.50935982454703,996.5,127.0,802.0,100.0,1643.5,1128.0,19.249999523163,42.674999237061,0.9425392973304249
2004-04-16 13:00:00,2004-04-16,13:00:00,4.3,1559.25,18.93902281398212,1266.5,230.0,652.75,149.0,2046.5,1373.25,15.72500038147,62.525000572205,1.1091811926911568
2004-04-16 14:00:00,2004-04-16,14:00:00,4.6,1543.75,18.930259427115477,1266.25,280.0,612.5,148.0,2065.75,1415.25,14.5,75.675001144409,1.242450209594471
2004-04-16 15:00:00,2004-04-16,15:00:00,4.0,1485.3333333333,17.45160666197702,1223.3333333333,242.0,650.33333333333,126.0,1980.0,1302.0,14.433333396912,77.399998982747,1.2654048964232767
2004-04-16 16:00:00,2004-04-16,16:00:00,4.7,1498.0,17.66091504876288,1229.5,250.0,649.25,140.0,1962.5,1308.0,14.625000238419,74.875,1.239102860880119
2004-04-16 17:00:00,2004-04-16,17:00:00,5.7,1593.25,22.999123584169165,1377.5,309.0,581.75,142.0,2158.75,1448.5,14.625,75.97500038147,1.257306696557672
2004-04-16 18:00:00,2004-04-16,18:00:00,5.2,1528.5,20.44477997926457,1308.75,270.0,626.75,141.0,2083.25,1384.75,14.049999952316,76.25,1.216587393481297
2004-04-16 19:00:00,2004-04-16,19:00:00,6.4,1689.0,26.80857133459717,1474.25,323.0,560.0,149.0,2298.25,1491.75,13.875,77.97500038147,1.2303172769585382
2004-04-16 20:00:00,2004-04-16,20:00:00,6.0,1535.25,19.9493542369401,1295.0,307.0,627.25,140.0,2038.75,1379.5,13.775000095367,78.0,1.222888856820215
2004-04-16 21:00:00,2004-04-16,21:00:00,3.4,1303.75,12.513760440386402,1067.25,224.0,736.75,117.0,1811.0,1166.75,13.5,79.350002288818,1.2224008181061226
2004-04-16 22:00:00,2004-04-16,22:00:00,2.7,1234.5,9.606166402460245,962.75,166.0,803.0,103.0,1679.5,1094.75,13.075000047684,80.14999961853,1.2015897457661129
2004-04-16 23:00:00,2004-04-16,23:00:00,3.1,1281.25,9.969956267880695,976.5,171.0,794.25,99.0,1695.25,1104.5,12.775000095367,81.02499961853,1.1915472720137008
2004-04-17 00:00:00,2004-04-17,00:00:00,2.6,1167.0,8.117313840167903,904.0,169.0,845.5,100.0,1627.25,1051.0,12.725000143051,80.625,1.181862227181663
2004-04-17 01:00:00,2004-04-17,01:00:00,2.2,1133.75,7.136442302880105,862.75,120.0,868.5,88.0,1598.75,1009.0,12.525000095367,81.799999237061,1.1837638563882131
2004-04-17 02:00:00,2004-04-17,02:00:00,1.9,1099.75,6.37429750967153,829.0,103.0,886.75,83.0,1564.75,971.75,12.650000095367,81.224998474121,1.1849315050835767
2004-04-23 05:00:00,2004-04-23,05:00:00,0.6,852.25,2.908548009422834,646.25,59.0,1186.0,59.0,1321.25,792.75,14.200000047684,52.224999427795,0.8412542412427915
2004-04-23 06:00:00,2004-04-23,06:00:00,0.8,922.5,4.867985701735958,756.75,72.0,1040.75,67.0,1417.75,905.5,14.325000047684,55.449998855591,0.9003295857349358
2004-04-23 07:00:00,2004-04-23,07:00:00,4.0,1490.0,22.61963360399776,1367.5,244.0,626.5,95.0,2119.25,1540.5,13.974999904633,57.950000762939,0.9202007975682098
2004-04-23 08:00:00,2004-04-23,08:00:00,5.6,1662.0,31.08028331000676,1576.0,351.0,522.5,123.0,2416.5,1861.0,15.449999570847,53.275000572205,0.9288578285475296
2004-04-23 09:00:00,2004-04-23,09:00:00,5.0,1552.5,22.12096177356865,1354.25,358.0,620.75,142.0,2030.0,1895.25,19.125000476837,42.125,0.9232729005031266
2004-04-23 10:00:00,2004-04-23,10:00:00,3.2,1423.0,18.269310357149717,1247.25,245.0,705.5,142.0,1887.25,1683.75,23.724999427795,30.974999904633,0.8968243276782295
2004-04-23 11:00:00,2004-04-23,11:00:00,3.8,1457.75,21.952680637394877,1349.75,240.0,677.25,169.0,1946.5,1731.0,26.875,25.650000095367,0.8942068252110229
2004-04-23 12:00:00,2004-04-23,12:00:00,3.3,1348.5,20.074970891885062,1298.5,179.0,727.75,142.0,1838.0,1401.75,29.724999904633,20.625,0.8477569966778379
2004-04-23 13:00:00,2004-04-23,13:00:00,3.0,1326.25,18.895223172864338,1265.25,160.0,756.5,136.0,1834.5,1245.75,29.175000190735,21.525000095367,0.8572791041714124
2004-04-23 14:00:00,2004-04-23,14:00:00,3.2,1356.0,20.562636992329697,1312.0,174.0,729.0,147.0,1864.5,1341.5,29.575000286102,20.075000286102,0.8180917603585907
2004-04-23 15:00:00,2004-04-23,15:00:00,4.4,1460.0,25.332296208368103,1437.5,260.0,680.25,196.0,1953.25,1488.75,30.0,19.400000095367,0.8100460144089966
2004-04-23 16:00:00,2004-04-23,16:00:00,4.6,1497.25,25.77043437513818,1448.5,281.0,679.25,186.0,1984.75,1531.5,29.5,20.050000190735,0.8135681842377065
2004-04-23 17:00:00,2004-04-23,17:00:00,5.2,1645.0,30.648568226684738,1566.0,284.0,599.25,177.0,2227.5,1909.0,26.999999523163,26.775000095367,0.9402551377278228
2004-04-23 18:00:00,2004-04-23,18:00:00,4.8,1556.75,27.14486956999846,1482.5,250.0,614.5,164.0,2086.5,1757.25,24.875000476837,30.775000095367,0.9539753720704032
2004-04-23 19:00:00,2004-04-23,19:00:00,5.6,1746.75,32.47902836428814,1608.0,281.0,556.5,161.0,2334.5,1982.5,23.099999427795,36.72500038147,1.024356131806473
2004-04-23 20:00:00,2004-04-23,20:00:00,4.6,1481.75,20.799216861460543,1318.5,230.0,660.25,146.0,1975.0,1702.75,21.474999904633,40.849999427795,1.0332878296964312
2004-04-23 21:00:00,2004-04-23,21:00:00,1.8,1211.0,10.873367154415863,1009.75,98.0,816.0,98.0,1618.75,1245.75,20.450000286102,41.5,0.986400081513431
2004-04-23 22:00:00,2004-04-23,22:00:00,2.2,1293.5,12.98013285612212,1083.0,121.0,770.25,108.0,1687.25,1320.5,19.200000286102,44.85000038147,0.98753941913091
2004-04-23 23:00:00,2004-04-23,23:00:00,2.0,1299.75,11.80997176779058,1043.0,110.0,776.5,107.0,1658.75,1375.25,18.75,47.72500038147,1.0221427829620098
2004-04-24 00:00:00,2004-04-24,00:00:00,2.8,1401.75,13.415907252484365,1097.5,161.0,735.75,113.0,1729.0,1455.5,18.200000286102,49.675000190735,1.0283812633306353
2004-04-24 01:00:00,2004-04-24,01:00:00,2.6,1348.5,13.400778503920026,1097.0,148.0,707.0,100.0,1763.0,1442.0,16.125000238419,57.449998855591,1.045095058050404
2004-04-24 02:00:00,2004-04-24,02:00:00,1.8,1160.5,8.959563141533142,937.75,109.0,826.75,87.0,1597.25,1243.25,16.325000286102,55.250000953674,1.0177596562947409
2004-04-24 03:00:00,2004-04-24,03:00:00,1.1,1021.5,5.785904187585162,801.75,90.0,915.75,76.0,1480.5,1078.25,15.674999713898,53.624999046326,0.948307798519275
2004-04-24 05:00:00,2004-04-24,05:00:00,0.7,932.75,3.7465224539215742,696.5,71.0,1045.25,65.0,1402.75,936.75,14.774999856949,57.72500038147,0.9644134560182184
2004-04-24 06:00:00,2004-04-24,06:00:00,0.9,1021.0,5.743678765887553,799.75,75.0,930.5,64.0,1482.5,1018.5,14.0,59.724999427795,0.9498977765254076
2004-04-24 07:00:00,2004-04-24,07:00:00,1.5,1133.5,10.023350836379478,978.5,106.0,794.0,73.0,1639.0,1139.5,14.600000143051,56.799999237061,0.938491403754598
2004-04-24 08:00:00,2004-04-24,08:00:00,2.5,1310.5,14.95740609824808,1147.25,166.0,681.0,86.0,1838.0,1351.25,16.700000047684,51.900000572205,0.9787538224321508
2004-04-24 09:00:00,2004-04-24,09:00:00,3.0,1408.75,15.637509605786938,1168.5,188.0,684.75,105.0,1874.25,1459.25,19.97500038147,45.0,1.0390344801482154
2004-04-24 10:00:00,2004-04-24,10:00:00,2.6,1301.0,12.257814222912184,1058.5,161.0,786.5,107.0,1726.5,1297.0,23.874999523163,33.674999237061,0.9837464246031372
2004-04-24 11:00:00,2004-04-24,11:00:00,2.6,1354.25,14.414829980330042,1130.0,139.0,764.5,114.0,1808.0,1291.25,26.75,29.499999523163,1.020949689011369
2004-04-24 12:00:00,2004-04-24,12:00:00,2.6,1391.25,14.586896875181992,1135.5,134.0,737.5,105.0,1840.0,1296.25,27.200000286102,32.35000038147,1.1493441219809502
2004-04-24 13:00:00,2004-04-24,13:00:00,1.9,1199.6666666667,8.729401946538436,928.66666666667,84.0,879.33333333333,74.0,1623.0,972.33333333333,26.933333714803,32.066666285197,1.1217137840877998
2004-04-24 14:00:00,2004-04-24,14:00:00,2.0,1337.75,11.03993603930084,1015.75,98.0,797.5,95.0,1766.25,1193.5,24.349999904633,41.799999237061,1.2560621443065838
2004-04-24 15:00:00,2004-04-24,15:00:00,1.7,1222.5,8.953194276149835,937.5,91.0,883.5,89.0,1610.0,879.5,25.550000190735,36.049999237061,1.1628860197547657
2004-04-24 16:00:00,2004-04-24,16:00:00,1.9,1278.25,10.673538660162198,1002.5,99.0,845.0,95.0,1690.5,909.25,27.0,31.825000286102,1.117595546305176
2004-04-24 17:00:00,2004-04-24,17:00:00,1.8,1256.5,9.883449559735752,973.25,90.0,860.0,93.0,1633.75,838.75,27.474999904633,31.625000476837,1.1417004803952762
2004-04-24 18:00:00,2004-04-24,18:00:00,2.8,1496.5,15.718368230168371,1171.0,147.0,724.75,123.0,1899.25,1248.25,24.925000190735,38.074999809265,1.183757211430434
2004-04-24 19:00:00,2004-04-24,19:00:00,3.5,1567.25,19.39709886112469,1279.5,177.0,661.0,134.0,1969.5,1475.5,23.424999713898,39.650000572205,1.1276348445850977
2004-04-24 20:00:00,2004-04-24,20:00:00,3.4,1502.5,16.752370054666,1202.5,162.0,651.25,126.0,1863.0,1501.75,21.200000286102,50.77499961853,1.263127727430111
2004-04-24 21:00:00,2004-04-24,21:00:00,2.0,1169.25,6.849891943840394,850.25,88.0,905.75,79.0,1584.25,872.75,15.625,73.474998474121,1.2952523673543626
2004-04-24 22:00:00,2004-04-24,22:00:00,1.1,1007.25,2.971926292666244,650.25,53.0,1157.25,54.0,1403.75,528.0,12.850000143051,79.674999237061,1.1773512963252348
2004-04-24 23:00:00,2004-04-24,23:00:00,1.3,1003.75,3.2477498137764584,667.25,68.0,1156.5,69.0,1365.0,492.0,11.524999856949,76.924999237061,1.043601630601386
2004-04-25 00:00:00,2004-04-25,00:00:00,1.2,967.25,3.145131870638927,661.0,61.0,1180.5,67.0,1320.75,463.0,12.174999713898,66.824999809265,0.9454912670227504
2004-04-25 01:00:00,2004-04-25,01:00:00,1.3,983.5,3.932931983219647,707.0,71.0,1131.0,73.0,1359.0,493.75,12.424999952316,64.050000190735,0.9209484011668968
2004-04-25 02:00:00,2004-04-25,02:00:00,1.0,931.25,3.6157421823428297,689.0,63.0,1160.75,73.0,1317.25,503.25,12.725000143051,58.700000762939,0.8604690063535181
2004-04-25 03:00:00,2004-04-25,03:00:00,1.3,965.75,4.481885361504611,736.75,38.5,1083.25,46.5,1363.25,580.75,12.600000143051,58.64999961853,0.852855025764929
2004-04-25 05:00:00,2004-04-25,05:00:00,0.3,763.0,0.7344693820247533,470.75,14.0,1783.25,20.0,1098.0,305.0,12.474999904633,50.925001144409,0.7345904167364049
2004-04-25 06:00:00,2004-04-25,06:00:00,0.5,804.25,1.0554626452677138,504.5,34.0,1718.0,37.0,1148.0,328.75,12.849999904633,49.300000190735,0.7285022755033173
2004-04-25 07:00:00,2004-04-25,07:00:00,0.6,830.0,1.3900029842660853,535.25,42.0,1496.25,50.0,1184.25,374.5,13.5,48.599999427795,0.7486915859719586
2004-04-25 08:00:00,2004-04-25,08:00:00,0.6,832.5,1.597654587932127,552.75,40.0,1475.5,45.0,1180.25,373.25,14.375,45.900000572205,0.7476395925538529
2004-04-25 09:00:00,2004-04-25,09:00:00,0.8,874.75,2.264475119028675,603.25,48.0,1369.75,48.0,1206.25,384.5,15.099999904633,43.89999961853,0.7486775755447236
2004-04-25 10:00:00,2004-04-25,10:00:00,1.0,881.5,2.525726642993789,621.25,61.0,1345.75,56.0,1215.75,403.25,16.625000476837,38.550000190735,0.7235923749615487
2004-04-25 11:00:00,2004-04-25,11:00:00,0.9,862.0,2.725755128418066,634.5,58.0,1320.0,58.0,1193.0,393.0,17.175000190735,34.950000762939,0.6789328681365581
2004-04-25 12:00:00,2004-04-25,12:00:00,1.0,862.5,2.7411147981917328,635.5,57.0,1289.75,52.0,1185.0,388.25,17.400000095367,33.925000190735,0.668317434078012
2004-04-25 13:00:00,2004-04-25,13:00:00,0.8,829.75,2.1661765697607542,596.25,54.0,1388.5,52.0,1145.25,371.0,17.874999523163,30.724999904633,0.6233994308689341
2004-04-25 14:00:00,2004-04-25,14:00:00,0.7,806.75,1.998651466707,584.0,41.0,1488.0,44.0,1104.0,346.5,18.324999809265,27.199999809265,0.56746905362687
2004-04-25 15:00:00,2004-04-25,15:00:00,0.9,872.5,3.376941467632198,675.0,57.0,1342.5,59.0,1181.0,395.75,19.425000190735,25.699999809265,0.5737522534125351
2004-04-25 16:00:00,2004-04-25,16:00:00,1.3,930.75,4.524641622302657,739.0,83.0,1273.75,74.0,1219.0,473.75,20.150000572205,24.125,0.5630241722933084
2004-04-25 17:00:00,2004-04-25,17:00:00,1.4,918.25,4.687724073925867,747.5,81.0,1228.25,76.0,1218.75,505.25,19.599999904633,24.925000190735,0.5624529362566842
2004-04-25 18:00:00,2004-04-25,18:00:00,1.5,1000.5,5.977547426091629,810.75,98.0,1122.25,83.0,1343.75,624.75,18.474999904633,27.75,0.5843336421245581
2004-04-25 19:00:00,2004-04-25,19:00:00,2.7,1169.25,11.695554651706663,1039.0,124.0,883.25,100.0,1549.75,940.75,17.800000190735,30.349999904633,0.6129331668071051
2004-04-25 20:00:00,2004-04-25,20:00:00,2.5,1084.75,8.184612613324596,906.75,133.0,975.75,101.0,1418.75,893.0,16.574999809265,33.950000762939,0.6352593989669982
2004-04-25 21:00:00,2004-04-25,21:00:00,1.4,939.5,5.106145385761624,768.75,100.0,1102.75,90.0,1309.5,730.75,15.450000047684,36.974999427795,0.6446648210741559
2004-04-25 22:00:00,2004-04-25,22:00:00,2.8,1125.5,12.987594194106656,1083.25,116.0,874.5,93.0,1654.25,954.75,14.775000095367,39.47500038147,0.6595101233019042
2004-04-25 23:00:00,2004-04-25,23:00:00,2.1,977.75,7.021221524297898,857.75,102.0,1013.25,79.0,1378.5,760.5,14.5,42.0,0.689566012736336
2004-04-26 00:00:00,2004-04-26,00:00:00,1.1,893.0,3.857015773299712,702.75,55.0,1192.25,57.0,1283.25,515.25,14.125000238419,44.949999809265,0.7206201232665347
2004-04-26 01:00:00,2004-04-26,01:00:00,0.7,837.5,2.232676419214226,601.0,33.0,1360.5,43.0,1219.5,433.75,14.224999904633,45.450000762939,0.7332856489417178
2004-04-26 02:00:00,2004-04-26,02:00:00,0.4,802.75,1.299207500464072,527.25,17.0,1513.0,25.0,1152.0,369.0,14.099999904633,45.27499961853,0.7246765108538018
2004-04-26 03:00:00,2004-04-26,03:00:00,0.3,775.0,0.7878979340321447,476.75,26.0,1721.75,34.5,1115.0,335.0,14.0,44.25,0.703775253477656
2004-04-26 05:00:00,2004-04-26,05:00:00,0.4,808.5,1.2246417165023895,520.5,35.0,1574.5,44.0,1158.25,377.75,13.875,43.875,0.6922753480278754
2004-04-26 06:00:00,2004-04-26,06:00:00,0.8,897.5,3.3979797815818547,676.25,70.0,1271.25,72.0,1306.5,516.75,13.974999904633,43.824999809265,0.6959068032265376
2004-04-26 07:00:00,2004-04-26,07:00:00,1.9,1052.5,7.545991665728901,880.25,116.0,981.75,91.0,1463.5,785.75,14.400000333786,43.599999427795,0.7113047765677238
2004-04-26 08:00:00,2004-04-26,08:00:00,2.1,1032.5,8.864232997095865,934.0,134.0,917.0,89.0,1489.75,844.0,15.049999952316,41.72500038147,0.709339219339063
2004-04-26 09:00:00,2004-04-26,09:00:00,1.4,941.25,5.328704583249726,779.75,113.0,1079.75,84.0,1342.5,719.75,16.274999856949,38.400000572205,0.7051525395706906
2004-04-26 10:00:00,2004-04-26,10:00:00,1.4,941.25,5.364484431415103,781.5,110.0,1102.25,83.0,1328.0,667.75,18.349999904633,32.349999904633,0.6759563086304701
2004-04-26 11:00:00,2004-04-26,11:00:00,1.3,916.5,5.171480026065283,772.0,98.0,1097.75,78.0,1311.25,604.5,18.824999809265,31.700000762939,0.6820745762000422
2004-04-26 12:00:00,2004-04-26,12:00:00,1.5,976.5,6.5572069029204405,837.25,96.0,1038.0,80.0,1413.25,646.25,19.575000286102,30.925000190735,0.6967795614568852
2004-04-26 13:00:00,2004-04-26,13:00:00,1.6,993.5,6.861257747977811,850.75,95.0,1018.25,75.0,1436.25,640.25,20.175000667572,30.700000286102,0.7175643096065705
2004-04-26 14:00:00,2004-04-26,14:00:00,1.3,942.25,5.426058636400471,784.5,86.0,1065.0,77.0,1365.0,570.75,19.724999904633,32.524999141693,0.7395938437104213
2004-04-26 15:00:00,2004-04-26,15:00:00,1.4,981.0,5.961475539335539,810.0,86.0,1059.75,77.0,1394.5,604.75,20.674999713898,31.550000190735,0.7602434196106473
2004-04-26 16:00:00,2004-04-26,16:00:00,1.5,983.5,6.4460893359755085,832.25,91.0,1033.75,81.0,1409.5,635.5,19.97500038147,32.674999237061,0.7544544632471781
2004-04-26 17:00:00,2004-04-26,17:00:00,2.2,1116.25,10.687269183772557,1003.0,119.0,864.25,101.0,1625.25,886.25,18.64999961853,35.39999961853,0.7535139723636176
2004-04-26 18:00:00,2004-04-26,18:00:00,3.2,1180.5,13.903862790799815,1113.5,147.0,787.0,119.0,1685.25,1032.25,18.349999427795,35.89999961853,0.7501338664108033
2004-04-26 19:00:00,2004-04-26,19:00:00,3.0,1163.0,12.5211063051097,1067.5,135.0,811.25,111.0,1615.75,977.25,17.800000190735,37.47500038147,0.7568260537755555
2004-04-26 20:00:00,2004-04-26,20:00:00,2.6,1081.0,9.267535472195304,949.75,124.0,907.25,109.0,1496.25,924.25,17.275000095367,38.800000190735,0.7584312484673534
2004-04-26 21:00:00,2004-04-26,21:00:00,1.6,1016.75,6.657904148776321,841.75,89.0,999.75,101.0,1440.75,845.5,17.300000190735,38.800001144409,0.7596125869987758
2004-04-26 22:00:00,2004-04-26,22:00:00,1.5,966.0,5.287938393096692,777.75,79.0,1056.75,89.0,1358.5,754.75,16.400000095367,40.75,0.7541909167081108
2004-04-26 23:00:00,2004-04-26,23:00:00,1.2,924.25,3.9733780589080414,709.25,63.0,1158.0,75.0,1318.0,609.75,16.049999952316,41.35000038147,0.7486807166667311
2004-04-27 00:00:00,2004-04-27,00:00:00,0.8,860.75,2.236200138010682,601.25,39.0,1351.0,51.0,1225.25,439.25,15.400000095367,43.049999237061,0.7482204738322885
2004-04-27 01:00:00,2004-04-27,01:00:00,0.7,826.0,1.681021836007109,559.5,25.0,1424.25,39.0,1197.0,402.0,15.724999904633,42.499999046326,0.7539415879345778
2004-04-27 02:00:00,2004-04-27,02:00:00,0.5,845.5,1.6499343670822566,557.0,19.0,1384.75,32.0,1211.5,405.5,15.625000238419,43.400000572205,0.7650759509458752
2004-04-27 03:00:00,2004-04-27,03:00:00,0.5,841.5,1.5071531584625262,545.25,38.5,1423.0,50.0,1223.5,423.5,15.225000143051,45.75,0.7864136575111876
2004-04-27 05:00:00,2004-04-27,05:00:00,0.7,929.75,3.2891897227614906,669.75,58.0,1142.75,68.0,1339.25,745.75,15.525000095367,47.27499961853,0.8281528051038762
2004-04-27 06:00:00,2004-04-27,06:00:00,1.4,1119.5,8.889611855025933,935.0,112.0,842.75,76.0,1593.0,1125.5,14.425000190735,53.099999427795,0.8676673694217866
2004-04-27 07:00:00,2004-04-27,07:00:00,4.1,1518.25,23.419667517994306,1388.5,314.0,588.5,122.0,2100.75,1703.0,15.899999856949,48.52499961853,0.8703505697133659
2004-04-27 08:00:00,2004-04-27,08:00:00,4.6,1460.75,23.766162497512138,1397.5,240.0,629.75,129.0,2050.0,1627.5,18.124999523163,40.25,0.8294048076917425
2004-04-27 09:00:00,2004-04-27,09:00:00,1.9,1074.75,7.916840904491177,895.75,128.0,937.5,94.0,1487.25,935.75,19.574999809265,35.949999809265,0.8099991662075281
2004-04-27 10:00:00,2004-04-27,10:00:00,1.9,1061.25,8.215281246107265,908.0,141.0,967.5,99.0,1455.0,890.25,22.77499961853,29.099999904633,0.7960264456666307
2004-04-27 11:00:00,2004-04-27,11:00:00,1.7,1065.75,8.794600710564875,931.25,118.0,978.5,81.0,1474.0,757.0,24.750000476837,25.324999332428,0.7792513596813168
2004-04-27 12:00:00,2004-04-27,12:00:00,2.4,1179.0,14.61827524856374,1136.5,132.0,829.0,87.0,1651.25,948.5,27.150000095367,21.97500038147,0.7784673881581229
2004-04-27 13:00:00,2004-04-27,13:00:00,3.0,1251.0,17.95116314189409,1238.0,150.0,772.5,107.0,1779.0,1108.75,28.150000095367,20.449999809265,0.7677328297830364
2004-04-27 14:00:00,2004-04-27,14:00:00,2.0,1120.0,11.953660413569477,1048.0,121.0,898.0,95.0,1560.25,869.75,25.425000190735,24.150000095367,0.7733080989191695
2004-04-27 15:00:00,2004-04-27,15:00:00,2.7,1187.25,14.791369810159708,1142.0,149.0,839.5,110.0,1651.0,1011.25,25.700000286102,23.775000095367,0.7737214718444138
2004-04-27 16:00:00,2004-04-27,16:00:00,2.2,1144.5,12.477058689205466,1066.0,120.0,903.25,99.0,1592.0,885.25,27.150000095367,22.050000190735,0.7811242666390039
2004-04-27 17:00:00,2004-04-27,17:00:00,2.9,1214.5,15.500458201665191,1164.25,155.0,817.0,113.0,1689.0,1015.25,27.025000095367,22.349999904633,0.7860073099655001
2004-04-27 18:00:00,2004-04-27,18:00:00,3.4,1317.0,17.703472052446337,1230.75,172.0,765.5,127.0,1798.0,1154.75,24.52499961853,27.775000095367,0.8433262542377049
2004-04-27 19:00:00,2004-04-27,19:00:00,3.9,1387.5,21.617763484967565,1340.75,177.0,702.25,131.0,1954.75,1314.75,23.674999713898,30.199999332428,0.8717841488608524
2004-04-27 20:00:00,2004-04-27,20:00:00,3.6,1295.25,18.930259427115477,1266.25,181.0,716.25,137.0,1848.5,1358.75,21.500000476837,34.52499961853,0.8746206669064477
2004-04-27 21:00:00,2004-04-27,21:00:00,2.5,1152.75,12.469723854570224,1065.75,135.0,810.5,122.0,1651.0,1194.0,19.875000476837,37.799999237061,0.8674691211087054
2004-04-27 22:00:00,2004-04-27,22:00:00,1.8,1077.5,8.80092124258785,931.5,99.0,904.5,100.0,1511.0,950.5,18.89999961853,40.574999809265,0.8770756368123217
2004-04-27 23:00:00,2004-04-27,23:00:00,2.0,1132.5,10.942639647639274,1012.25,111.0,806.0,108.0,1607.5,1054.25,17.900000095367,43.5,0.8839687641619655
2004-04-28 00:00:00,2004-04-28,00:00:00,1.3,1055.0,7.9894928266871235,898.75,72.0,880.25,83.0,1504.0,979.5,17.375,46.324999809265,0.911177317011978
2004-04-28 01:00:00,2004-04-28,01:00:00,1.0,953.0,4.448750215974709,735.0,54.0,999.0,74.0,1395.75,898.0,18.099999904633,44.650000572205,0.9186499324234736
2004-04-28 02:00:00,2004-04-28,02:00:00,0.6,891.75,2.799040891215181,639.25,41.0,1138.5,64.0,1358.5,802.75,16.500000238419,50.10000038147,0.9330625744187726
2004-04-28 03:00:00,2004-04-28,03:00:00,0.6,894.5,2.679897108936152,631.5,35.0,1167.0,51.5,1346.75,684.25,14.150000095367,56.924999237061,0.9140512637001604
2004-04-28 05:00:00,2004-04-28,05:00:00,0.5,856.0,2.485027842230557,618.5,29.0,1191.25,39.0,1345.0,676.75,16.325000286102,52.77499961853,0.9721676840828803
2004-04-28 06:00:00,2004-04-28,06:00:00,1.1,1030.0,7.528239978446694,879.5,76.0,892.0,69.0,1538.5,996.0,13.899999856949,60.724999427795,0.9596686100859408
2004-04-28 07:00:00,2004-04-28,07:00:00,5.5,1688.75,30.401498663833067,1560.25,321.0,528.75,104.0,2395.5,1735.75,15.000000238419,58.27499961853,0.9875674041302506
2004-04-28 08:00:00,2004-04-28,08:00:00,4.2,1486.25,22.00871347255381,1351.25,274.0,571.0,100.0,2111.75,1692.0,16.125000238419,54.75,0.9959783388697336
2004-04-28 09:00:00,2004-04-28,09:00:00,4.6,1591.75,24.7400051194649,1422.5,322.0,577.0,146.0,2155.25,2108.25,19.250000476837,46.400000572205,1.024811418373179
2004-04-28 10:00:00,2004-04-28,10:00:00,3.4,1468.75,18.424945508834465,1251.75,255.0,691.5,155.0,1903.25,1806.75,24.22500038147,33.849999904633,1.0096508428997506
2004-04-28 11:00:00,2004-04-28,11:00:00,2.8,1364.0,16.835634342955675,1205.0,196.0,722.75,139.0,1850.25,1565.75,26.699999809265,28.675000190735,0.989504345988321
2004-04-28 12:00:00,2004-04-28,12:00:00,2.5,1284.75,14.204847863924446,1123.25,136.0,754.75,121.0,1741.25,1293.0,27.35000038147,28.174999713898,1.0097873861920998
2004-04-28 13:00:00,2004-04-28,13:00:00,2.4,1310.5,15.669831720124469,1169.5,119.0,747.75,108.0,1786.75,1219.25,28.124999523163,26.925000190735,1.0093561026889537
2004-04-28 14:00:00,2004-04-28,14:00:00,3.2,1416.0,21.887385978147933,1348.0,169.0,684.0,126.0,1968.75,1329.75,27.699999809265,26.5,0.9692616829149177
2004-04-28 15:00:00,2004-04-28,15:00:00,3.5,1387.25,20.771860311810173,1317.75,197.0,700.5,145.0,1889.5,1298.5,28.424999713898,23.424999713898,0.893508151625435
2004-04-28 16:00:00,2004-04-28,16:00:00,2.9,1329.25,16.158072457294086,1184.5,140.0,768.25,121.0,1750.0,1111.0,28.39999961853,26.049999713898,0.992201088822382
2004-04-28 17:00:00,2004-04-28,17:00:00,3.6,1495.75,19.82407389759504,1291.5,178.0,680.25,145.0,1878.25,1299.75,27.349999427795,30.0,1.0751950386271245
2004-04-28 18:00:00,2004-04-28,18:00:00,4.8,1675.75,28.89504382424004,1524.75,223.0,567.25,160.0,2226.0,1652.5,24.324999809265,37.324999809265,1.1199288088642156
2004-04-28 19:00:00,2004-04-28,19:00:00,5.4,1724.0,28.268345312814752,1509.75,222.0,562.25,155.0,2252.25,1716.25,23.074999809265,42.174999237061,1.1746123328907798
2004-04-28 20:00:00,2004-04-28,20:00:00,5.3,1641.75,24.85798525395304,1425.5,265.0,597.0,162.0,2117.25,1719.75,21.75,43.64999961853,1.1226178441823345
2004-04-28 21:00:00,2004-04-28,21:00:00,2.7,1266.75,13.137204610141335,1088.25,151.0,764.25,129.0,1740.0,1338.5,19.825000286102,46.775000572205,1.0701576047605204
2004-04-28 22:00:00,2004-04-28,22:00:00,1.4,1145.75,8.587110474608117,923.0,79.0,845.0,96.0,1574.75,1165.75,19.575000286102,49.800000190735,1.1220573024878753
2004-04-28 23:00:00,2004-04-28,23:00:00,1.6,1215.5,9.521023174945546,959.5,87.0,787.75,92.0,1662.25,1255.75,17.900000095367,56.199999809265,1.14204699717928
2004-04-29 00:00:00,2004-04-29,00:00:00,1.5,1127.75,7.796383745721157,890.75,88.0,837.5,89.0,1574.0,1124.5,17.400000095367,55.64999961853,1.096296676268126
2004-04-29 01:00:00,2004-04-29,01:00:00,1.0,1041.75,5.166441714864394,771.75,51.0,923.25,61.0,1495.0,968.25,16.775000572205,59.47500038147,1.126875781000667
2004-04-29 02:00:00,2004-04-29,02:00:00,0.6,925.5,2.795163092071645,639.0,34.0,1115.25,54.0,1409.0,814.0,15.924999713898,60.14999961853,1.0805544901035755
2004-04-29 03:00:00,2004-04-29,03:00:00,0.4,898.0,2.335824002116313,608.25,55.0,1154.25,55.5,1385.5,743.25,15.625000476837,61.175001144409,1.0784221718965024
2004-04-29 05:00:00,2004-04-29,05:00:00,0.8,958.75,4.42043213737691,733.5,76.0,1038.0,57.0,1469.5,860.5,13.325000047684,66.975002288818,1.0202793236611638
2004-04-29 06:00:00,2004-04-29,06:00:00,1.5,1096.5,9.42969212863617,956.0,139.0,826.5,68.0,1620.0,1046.75,12.875,66.52499961853,0.984613721630688
2004-04-29 07:00:00,2004-04-29,07:00:00,4.9,1674.0,29.814141140129134,1546.5,293.0,539.25,95.0,2404.5,1665.25,14.775000095367,61.27499961853,1.0237234240208
2004-04-29 08:00:00,2004-04-29,08:00:00,7.2,1771.25,36.15925682152963,1689.5,368.0,461.25,125.0,2572.25,1982.0,16.125000238419,56.474999427795,1.0273584679043728
2004-04-29 09:00:00,2004-04-29,09:00:00,3.5,1408.25,18.03691385773884,1240.5,250.0,647.5,135.0,1886.0,1711.25,18.60000038147,47.800000190735,1.0143235315700396
2004-04-29 10:00:00,2004-04-29,10:00:00,2.1,1155.5,10.852621988236002,1009.0,145.0,874.5,118.0,1583.0,1203.5,23.75,30.249999523163,0.8771387751986929
2004-04-29 11:00:00,2004-04-29,11:00:00,1.5,1041.75,9.029748042099776,940.5,110.0,971.0,91.0,1490.5,871.25,25.375,24.950000286102,0.7965749314193643
2004-04-29 12:00:00,2004-04-29,12:00:00,2.0,1167.0,14.352476125785511,1128.0,104.0,828.75,89.0,1716.25,1040.25,25.550000190735,25.52499961853,0.8233749192460219
2004-04-29 13:00:00,2004-04-29,13:00:00,3.8,1397.75,22.336784407921467,1360.0,205.0,656.25,129.0,2037.25,1438.75,24.949999809265,29.949999809265,0.9325265341358672
2004-04-29 14:00:00,2004-04-29,14:00:00,3.4,1457.5,20.87224268918105,1320.5,201.0,654.0,122.0,2023.25,1516.0,22.449999809265,37.874999046326,1.0160472032092285
2004-04-29 15:00:00,2004-04-29,15:00:00,4.4,1554.0,23.05627912378712,1379.0,266.0,613.5,138.0,2151.25,1692.75,21.650000095367,43.97500038147,1.12416542728111
2004-04-29 16:00:00,2004-04-29,16:00:00,3.9,1495.0,21.23900702566938,1330.5,246.0,615.25,136.0,2068.75,1635.25,21.375,44.449999809265,1.1175650104883064
2004-04-29 17:00:00,2004-04-29,17:00:00,4.9,1559.75,24.779305241893294,1423.5,247.0,579.0,143.0,2175.5,1687.5,20.824999809265,45.300000190735,1.101569728162644
2004-04-29 18:00:00,2004-04-29,18:00:00,5.4,1663.5,28.63320753783893,1518.5,271.0,553.25,145.0,2312.25,1819.5,20.175000190735,48.575000762939,1.1353643500764277
2004-04-29 19:00:00,2004-04-29,19:00:00,6.5,1760.6666666667,32.5820457260387,1610.3333333333,332.0,502.0,146.0,2488.3333333333,2006.0,20.233333587646,50.833334604899,1.1923862693264655
2004-04-29 20:00:00,2004-04-29,20:00:00,4.3,1524.0,19.238006003954077,1275.0,245.0,607.75,122.0,2046.25,1740.25,18.599999904633,57.64999961853,1.2233420346122454
2004-04-29 21:00:00,2004-04-29,21:00:00,2.9,1398.25,16.28934734607158,1188.5,180.0,646.0,112.0,1930.75,1577.0,18.199999809265,58.800000190735,1.21728870586828
2004-04-29 22:00:00,2004-04-29,22:00:00,2.7,1341.5,13.66658128985558,1105.75,156.0,694.0,102.0,1856.0,1443.0,17.849999427795,60.97500038147,1.235244899112072
2004-04-29 23:00:00,2004-04-29,23:00:00,2.8,1432.75,13.605630197714015,1103.75,172.0,681.0,97.0,1876.25,1411.25,16.974999904633,70.650001525879,1.3554282038616814
2004-04-30 00:00:00,2004-04-30,00:00:00,2.3,1297.25,11.123625027988624,1018.75,137.0,732.75,85.0,1822.75,1216.5,16.200000286102,76.875,1.405058710711074
2004-04-30 01:00:00,2004-04-30,01:00:00,1.7,1178.75,7.6350173007290705,884.0,91.0,830.0,76.0,1696.25,1086.0,15.725000143051,78.599998474121,1.3943484677671674
2004-04-30 02:00:00,2004-04-30,02:00:00,1.2,1096.75,5.940075060201868,809.0,80.0,897.25,74.0,1628.25,1049.5,15.724999904633,78.449998855591,1.391687483243912
2004-04-30 03:00:00,2004-04-30,03:00:00,1.0,1053.75,4.951779114948694,761.0,74.0,962.75,70.0,1597.75,964.5,15.674999952316,77.375,1.3683043042727925
2004-04-30 05:00:00,2004-04-30,05:00:00,0.8,1005.0,4.500866777005056,737.75,68.0,1004.5,66.0,1563.25,916.5,15.650000095367,74.724998474121,1.3193632938493325
2004-04-30 06:00:00,2004-04-30,06:00:00,1.7,1205.75,9.25461476874498,949.25,162.0,818.25,90.0,1771.0,1115.75,15.924999713898,73.125001907349,1.313641723207538
2004-04-30 07:00:00,2004-04-30,07:00:00,3.0,1457.75,18.32976825325144,1249.0,213.0,662.0,111.0,2033.0,1379.75,16.550000190735,68.174999237061,1.2736706850791155
2004-04-30 08:00:00,2004-04-30,08:00:00,3.4,1405.25,19.940394484258096,1294.75,161.0,638.0,103.0,2064.5,1377.5,18.724999904633,57.625000953674,1.2322741844588934
2004-04-30 09:00:00,2004-04-30,09:00:00,3.3,1381.25,16.619513457363613,1198.5,209.0,684.75,117.0,1969.5,1364.75,17.574999809265,65.0,1.294497497197404
2004-04-30 10:00:00,2004-04-30,10:00:00,2.7,1314.5,12.646267058074494,1071.75,191.0,735.5,116.0,1833.25,1273.0,16.299999237061,73.174999237061,1.3458453405509414
2004-04-30 11:00:00,2004-04-30,11:00:00,2.6,1332.25,12.935403223060518,1081.5,215.0,706.5,109.0,1889.0,1241.5,16.049999713898,78.47500038147,1.4208637993827462
2004-04-30 12:00:00,2004-04-30,12:00:00,3.2,1361.5,14.878242654505954,1144.75,212.0,673.0,116.0,1972.5,1294.25,17.25,72.375001907349,1.4125279130664443
2004-04-30 13:00:00,2004-04-30,13:00:00,3.4,1398.5,17.389585098903208,1221.5,202.0,642.5,115.0,2060.75,1413.0,19.35000038147,60.949999809265,1.354460230949523
2004-04-30 14:00:00,2004-04-30,14:00:00,2.6,1310.25,15.363921475301677,1160.0,153.0,694.75,94.0,1939.25,1224.25,21.39999961853,50.924999237061,1.2822989259862505
2004-04-30 15:00:00,2004-04-30,15:00:00,3.4,1399.25,16.685885382952215,1200.5,185.0,699.25,121.0,1971.25,1317.75,22.699999809265,45.77499961853,1.2465484083637006
2004-04-30 16:00:00,2004-04-30,16:00:00,4.0,1523.5,17.99401672262385,1239.25,210.0,643.5,114.0,2138.75,1403.5,20.900000572205,60.800001144409,1.485238238323089
2004-04-30 17:00:00,2004-04-30,17:00:00,4.5,1487.0,19.20272791618361,1274.0,215.0,640.5,110.0,2132.75,1470.75,21.025000095367,54.250000953674,1.335327842414273
2004-04-30 18:00:00,2004-04-30,18:00:00,4.2,1479.75,20.99114229848315,1323.75,215.0,622.0,122.0,2162.25,1623.0,20.775000095367,54.425001144409,1.3194487672820148
2004-04-30 19:00:00,2004-04-30,19:00:00,5.7,1625.75,26.87975794179499,1476.0,281.0,555.0,135.0,2355.75,1786.0,19.800000190735,58.625,1.3392217061321487
2004-04-30 20:00:00,2004-04-30,20:00:00,4.4,1449.25,19.494597136811635,1282.25,254.0,625.0,133.0,2099.5,1568.5,19.075000286102,61.075000762939,1.334499861719216
2004-04-30 21:00:00,2004-04-30,21:00:00,3.1,1362.5,15.100351352212376,1151.75,189.0,683.75,110.0,1951.25,1494.75,18.200000286102,65.350002288818,1.3528881259062195
2004-04-30 22:00:00,2004-04-30,22:00:00,3.0,1371.25,14.59473877353001,1135.75,174.0,689.0,102.0,1926.75,1471.25,18.074999809265,66.10000038147,1.357868855272095
2004-04-30 23:00:00,2004-04-30,23:00:00,3.1,1406.25,13.697100382456911,1106.75,167.0,718.25,108.0,1871.5,1383.75,17.699999809265,66.875,1.3422182010696533
2004-05-01 00:00:00,2004-05-01,00:00:00,3.5,1424.5,15.187991985721863,1154.5,185.0,709.25,110.0,1935.75,1788.75,17.775000095367,66.750001907349,1.345959864201086
2004-05-01 01:00:00,2004-05-01,01:00:00,2.4,1179.0,9.293399930759756,950.75,129.0,825.75,84.0,1723.5,1322.5,17.275000095367,68.27499961853,1.3345848697226224
2004-05-01 02:00:00,2004-05-01,02:00:00,1.6,1046.75,6.462705341030986,833.0,85.0,939.25,71.0,1647.25,1081.0,16.525000095367,70.224998474121,1.3099186335166972
2004-05-01 03:00:00,2004-05-01,03:00:00,1.3,1009.25,6.280933632518836,824.75,54.5,950.0,51.5,1628.5,937.75,15.650000095367,73.075000762939,1.2902305208881812
2004-05-01 05:00:00,2004-05-01,05:00:00,0.6,858.0,2.566706973107863,624.0,24.0,1205.25,32.0,1434.25,543.0,16.650000095367,67.124999046326,1.2619229465477226
2004-05-01 06:00:00,2004-05-01,06:00:00,0.7,874.5,3.104478541444618,658.5,30.0,1180.0,35.0,1451.75,561.25,16.724999904633,66.874998092651,1.2631312913600283
2004-05-01 07:00:00,2004-05-01,07:00:00,1.2,1012.0,6.451625978003892,832.5,75.0,915.75,67.0,1632.25,861.75,16.875000476837,66.549999237061,1.2688256915163194
2004-05-01 08:00:00,2004-05-01,08:00:00,1.5,1049.25,6.534918634306473,836.25,79.0,926.0,73.0,1615.0,900.75,17.724999427795,61.97500038147,1.245804234450369
2004-05-01 09:00:00,2004-05-01,09:00:00,1.8,1131.0,8.81989445253267,932.25,104.0,854.25,86.0,1692.75,1048.25,19.425000190735,54.574999809265,1.218386356145657
2004-05-01 10:00:00,2004-05-01,10:00:00,2.1,1119.5,8.781965454686262,930.75,118.0,885.75,89.0,1651.5,970.5,21.575000286102,46.075000762939,1.1725221760612543
2004-05-01 11:00:00,2004-05-01,11:00:00,1.9,1117.25,9.15795459328947,945.5,105.0,909.0,86.0,1656.5,915.0,24.625,36.674999237061,1.1201715962503869
2004-05-01 12:00:00,2004-05-01,12:00:00,2.0,1109.5,9.209452844252333,947.5,101.0,900.5,86.0,1632.0,890.75,26.000000476837,31.900001049042,1.0565930479855168
2004-05-01 13:00:00,2004-05-01,13:00:00,1.3,961.75,6.079764050342559,815.5,65.0,1043.75,66.0,1489.25,627.75,25.575000286102,31.52499961853,1.0184177367979412
2004-05-01 14:00:00,2004-05-01,14:00:00,1.3,963.25,6.512662727014059,835.25,59.0,1028.5,68.0,1495.25,555.75,24.775000572205,34.774998664856,1.0716122290175427
2004-05-01 15:00:00,2004-05-01,15:00:00,1.8,1050.25,9.215898780684322,947.75,80.0,928.0,82.0,1583.75,651.5,26.125,30.275000572205,1.0101488818677111
2004-05-01 16:00:00,2004-05-01,16:00:00,2.0,1053.25,8.276765149047742,910.5,98.0,948.75,91.0,1603.25,683.0,25.474999904633,33.525000572205,1.076671251067215
2004-05-01 17:00:00,2004-05-01,17:00:00,1.8,1044.75,8.25214813535065,909.5,89.0,947.5,95.0,1597.5,623.75,23.674999713898,37.22500038147,1.0745750328232098
2004-05-01 18:00:00,2004-05-01,18:00:00,2.4,1123.75,10.963457959141822,1013.0,114.0,849.25,104.0,1675.75,732.75,22.25,38.949999809265,1.0323931961051376
2004-05-01 19:00:00,2004-05-01,19:00:00,4.0,1329.75,14.712582780369386,1139.5,195.0,759.25,131.0,1780.25,1062.25,20.650000095367,42.799999237061,1.029761382249692
2004-05-01 20:00:00,2004-05-01,20:00:00,2.8,1170.75,10.762921529695843,1005.75,156.0,834.75,112.0,1673.75,988.25,18.974999904633,51.675000190735,1.1221836115191808
2004-05-01 21:00:00,2004-05-01,21:00:00,2.0,1085.0,9.377671550694837,954.0,109.0,866.25,100.0,1655.5,870.5,17.75,55.500000953674,1.1173779602099327
2004-05-01 22:00:00,2004-05-01,22:00:00,3.6,1358.25,14.838728111641782,1143.5,184.0,727.0,115.0,1851.25,1242.5,17.39999961853,57.574999809265,1.1342188587141384
2004-05-01 23:00:00,2004-05-01,23:00:00,3.7,1385.0,13.310158892741038,1094.0,190.0,764.75,129.0,1768.75,1174.5,17.574999809265,58.47500038147,1.1645498714220024
2004-05-02 00:00:00,2004-05-02,00:00:00,2.3,1167.0,8.369357194834848,914.25,105.0,876.0,99.0,1599.25,1125.5,17.224999904633,59.275000572205,1.1550581821163557
2004-05-02 01:00:00,2004-05-02,01:00:00,1.8,1072.0,7.862537749302659,893.5,76.0,892.5,74.0,1645.5,1118.0,17.050000190735,60.35000038147,1.163250473616806
2004-05-02 02:00:00,2004-05-02,02:00:00,0.9,938.25,5.524163125188419,789.25,38.0,988.75,55.0,1535.75,864.0,16.400000095367,62.175000190735,1.1507195187773591
2004-05-02 03:00:00,2004-05-02,03:00:00,1.6,999.75,6.573944331732766,838.0,35.5,909.5,46.0,1580.0,942.0,14.849999904633,67.625,1.1351921625980057
2004-05-02 05:00:00,2004-05-02,05:00:00,0.6,814.75,2.630592414772159,628.25,33.0,1211.75,37.0,1425.5,689.25,14.650000095367,65.22500038147,1.0811178640049033
2004-05-02 06:00:00,2004-05-02,06:00:00,0.7,865.5,3.6200695828222633,689.25,57.0,1138.25,45.0,1456.25,766.5,13.125,70.174999237061,1.0554236171580664
2004-05-02 07:00:00,2004-05-02,07:00:00,0.8,910.5,4.755590080852426,751.0,48.0,1035.75,46.0,1518.0,816.5,14.299999952316,66.174999237061,1.072763358668052
2004-05-02 08:00:00,2004-05-02,08:00:00,1.2,987.5,5.876070610205183,806.0,87.0,951.25,68.0,1568.25,940.25,15.950000047684,61.599999427795,1.10834256581309
2004-05-02 09:00:00,2004-05-02,09:00:00,1.4,1046.0,6.872631584563263,851.25,94.0,919.5,77.0,1595.25,907.75,17.724999904633,56.425000190735,1.1342397065630485
2004-05-02 10:00:00,2004-05-02,10:00:00,1.6,1084.6666666667,8.45410087335922,917.66666666667,89.0,890.0,79.0,1639.0,871.33333333333,21.266667048136,44.666666666667,1.1156688877553151
2004-05-02 11:00:00,2004-05-02,11:00:00,1.3,1007.75,6.085164330889835,815.75,78.0,1015.0,72.0,1530.75,689.25,23.575000286102,36.35000038147,1.0430787108638022
2004-05-02 12:00:00,2004-05-02,12:00:00,1.3,1004.25,6.199041963295953,821.0,72.0,1030.75,68.0,1510.0,628.5,24.25,33.974999427795,1.0148846185036786
2004-05-02 13:00:00,2004-05-02,13:00:00,1.1,948.0,4.814091628341016,754.0,64.0,1086.0,64.0,1436.25,601.75,24.400000095367,32.724999904633,0.9862855796735776
2004-05-02 14:00:00,2004-05-02,14:00:00,1.2,1026.25,6.7818659104834325,847.25,70.0,1009.75,73.0,1518.75,617.25,24.550000190735,31.724999427795,0.9646873238601724
2004-05-02 15:00:00,2004-05-02,15:00:00,1.5,1046.5,7.044201699807389,858.75,92.0,947.5,84.0,1537.75,676.75,23.875,34.300000190735,1.0020045812528011
2004-05-02 16:00:00,2004-05-02,16:00:00,1.1,1017.5,5.539721776547866,790.0,69.0,1046.75,67.0,1443.25,579.75,25.925000667572,28.074999809265,0.9258167360132992
2004-05-02 17:00:00,2004-05-02,17:00:00,1.9,1159.5,9.462267272690143,957.25,131.0,883.75,106.0,1637.25,860.75,24.525000095367,32.324999809265,0.9814769283213975
2004-05-02 18:00:00,2004-05-02,18:00:00,2.3,1268.5,11.910476043392212,1046.5,144.0,808.5,114.0,1720.75,1079.75,22.550000190735,39.274998664856,1.0599529419624234
2004-05-02 19:00:00,2004-05-02,19:00:00,3.3,1394.0,13.811805346219716,1110.5,209.0,736.0,123.0,1853.25,1287.5,21.224999904633,47.47500038147,1.182824505154326
2004-05-02 20:00:00,2004-05-02,20:00:00,2.6,1291.75,10.687269183772557,1003.0,170.0,788.75,108.0,1753.0,1163.0,19.924999713898,54.874999046326,1.263178057417721
2004-05-02 21:00:00,2004-05-02,21:00:00,2.2,1211.75,9.698220270852254,966.25,152.0,840.0,100.0,1690.75,1043.25,19.425000667572,52.14999961853,1.1642482838108648
2004-05-02 22:00:00,2004-05-02,22:00:00,2.3,1137.25,10.1977220663889,985.0,171.0,857.75,118.0,1606.5,1044.75,19.400000095367,42.550000190735,0.9484724384186732
2004-05-02 23:00:00,2004-05-02,23:00:00,2.0,1080.25,8.264452734590268,910.0,153.0,922.75,121.0,1547.5,928.75,19.125,44.074999809265,0.9660119102844416
2004-05-03 00:00:00,2004-05-03,00:00:00,1.6,1030.75,7.096024091253,861.0,97.0,903.0,94.0,1533.5,824.5,18.02499961853,49.25,1.0085973595317217
2004-05-03 01:00:00,2004-05-03,01:00:00,0.8,916.5,3.03588610173811,654.25,37.0,1169.25,52.0,1414.0,545.25,17.624999523163,54.64999961853,1.0917594257775494
2004-05-03 02:00:00,2004-05-03,02:00:00,0.6,888.0,2.1870838868752016,597.75,26.0,1228.25,39.0,1396.75,499.75,16.400000095367,62.100001335144,1.149331458516004
2004-05-03 03:00:00,2004-05-03,03:00:00,0.4,871.5,1.7344371607597269,563.75,43.5,1284.0,48.0,1385.0,493.5,15.600000143051,65.25,1.148448538924949
2004-05-03 05:00:00,2004-05-03,05:00:00,0.7,963.75,3.7465224539215742,696.5,61.0,1066.5,57.0,1515.75,716.75,15.75,64.250000953674,1.1415767579524452
2004-05-03 06:00:00,2004-05-03,06:00:00,1.3,1146.5,8.172358854909016,906.25,152.0,815.25,80.0,1686.75,1126.25,15.950000286102,65.825000762939,1.1843612339424976
2004-05-03 07:00:00,2004-05-03,07:00:00,3.4,1492.75,21.128691785644097,1327.5,283.0,577.25,101.0,2193.25,1596.75,16.824999809265,62.450000762939,1.1869445012387092
2004-05-03 08:00:00,2004-05-03,08:00:00,4.7,1597.0,26.484172419185324,1466.25,320.0,517.75,109.0,2399.75,1687.0,16.900000095367,66.050000190735,1.261259671305628
2004-05-03 09:00:00,2004-05-03,09:00:00,3.4,1483.25,17.389585098903208,1221.5,318.0,596.5,109.0,2054.25,1529.0,17.375000476837,68.925003051758,1.3557021365898116
2004-05-03 10:00:00,2004-05-03,10:00:00,2.5,1221.5,12.883301872920768,1079.75,201.0,741.5,111.0,1754.75,1366.25,21.35000038147,44.97500038147,1.129054437708608
2004-05-03 11:00:00,2004-05-03,11:00:00,2.0,1060.25,10.880285962841752,1010.0,135.0,857.75,102.0,1623.0,1074.25,23.925000190735,30.724999904633,0.9002430484051406
2004-05-03 12:00:00,2004-05-03,12:00:00,1.9,1047.75,10.963457959141822,1013.0,127.0,885.75,96.0,1583.75,940.25,26.75,25.200000286102,0.8721333176626332
2004-05-03 13:00:00,2004-05-03,13:00:00,1.7,1050.5,10.824988044464702,1008.0,102.0,911.25,90.0,1561.0,920.5,28.425000190735,23.550000190735,0.8982761143024537
2004-05-03 14:00:00,2004-05-03,14:00:00,1.4,997.5,9.969956267880695,976.5,74.0,946.75,69.0,1495.75,695.25,30.324999809265,20.075000286102,0.8539255124155407
2004-05-03 15:00:00,2004-05-03,15:00:00,1.5,1057.75,11.242645342095422,1023.0,81.0,895.5,74.0,1580.0,795.0,30.925000190735,19.650000095367,0.8648787402940972
2004-05-03 16:00:00,2004-05-03,16:00:00,2.4,1203.25,16.80230750836118,1204.0,129.0,790.0,102.0,1744.25,1078.5,30.249999523163,20.474999904633,0.8672227776430012
2004-05-03 17:00:00,2004-05-03,17:00:00,3.9,1491.0,23.55415774776459,1392.0,190.0,629.5,128.0,2149.0,1473.25,26.400000095367,34.574999809265,1.172355353576438
2004-05-03 18:00:00,2004-05-03,18:00:00,4.2,1467.0,23.28550574957621,1385.0,192.0,622.5,130.0,2084.25,1492.5,24.949999809265,39.39999961853,1.226762782077091
2004-05-03 19:00:00,2004-05-03,19:00:00,3.7,1407.25,19.370544598978416,1278.75,163.0,659.75,120.0,2008.5,1308.0,23.5,43.699999809265,1.24839178565879
2004-05-03 20:00:00,2004-05-03,20:00:00,3.2,1323.5,13.05482847350086,1085.5,149.0,692.0,113.0,1902.5,1188.75,19.349999904633,63.124999046326,1.4027940697640735
2004-05-03 21:00:00,2004-05-03,21:00:00,2.0,1213.75,9.790648164067562,969.75,119.0,777.0,100.0,1771.25,1075.5,18.749999523163,64.599998474121,1.383560392904387
2004-05-03 22:00:00,2004-05-03,22:00:00,1.1,1015.5,5.338916979838759,780.25,61.0,966.5,70.0,1565.75,806.0,19.499999523163,57.10000038147,1.2806341900341276
2004-05-03 23:00:00,2004-05-03,23:00:00,1.5,1134.5,6.669133099118774,842.25,84.0,872.0,83.0,1652.75,972.75,18.89999961853,62.549999237061,1.3520907127873452
2004-05-04 00:00:00,2004-05-04,00:00:00,1.3,1064.75,5.513801056881632,788.75,79.0,936.0,81.0,1620.25,929.0,18.424999713898,65.75,1.3802335381691933
2004-05-04 01:00:00,2004-05-04,01:00:00,1.0,999.0,3.6721703843577305,692.25,58.0,1037.75,69.0,1588.25,777.5,16.424999713898,79.199998855591,1.4681109020756793
2004-05-04 02:00:00,2004-05-04,02:00:00,0.6,910.5,2.1975696365984105,598.5,32.0,1189.25,48.0,1516.75,633.25,16.124999523163,80.049999237061,1.4562203048020994
2004-05-04 03:00:00,2004-05-04,03:00:00,0.4,872.5,1.498226967449557,544.5,40.5,1307.5,47.5,1471.0,497.0,15.649999856949,81.000001907349,1.4301563050688808
2004-05-04 05:00:00,2004-05-04,05:00:00,0.6,966.5,2.900666704377631,645.75,49.0,1116.75,47.0,1552.0,578.5,15.675000190735,80.5,1.4235670196726942
2004-05-04 06:00:00,2004-05-04,06:00:00,1.9,1280.0,9.943304590471374,975.5,180.0,780.0,88.0,1911.75,1002.75,16.025000095367,80.775001525879,1.4602133960491046
2004-05-04 07:00:00,2004-05-04,07:00:00,4.5,1564.25,23.03722055740186,1378.5,302.0,551.5,109.0,2306.0,1393.0,16.550000190735,77.999998092651,1.457224966902974
2004-05-04 08:00:00,2004-05-04,08:00:00,4.3,1505.25,22.25222568641504,1357.75,258.0,555.5,113.0,2248.25,1406.25,16.125,79.150001525879,1.4398481435941537
2004-05-04 09:00:00,2004-05-04,09:00:00,3.2,1308.5,16.20724746898854,1186.0,192.0,648.5,104.0,1973.0,1307.75,17.650000095367,70.825000762939,1.4170908184750293
2004-05-04 10:00:00,2004-05-04,10:00:00,1.3,1035.0,7.904759767489353,895.25,84.0,897.5,65.0,1656.75,862.5,20.250000476837,54.799999237061,1.2867391220858684
2004-05-04 11:00:00,2004-05-04,11:00:00,2.2,1147.75,12.352616700065974,1061.75,128.0,753.25,87.0,1825.0,1003.75,21.200000286102,49.325000762939,1.227056161245982
2004-05-04 12:00:00,2004-05-04,12:00:00,2.6,1151.75,13.620857081130447,1104.25,145.0,724.75,99.0,1859.5,1022.75,21.549999713898,47.925000190735,1.2177590855921785
2004-05-04 13:00:00,2004-05-04,13:00:00,2.3,1130.5,12.279664077200536,1059.25,132.0,771.5,100.0,1784.25,977.75,21.449999809265,47.699999809265,1.204732826842246
2004-05-04 14:00:00,2004-05-04,14:00:00,2.4,1141.75,12.105330063304644,1053.25,136.0,753.25,105.0,1813.5,979.25,20.35000038147,54.0,1.2757105297944211
2004-05-04 15:00:00,2004-05-04,15:00:00,2.6,1197.25,12.935403223060518,1081.5,140.0,752.75,97.0,1851.25,970.75,19.949999809265,57.074999809265,1.3158297935703238
2004-05-04 16:00:00,2004-05-04,16:00:00,1.2,959.5,6.341278497026854,827.5,55.0,971.0,54.0,1564.75,616.5,19.924999713898,55.175000190735,1.2700838409148238
2004-05-04 17:00:00,2004-05-04,17:00:00,1.6,1077.25,10.63924528110766,1001.25,67.0,836.0,59.0,1764.0,717.25,19.525000095367,55.700000762939,1.2511514248390805
2004-05-04 18:00:00,2004-05-04,18:00:00,3.9,1377.0,20.58079447046756,1312.5,191.0,611.5,109.0,2119.5,1219.5,18.349999904633,62.824999809265,1.3127343148677677
2004-05-04 19:00:00,2004-05-04,19:00:00,4.7,1404.5,22.064807192222005,1352.75,227.0,602.25,125.0,2185.0,1296.25,17.200000286102,68.299999237061,1.3288523623140147
2004-05-04 20:00:00,2004-05-04,20:00:00,5.4,1484.0,20.81746308831208,1319.0,264.0,590.75,132.0,2165.5,1413.25,16.099999904633,75.175001144409,1.3653933324069485
2004-05-04 21:00:00,2004-05-04,21:00:00,3.0,1186.5,11.774165410493625,1041.75,196.0,765.5,110.0,1839.5,1092.5,16.574999570847,70.824998855591,1.3252502068530976
2004-05-04 22:00:00,2004-05-04,22:00:00,0.9,869.5,4.340616682903839,729.25,43.0,1096.0,53.0,1475.0,585.5,18.499999523163,56.0,1.181017376118071
2004-05-04 23:00:00,2004-05-04,23:00:00,1.1,931.5,5.026220202644115,764.75,58.0,1054.25,61.0,1542.75,574.75,17.324999332428,59.5,1.1666837831085262
2004-05-05 00:00:00,2004-05-05,00:00:00,0.7,830.25,2.328646677612899,607.75,33.0,1281.5,41.0,1369.75,441.0,18.625,52.324998855591,1.1120584448897166
2004-05-05 01:00:00,2004-05-05,01:00:00,0.5,778.0,1.3756440392284806,534.0,14.0,1479.5,22.0,1294.25,358.25,19.0,49.800001144409,1.0831306950849509
2004-05-05 02:00:00,2004-05-05,02:00:00,0.5,820.0,1.4529578265783594,540.66666666667,18.0,1449.6666666667,28.0,1360.0,377.0,15.666666348775,64.500001271566,1.1400237767343326
2004-05-05 03:00:00,2004-05-05,03:00:00,0.5,841.5,1.7534594790397695,565.25,37.0,1326.75,41.0,1398.75,436.5,15.475000143051,66.949998855591,1.1691247997379404
2004-05-05 05:00:00,2004-05-05,05:00:00,0.8,926.5,3.486948129647091,681.5,56.0,1109.0,54.0,1526.25,579.5,14.575000047684,77.14999961853,1.2727093142218535
2004-05-05 06:00:00,2004-05-05,06:00:00,1.3,1059.75,6.855573841730506,850.5,108.0,911.5,81.0,1673.25,804.5,14.5,78.27499961853,1.2851376043782847
2004-05-05 07:00:00,2004-05-05,07:00:00,3.5,1439.75,19.10585555653207,1271.25,251.0,630.0,107.0,2163.0,1272.5,15.050000190735,76.825000762939,1.3060512016813248
2004-05-05 09:00:00,2004-05-05,09:00:00,3.9,1384.25,18.886468433195493,1265.0,255.0,619.75,124.0,2143.25,1307.25,16.375000476837,72.39999961853,1.3378644908494723
2004-05-05 10:00:00,2004-05-05,10:00:00,2.9,1172.25,13.024928299631268,1084.5,214.0,737.25,123.0,1875.75,1102.0,16.349999427795,68.60000038147,1.265661015631807
2004-05-05 11:00:00,2004-05-05,11:00:00,2.6,1142.75,12.98013285612212,1083.0,190.0,735.0,120.0,1886.5,1082.5,17.199999809265,62.85000038147,1.2228165436387068
2004-05-05 12:00:00,2004-05-05,12:00:00,3.0,1167.0,14.547714339820429,1134.25,182.0,709.0,113.0,1920.25,1082.75,17.425000190735,61.125,1.2060273193244098
2004-05-05 13:00:00,2004-05-05,13:00:00,3.7,1302.75,19.69021852480539,1287.75,202.0,618.0,114.0,2115.5,1235.75,16.824999809265,66.774997711182,1.2691467635745926
2004-05-05 14:00:00,2004-05-05,14:00:00,3.9,1263.5,19.379394296493,1279.0,224.0,630.5,120.0,2049.0,1222.75,17.299999713898,62.625,1.2260498826202422
2004-05-05 15:00:00,2004-05-05,15:00:00,3.5,1241.5,16.44582406398566,1193.25,221.0,683.75,125.0,1944.5,1174.75,17.474999904633,60.77499961853,1.2028557827076267
2004-05-05 16:00:00,2004-05-05,16:00:00,2.4,1069.5,11.221602522216635,1022.25,126.0,823.5,88.0,1740.0,933.25,17.5,59.150000572205,1.172514823347248
2004-05-05 17:00:00,2004-05-05,17:00:00,1.6,980.75,9.996638353840906,977.5,79.0,857.25,72.0,1681.75,834.75,17.674999713898,56.85000038147,1.139241340129519
2004-05-05 18:00:00,2004-05-05,18:00:00,3.0,1198.0,14.59473877353001,1135.75,137.0,716.75,103.0,1870.25,1291.25,17.074999809265,61.5,1.187266014545857
2004-05-05 19:00:00,2004-05-05,19:00:00,1.6,999.75,8.468605670477224,918.25,68.0,881.25,67.0,1660.5,802.25,17.5,63.900001525879,1.266672836453227
2004-05-05 20:00:00,2004-05-05,20:00:00,2.1,1109.5,9.2417017512885,948.75,96.0,849.5,79.0,1733.0,841.5,15.899999856949,70.650001525879,1.267187420127624
2004-05-05 21:00:00,2004-05-05,21:00:00,1.8,1023.25,6.935331178319356,854.0,111.0,917.75,89.0,1637.25,743.75,15.099999904633,75.050001144409,1.2799146558012278
2004-05-05 22:00:00,2004-05-05,22:00:00,1.1,860.75,3.720208003769157,695.0,56.0,1130.0,67.0,1438.0,499.5,13.949999809265,72.549999237061,1.150204052804766
2004-05-05 23:00:00,2004-05-05,23:00:00,1.5,968.75,4.927070715920718,759.75,81.0,1059.0,83.0,1518.25,559.75,12.02499961853,79.75,1.1174929506511306
2004-05-06 00:00:00,2004-05-06,00:00:00,1.4,897.75,4.558016073200626,740.75,79.0,1085.0,76.0,1467.5,588.5,12.474999904633,75.825000762939,1.0937715789447922
2004-05-06 01:00:00,2004-05-06,01:00:00,0.9,834.75,3.3643452265751663,674.25,46.0,1201.0,58.0,1416.0,487.5,11.999999761581,75.049999237061,1.0499379275353058
2004-05-06 02:00:00,2004-05-06,02:00:00,0.5,765.75,1.246539295843928,522.5,19.0,1533.5,30.0,1310.0,387.0,12.600000143051,72.224998474121,1.0502549588262435
2004-05-06 03:00:00,2004-05-06,03:00:00,0.4,742.5,1.030001273285544,502.0,33.5,1634.5,40.0,1291.5,354.5,12.700000047684,71.64999961853,1.0486138123414477
2004-05-06 05:00:00,2004-05-06,05:00:00,0.6,804.0,2.275117264830333,604.0,48.0,1365.75,50.0,1357.25,419.5,13.224999904633,64.574999809265,0.977441449593895
2004-05-06 06:00:00,2004-05-06,06:00:00,1.3,948.0,6.117608927663041,817.25,128.0,1048.25,92.0,1545.5,695.0,13.050000190735,65.574999809265,0.9815105144409264
2004-05-06 07:00:00,2004-05-06,07:00:00,2.9,1204.0,16.818967406464125,1204.5,193.0,728.5,101.0,1983.5,1138.75,14.650000095367,58.450000762939,0.968820844865274
2004-05-06 08:00:00,2004-05-06,08:00:00,3.6,1230.75,20.282070405442376,1304.25,203.0,652.25,121.0,2029.0,1314.75,15.900000095367,53.125,0.952856776350344
2004-05-06 09:00:00,2004-05-06,09:00:00,3.4,1175.75,16.363388395708625,1190.75,220.0,704.5,130.0,1836.25,1216.5,17.924999713898,46.125,0.9387653489310996
2004-05-06 10:00:00,2004-05-06,10:00:00,2.5,1042.5,12.484395362586618,1066.25,161.0,788.75,114.0,1691.75,1014.25,20.224999904633,37.675000190735,0.8832849106035094
2004-05-06 11:00:00,2004-05-06,11:00:00,2.1,992.25,9.797264454790868,970.0,135.0,869.25,100.0,1624.0,883.75,18.5,42.799999237061,0.9026347193727094
2004-05-06 12:00:00,2004-05-06,12:00:00,1.1,884.5,5.176520430800061,772.25,57.0,1035.25,56.0,1450.0,523.5,13.0,64.25,0.9585998375249628
2004-05-06 13:00:00,2004-05-06,13:00:00,1.8,990.75,8.934099266185445,936.75,91.0,874.25,75.0,1580.5,644.0,15.124999523163,54.5,0.9309212958657492
2004-05-06 14:00:00,2004-05-06,14:00:00,3.0,1181.5,14.06559020792421,1118.75,219.0,732.75,121.0,1831.25,1032.25,13.649999856949,65.474999427795,1.0183650145322056
2004-05-06 15:00:00,2004-05-06,15:00:00,3.1,1190.75,12.720138818767603,1074.25,239.0,740.75,128.0,1816.0,1037.75,12.274999856949,78.324998855591,1.1153713090992483
2004-05-06 16:00:00,2004-05-06,16:00:00,3.6,1271.5,14.602582468637795,1136.0,209.0,729.5,139.0,1868.5,1076.5,12.700000047684,74.225002288818,1.0862995538802624
2004-05-06 17:00:00,2004-05-06,17:00:00,3.3,1137.75,12.389162076428056,1063.0,169.0,803.75,122.0,1727.5,982.5,14.425000190735,64.200001716614,1.0490442035140677
2004-05-06 18:00:00,2004-05-06,18:00:00,1.8,1008.25,9.364685579922574,953.5,92.0,891.75,92.0,1625.5,833.75,15.600000143051,58.325000762939,1.02656340090412
2004-05-06 19:00:00,2004-05-06,19:00:00,2.1,1074.75,11.00514517864626,1014.5,107.0,823.75,97.0,1721.75,949.0,14.975000143051,61.374999046326,1.038458637443633
2004-05-06 20:00:00,2004-05-06,20:00:00,2.2,1033.75,8.876918559397476,934.5,122.0,869.5,98.0,1605.25,941.25,13.674999952316,65.824998855591,1.0254440141878056
2004-05-06 21:00:00,2004-05-06,21:00:00,1.6,933.75,6.629867075396747,840.5,100.0,972.75,93.0,1497.0,756.0,12.25,66.399998664856,0.9440330574892551
2004-05-06 22:00:00,2004-05-06,22:00:00,0.9,883.25,3.8971281280841183,705.0,51.0,1133.0,65.0,1421.5,654.5,15.400000333786,58.77499961853,1.0215251917475965
2004-05-06 23:00:00,2004-05-06,23:00:00,1.8,1021.25,7.322455859811446,870.75,93.0,938.0,81.0,1586.0,804.5,14.125,64.899997711182,1.040450363504737
2004-05-07 00:00:00,2004-05-07,00:00:00,2.3,1058.75,8.190742427541943,907.0,145.0,878.5,102.0,1579.0,969.5,13.800000190735,64.749999046326,1.0167745651747286
2004-05-07 01:00:00,2004-05-07,01:00:00,2.0,1023.25,7.480989319917876,877.5,106.0,895.75,91.0,1567.75,969.0,13.474999904633,67.75,1.042034299231812
2004-05-07 02:00:00,2004-05-07,02:00:00,0.9,855.25,3.2808838245676197,669.25,46.0,1160.0,56.0,1427.0,670.75,13.650000095367,69.39999961853,1.0794124981060171
2004-05-07 03:00:00,2004-05-07,03:00:00,0.6,825.5,2.4409510265512,615.5,48.5,1227.25,52.0,1383.5,575.0,13.925000190735,67.675000190735,1.0712083803887094
2004-05-07 05:00:00,2004-05-07,05:00:00,0.7,817.0,2.795163092071645,639.0,51.0,1259.5,48.0,1363.75,488.75,14.575000047684,61.074999809265,1.007527174435397
2004-05-07 06:00:00,2004-05-07,06:00:00,1.5,972.0,7.528239978446694,879.5,89.0,963.5,72.0,1589.5,688.75,14.349999904633,60.549999237061,0.9847001167908844
2004-05-07 07:00:00,2004-05-07,07:00:00,3.7,1199.75,19.77941248374077,1290.25,214.0,656.75,106.0,2013.75,1196.0,14.900000095367,56.89999961853,0.9581841210979968
2004-05-07 08:00:00,2004-05-07,08:00:00,4.2,1233.75,22.13969348822825,1354.75,196.0,620.75,107.0,2095.0,1265.5,16.400000095367,50.175000190735,0.9286264880903082
2004-05-07 09:00:00,2004-05-07,09:00:00,3.4,1164.0,14.97326027475355,1147.75,224.0,741.0,127.0,1824.25,1129.5,16.049999713898,50.875,0.9211397953769992
2004-05-07 10:00:00,2004-05-07,10:00:00,2.4,975.75,9.332254224116117,952.25,174.0,877.75,114.0,1582.0,833.5,18.625,42.775000572205,0.9090931993666024
2004-05-07 11:00:00,2004-05-07,11:00:00,1.3,843.5,6.286409362355982,825.0,90.0,1026.5,101.0,1405.0,536.25,19.700000286102,33.675000190735,0.7645727982762358
2004-05-07 12:00:00,2004-05-07,12:00:00,1.5,850.5,8.153992895574259,905.5,89.0,988.5,95.0,1417.75,544.75,21.150000095367,27.675000190735,0.6863863184092346
2004-05-07 13:00:00,2004-05-07,13:00:00,2.2,926.0,10.873367154415863,1009.75,132.0,904.25,110.0,1525.75,720.25,19.650000572205,28.47500038147,0.6445329219384615
2004-05-07 14:00:00,2004-05-07,14:00:00,1.8,890.25,9.2739987056744,950.0,114.0,940.25,101.0,1459.75,655.25,19.775000095367,29.72500038147,0.6779958927508151
2004-05-07 15:00:00,2004-05-07,15:00:00,1.9,920.75,8.356986220752834,913.75,107.0,936.75,106.0,1480.75,613.75,19.22500038147,35.625,0.7856224936045648
2004-05-07 16:00:00,2004-05-07,16:00:00,2.3,1052.25,9.436203325826618,956.25,140.0,868.5,116.0,1600.0,725.25,14.225000143051,60.52499961853,0.9765041485220546
2004-05-07 17:00:00,2004-05-07,17:00:00,3.6,1246.6666666667,17.939742878171298,1237.6666666667,187.0,691.33333333333,124.0,1947.6666666667,1036.0,12.899999936422,69.133331298828,1.0248619578659992
2004-05-07 18:00:00,2004-05-07,18:00:00,4.3,1205.0,17.414946178036452,1222.25,222.0,683.5,133.0,1911.0,1127.25,12.675000190735,70.449998855591,1.0293960868180303
2004-05-07 19:00:00,2004-05-07,19:00:00,2.2,1016.25,10.461678833610192,994.75,117.0,857.25,96.0,1641.5,853.75,13.900000095367,62.675001144409,0.9904855119983396
2004-05-07 20:00:00,2004-05-07,20:00:00,1.5,983.5,7.522326710746406,879.25,89.0,939.5,85.0,1527.25,792.25,13.900000333786,62.949998855591,0.9948314584079992
2004-05-07 21:00:00,2004-05-07,21:00:00,2.0,1041.0,7.977364527024395,898.25,130.0,921.75,97.0,1594.5,890.5,13.424999952316,65.200000762939,0.9996132673698068
2004-05-07 22:00:00,2004-05-07,22:00:00,2.0,1027.0,7.712532646275954,887.25,133.0,926.5,97.0,1568.25,875.75,13.350000143051,64.649998664856,0.9864374901838868
2004-05-07 23:00:00,2004-05-07,23:00:00,2.1,1025.25,7.287422947152213,869.25,144.0,954.25,101.0,1530.75,851.0,13.299999713898,63.625000953674,0.9676968371103618
2004-05-08 00:00:00,2004-05-08,00:00:00,1.5,983.75,6.37429750967153,829.0,99.0,1003.25,85.0,1515.75,786.5,13.349999904633,61.824998855591,0.943333287408385
2004-05-08 01:00:00,2004-05-08,01:00:00,2.2,969.25,5.560495657617175,791.0,102.0,1084.25,80.0,1445.5,711.0,13.625,59.699999809265,0.9270625907104936
2004-05-08 02:00:00,2004-05-08,02:00:00,0.5,757.75,1.5101335776236329,545.5,27.0,1482.5,33.0,1252.0,396.0,14.600000143051,53.300001144409,0.8806618585568551
2004-05-10 09:00:00,2004-05-10,09:00:00,4.4,1377.75,20.218944199503536,1302.5,257.0,633.25,117.0,2050.5,1494.25,17.849999904633,51.149998664856,1.0362078952591534
2004-05-10 10:00:00,2004-05-10,10:00:00,2.5,1131.5,13.362988476365068,1095.75,178.0,731.25,107.0,1807.5,1186.25,19.97500038147,44.950000762939,1.0378800150084937
2004-05-10 11:00:00,2004-05-10,11:00:00,2.1,1108.25,11.724114404886208,1040.0,145.0,767.0,95.0,1748.0,1051.0,20.299999713898,44.125,1.0392477476076492
2004-05-10 12:00:00,2004-05-10,12:00:00,2.4,1131.0,13.385657033345838,1096.5,137.0,735.25,93.0,1797.25,1026.75,20.72500038147,42.400000572205,1.0248015981662313
2004-05-10 13:00:00,2004-05-10,13:00:00,2.2,1105.0,12.898178824864663,1080.25,139.0,750.75,104.0,1758.25,981.0,20.849999904633,40.60000038147,0.9887796426424592
2004-05-10 14:00:00,2004-05-10,14:00:00,2.2,1120.0,13.355435931012265,1095.5,130.0,753.25,102.0,1767.25,975.5,21.474999904633,39.699999809265,1.004198952667609
2004-05-10 15:00:00,2004-05-10,15:00:00,2.3,1100.25,13.73529005407188,1108.0,148.0,799.75,109.0,1731.0,931.75,24.97500038147,30.125,0.9393620109040332
2004-05-10 16:00:00,2004-05-10,16:00:00,2.1,1098.0,14.220357031168104,1123.75,120.0,810.0,97.0,1715.75,871.25,25.174999713898,29.700000286102,0.9371106799689912
2004-05-10 17:00:00,2004-05-10,17:00:00,2.5,1136.5,17.805786960484756,1233.75,132.0,749.0,104.0,1824.25,989.75,23.449999809265,31.950000286102,0.9100061437898492
2004-05-10 18:00:00,2004-05-10,18:00:00,3.6,1266.75,22.046102522130635,1352.25,188.0,650.75,124.0,1960.5,1196.25,21.025000572205,37.775000572205,0.9298066467117364
2004-05-10 19:00:00,2004-05-10,19:00:00,4.0,1318.75,24.37774068147215,1413.25,204.0,596.75,135.0,2050.0,1329.0,19.224999904633,45.724999427795,1.0083533198105843
2004-05-10 20:00:00,2004-05-10,20:00:00,3.0,1160.25,16.314011789468903,1189.25,167.0,698.25,122.0,1824.25,1150.5,17.724999427795,50.89999961853,1.023177646921747
2004-05-10 21:00:00,2004-05-10,21:00:00,2.1,1083.5,12.389162076428056,1063.0,128.0,775.25,109.0,1702.5,1031.0,16.800000190735,53.574998855591,1.016674678649525
2004-05-10 22:00:00,2004-05-10,22:00:00,1.7,1024.5,9.606166402460245,962.75,106.0,841.75,95.0,1620.75,917.25,15.825000286102,56.199999809265,1.003268517317662
2004-05-10 23:00:00,2004-05-10,23:00:00,1.1,953.25,6.396350788469592,830.0,88.0,985.75,86.0,1520.5,860.0,15.950000047684,56.499999046326,1.0165804300833523
2004-05-11 00:00:00,2004-05-11,00:00:00,0.9,959.25,5.999005297727464,811.75,77.0,961.0,78.0,1518.0,910.0,14.225000143051,64.125,1.0345861861815835
2004-05-11 01:00:00,2004-05-11,01:00:00,0.4,833.5,2.7680827057444795,637.25,36.0,1187.0,53.0,1362.0,698.5,15.025000095367,59.750000953674,1.0141659415486195
2004-05-11 02:00:00,2004-05-11,02:00:00,0.2,786.75,1.5521226505649446,549.0,28.0,1365.75,43.0,1317.25,596.25,14.299999952316,61.874999046326,1.0030560265929696
2004-05-11 03:00:00,2004-05-11,03:00:00,0.2,799.0,1.6252427273055872,555.0,41.5,1326.5,45.5,1319.5,642.75,12.75,65.999999046326,0.96903322752814
2004-05-11 05:00:00,2004-05-11,05:00:00,0.6,866.25,3.5682865172598426,686.25,55.0,1134.75,48.0,1404.5,740.75,12.049999952316,68.02499961853,0.9547368980670078
2004-05-11 06:00:00,2004-05-11,06:00:00,1.4,1034.5,8.431329041899918,916.75,135.0,881.5,64.0,1606.0,967.5,11.349999904633,70.39999961853,0.9443040128309516
2004-05-11 07:00:00,2004-05-11,07:00:00,4.6,1469.25,27.49322632467909,1491.0,327.0,555.0,95.0,2301.0,1560.75,12.724999904633,65.625,0.9619808678517708
2004-05-11 08:00:00,2004-05-11,08:00:00,5.5,1553.25,31.01536196523493,1574.5,383.0,507.5,120.0,2422.75,1779.0,14.450000047684,59.849999427795,0.9795176965227176
2004-05-11 09:00:00,2004-05-11,09:00:00,4.8,1513.0,26.030838376143286,1455.0,366.0,554.0,153.0,2182.0,1821.75,17.525000095367,49.750000953674,0.9877147950618156
2004-05-11 10:00:00,2004-05-11,10:00:00,4.5,1395.25,22.63854414979002,1368.0,322.0,605.0,163.0,2032.25,1675.0,21.875,35.22500038147,0.9127994280909932
2004-05-11 11:00:00,2004-05-11,11:00:00,3.0,1208.75,18.295210456775816,1248.0,188.0,711.75,119.0,1891.0,1295.25,23.499999523163,29.525000095367,0.8434500389637044
2004-05-11 12:00:00,2004-05-11,12:00:00,2.5,1141.5,13.949989249812695,1115.0,144.0,775.75,96.0,1734.75,1090.75,24.325000286102,29.75,0.8926425499465178
2004-05-11 13:00:00,2004-05-11,13:00:00,2.3,1139.75,14.375845316221508,1128.75,132.0,765.25,94.0,1727.5,1023.25,23.800000190735,31.675000667572,0.9211979461651456
2004-05-11 14:00:00,2004-05-11,14:00:00,2.0,1105.25,11.567403475017644,1034.5,117.0,826.0,86.0,1643.0,877.0,24.150000095367,31.174999713898,0.925729908002055
2004-05-11 15:00:00,2004-05-11,15:00:00,1.9,1131.0,12.243256870893829,1058.0,121.0,823.5,91.0,1663.75,930.5,26.525000095367,27.175000190735,0.9282016321481544
2004-05-11 16:00:00,2004-05-11,16:00:00,1.9,1161.5,12.41843151040101,1064.0,124.0,832.0,97.0,1675.25,912.75,25.72500038147,28.374999523163,0.9247797643015824
2004-05-11 17:00:00,2004-05-11,17:00:00,3.5,1335.75,21.073626031400572,1326.0,188.0,673.75,125.0,1922.5,1254.75,26.349999904633,27.525000095367,0.9305793077039732
2004-05-11 18:00:00,2004-05-11,18:00:00,4.6,1532.75,29.93122171832732,1549.25,226.0,573.0,140.0,2233.25,1570.75,24.449999809265,31.574999809265,0.9544520545437408
2004-05-11 19:00:00,2004-05-11,19:00:00,6.3,1650.0,34.30938668943613,1649.0,266.0,528.25,158.0,2344.5,1779.0,23.074999809265,35.349999427795,0.9845298410600172
2004-05-11 20:00:00,2004-05-11,20:00:00,5.0,1535.0,26.14134515478638,1457.75,269.0,568.0,159.0,2120.25,1735.0,21.14999961853,40.200000762939,0.9970272641671368
2004-05-11 21:00:00,2004-05-11,21:00:00,3.3,1381.75,18.10563982891983,1242.5,183.0,631.5,128.0,1941.0,1511.0,19.199999809265,52.300000190735,1.151578815081839
2004-05-11 22:00:00,2004-05-11,22:00:00,2.7,1334.75,14.166106517351905,1122.0,167.0,673.25,114.0,1839.75,1424.25,18.099999427795,58.675000190735,1.2072067789075338
2004-05-11 23:00:00,2004-05-11,23:00:00,2.2,1267.0,12.42575346934998,1064.25,138.0,706.25,100.0,1765.5,1348.0,17.27499961853,58.800001144409,1.149375173573635
2004-05-12 00:00:00,2004-05-12,00:00:00,1.7,1121.5,8.656039174931239,925.75,105.0,804.75,88.0,1618.75,1173.75,16.924999713898,58.824999809265,1.125048593454258
2004-05-12 01:00:00,2004-05-12,01:00:00,0.8,986.25,5.151339345473077,771.0,54.0,964.25,67.0,1518.0,946.5,17.60000038147,57.574999809265,1.1484083595632593
2004-05-12 02:00:00,2004-05-12,02:00:00,0.8,966.0,4.615472500096256,743.75,58.0,967.0,65.0,1510.5,935.0,15.649999856949,63.925001144409,1.128675818338682
2004-05-12 03:00:00,2004-05-12,03:00:00,0.6,918.5,3.141056393473606,660.75,71.0,1089.25,61.0,1467.75,837.5,14.925000190735,65.650001525879,1.107282834933724
2004-05-12 05:00:00,2004-05-12,05:00:00,0.8,967.0,4.711914188280806,748.75,84.0,995.5,57.0,1517.0,880.5,14.024999856949,68.324998855591,1.0884081381163508
2004-05-12 06:00:00,2004-05-12,06:00:00,1.5,1151.75,9.645572227732076,964.25,134.0,799.75,73.0,1705.25,1095.5,14.524999856949,65.699998855591,1.0803909736873565
2004-05-12 07:00:00,2004-05-12,07:00:00,4.1,1500.25,23.602269521503597,1393.25,279.0,559.5,95.0,2163.0,1495.0,15.5,62.175000190735,1.0874529417267884
2004-05-12 08:00:00,2004-05-12,08:00:00,5.9,1754.0,37.380301370110594,1715.75,333.0,451.5,110.0,2666.5,1894.75,17.0,56.775000572205,1.0909348429949175
2004-05-12 09:00:00,2004-05-12,09:00:00,5.1,1558.0,26.575239411521075,1468.5,336.0,524.5,121.0,2281.0,1758.25,18.825000286102,52.449999809265,1.1285429520950387
2004-05-12 10:00:00,2004-05-12,10:00:00,3.9,1446.0,21.952680637394877,1349.75,280.0,567.75,108.0,2140.0,1630.25,19.724999904633,51.874999046326,1.1795981844613084
2004-05-12 11:00:00,2004-05-12,11:00:00,3.4,1349.0,17.865586704833834,1235.5,275.0,627.25,125.0,1963.75,1530.25,20.875,44.574999809265,1.087237457757022
2004-05-12 12:00:00,2004-05-12,12:00:00,3.3,1452.0,22.73319791536591,1370.5,207.0,576.0,117.0,2138.25,1622.25,21.949999809265,43.275000572205,1.1264867571768813
2004-05-12 13:00:00,2004-05-12,13:00:00,5.1,1675.5,29.273871694313044,1533.75,305.0,495.5,131.0,2412.5,1827.5,20.400000572205,55.724999427795,1.320480511837956
2004-05-12 14:00:00,2004-05-12,14:00:00,3.1,1327.25,14.68111821023768,1138.5,236.0,657.5,126.0,1893.75,1322.75,17.449999809265,67.049999237061,1.324988971666772
2004-05-12 15:00:00,2004-05-12,15:00:00,2.5,1247.75,12.638889972455347,1071.5,183.0,712.75,114.0,1797.0,1187.5,17.14999961853,64.0,1.2413181327716252
2004-05-12 16:00:00,2004-05-12,16:00:00,2.4,1249.5,12.712743389237184,1074.0,162.0,724.25,123.0,1806.25,1166.25,17.299999713898,61.074999809265,1.195704532489911
2004-05-12 17:00:00,2004-05-12,17:00:00,2.8,1221.75,13.009989174919578,1084.0,157.0,726.75,116.0,1797.25,1108.0,17.699999809265,56.300000190735,1.1299721117940855
2004-05-12 18:00:00,2004-05-12,18:00:00,2.9,1159.0,13.400778503920026,1097.0,136.0,747.5,107.0,1709.25,995.0,17.375,48.60000038147,0.955924838352882
2004-05-12 19:00:00,2004-05-12,19:00:00,3.4,1191.5,14.815040893310265,1142.75,166.0,740.25,123.0,1766.75,1107.75,17.574999809265,43.675000190735,0.8698027451846554
2004-05-12 20:00:00,2004-05-12,20:00:00,2.2,1074.25,9.377671550694837,954.0,136.0,846.0,112.0,1569.5,956.25,16.72500038147,47.22500038147,0.8919832403035431
2004-05-12 21:00:00,2004-05-12,21:00:00,1.6,984.0,6.866943662337093,851.0,112.0,959.25,101.0,1452.0,817.0,16.75,45.64999961853,0.8635827957607698
2004-05-12 22:00:00,2004-05-12,22:00:00,1.3,970.25,5.196702979071655,773.25,87.0,1025.75,91.0,1425.25,657.75,16.124999761581,52.0,0.9459520013042344
2004-05-12 23:00:00,2004-05-12,23:00:00,1.3,987.33333333333,5.741922235401254,799.66666666667,86.0,988.66666666667,88.0,1462.0,658.0,15.466666857402,57.066665649414,0.9960121689288274
2004-05-13 00:00:00,2004-05-13,00:00:00,1.6,1003.0,6.534918634306473,836.25,98.0,948.5,96.0,1455.25,747.5,16.174999713898,50.175000190735,0.9156207734160496
2004-05-13 01:00:00,2004-05-13,01:00:00,1.2,933.0,4.682892421913301,747.25,62.0,1045.0,75.0,1405.0,568.5,16.449999809265,50.52499961853,0.9380368653581864
2004-05-13 02:00:00,2004-05-13,02:00:00,0.6,859.0,2.510894470123048,620.25,32.0,1200.5,47.0,1315.5,445.0,16.174999952316,52.75,0.9626107889686762
2004-05-13 03:00:00,2004-05-13,03:00:00,0.4,814.5,1.4218161094645745,538.0,36.5,1412.25,48.0,1272.25,379.25,16.049999952316,53.699999809265,0.9722890924136572
2004-05-13 05:00:00,2004-05-13,05:00:00,0.4,835.0,1.6841441819825635,559.75,41.0,1409.0,49.0,1317.0,406.5,16.174999952316,53.699999809265,0.9799469039623572
2004-05-13 06:00:00,2004-05-13,06:00:00,1.0,974.5,4.462938156393024,735.75,86.0,1069.25,85.0,1459.0,611.25,15.89999961853,55.250000953674,0.9909710348090544
2004-05-13 07:00:00,2004-05-13,07:00:00,2.0,1132.5,9.44271643902197,956.5,174.0,815.25,106.0,1651.75,943.75,16.174999952316,55.624999046326,1.015075340632526
2004-05-13 08:00:00,2004-05-13,08:00:00,3.6,1347.25,17.899796358357186,1236.5,264.0,645.25,136.0,1984.25,1328.25,16.025000095367,59.25,1.0710942999882282
2004-05-13 09:00:00,2004-05-13,09:00:00,2.4,1121.75,10.59815534829328,999.75,211.0,782.5,119.0,1663.25,1084.5,16.60000038147,55.60000038147,1.041994229214685
2004-05-13 10:00:00,2004-05-13,10:00:00,2.4,1151.75,10.991241944664454,1014.0,208.0,773.75,122.0,1714.25,1139.25,17.424999713898,51.799999237061,1.0220402841411522
2004-05-13 11:00:00,2004-05-13,11:00:00,1.6,1020.25,7.217572131689938,866.25,139.0,906.5,90.0,1553.5,798.5,17.64999961853,49.699999809265,0.994414550846954
2004-05-13 12:00:00,2004-05-13,12:00:00,1.9,1065.5,8.69373563216166,927.25,138.0,846.25,97.0,1608.25,804.0,17.150000095367,52.77499961853,1.0236025926569043
2004-05-13 13:00:00,2004-05-13,13:00:00,2.4,1105.0,11.053865490184924,1016.25,142.0,789.25,98.0,1735.5,930.25,18.199999809265,49.599999427795,1.026828553038705
2004-05-13 14:00:00,2004-05-13,14:00:00,1.7,1056.0,7.874591345354043,894.0,131.0,891.0,93.0,1575.5,770.5,19.525000572205,45.025000572205,1.01136614891326
2004-05-13 15:00:00,2004-05-13,15:00:00,2.1,1083.75,9.790648164067562,969.75,132.0,817.75,98.0,1626.0,845.25,19.474999904633,45.5,1.0189071196256156
2004-05-13 16:00:00,2004-05-13,16:00:00,3.1,1287.75,16.37162401440561,1191.0,178.0,691.25,123.0,1910.25,1192.0,19.775000095367,44.300001144409,1.0104362805488505
2004-05-13 17:00:00,2004-05-13,17:00:00,4.6,1389.75,22.64800194906768,1368.25,228.0,605.0,148.0,2091.75,1493.5,20.25,43.074999809265,1.0114285875512807
2004-05-13 18:00:00,2004-05-13,18:00:00,4.5,1374.0,20.24598801498129,1303.25,232.0,635.75,148.0,2035.5,1457.0,20.299999713898,44.400000572205,1.0457246592281555
2004-05-13 19:00:00,2004-05-13,19:00:00,3.9,1377.75,21.654868067759192,1341.75,204.0,611.5,133.0,2075.75,1488.5,19.775000095367,47.875,1.09197823209044
2004-05-13 20:00:00,2004-05-13,20:00:00,4.6,1428.25,21.193012579265407,1329.25,250.0,593.75,141.0,2101.75,1601.5,19.14999961853,52.324999809265,1.1485946115970729
2004-05-13 21:00:00,2004-05-13,21:00:00,3.3,1335.5,15.864361525951503,1175.5,208.0,655.5,131.0,1890.5,1467.75,18.224999904633,54.674999237061,1.1336439827753315
2004-05-13 22:00:00,2004-05-13,22:00:00,2.7,1233.5,11.968070008525885,1048.5,158.0,746.25,121.0,1733.25,1273.5,17.799999713898,54.950000762939,1.1097422435984687
2004-05-13 23:00:00,2004-05-13,23:00:00,3.3,1300.0,17.381134907628116,1221.25,197.0,648.25,123.0,1945.75,1401.0,17.5,56.374999046326,1.117506701750825
2004-05-14 00:00:00,2004-05-14,00:00:00,2.5,1246.25,15.028806270003846,1149.5,152.0,653.5,107.0,1873.0,1353.5,17.27499961853,57.800000190735,1.1298279584829405
2004-05-14 01:00:00,2004-05-14,01:00:00,2.1,1140.5,11.067802428479904,1016.75,112.0,740.25,104.0,1690.0,1188.25,16.800000190735,57.499999046326,1.0911580830891765
2004-05-14 02:00:00,2004-05-14,02:00:00,1.3,1014.25,6.918207216219388,853.25,75.0,882.5,91.0,1538.0,974.75,16.299999713898,57.0,1.0483524086649807
2004-05-14 03:00:00,2004-05-14,03:00:00,1.0,938.25,5.106145385761624,768.75,95.5,978.0,96.5,1462.75,816.25,16.150000095367,56.324999809265,1.0262384284341717
2004-05-14 05:00:00,2004-05-14,05:00:00,1.2,983.25,6.451625978003892,832.5,116.0,894.25,102.0,1523.5,1012.25,15.950000047684,58.250000953674,1.0480674694045364
2004-05-14 06:00:00,2004-05-14,06:00:00,1.5,1033.0,8.437536944416262,917.0,118.0,882.25,95.0,1616.75,905.25,17.174999713898,52.349999427795,1.0169423011930632
2004-05-14 07:00:00,2004-05-14,07:00:00,3.7,1387.5,22.78058792404733,1371.75,272.0,601.0,140.0,2105.25,1448.75,18.474999904633,49.375,1.03969274161802
2004-05-14 09:00:00,2004-05-14,09:00:00,3.3,1147.75,13.605630197714015,1103.75,258.0,723.0,138.0,1712.75,1301.0,20.974999904633,37.949999809265,0.9312837191664606
2004-05-14 10:00:00,2004-05-14,10:00:00,2.5,1095.25,11.123625027988624,1018.75,186.0,814.5,113.0,1618.25,1180.75,22.775000095367,32.425000190735,0.8869813909004913
2004-05-14 11:00:00,2004-05-14,11:00:00,1.9,986.5,10.036718472630536,979.0,130.0,922.75,101.0,1514.75,961.75,25.500000476837,25.550000190735,0.8217591315638099
2004-05-14 12:00:00,2004-05-14,12:00:00,2.0,984.0,10.536647597459748,997.5,134.0,905.25,97.0,1523.25,862.25,25.900000095367,23.599999904633,0.7771051283543036
2004-05-14 13:00:00,2004-05-14,13:00:00,2.5,1072.0,13.017457823628156,1084.25,148.0,843.0,114.0,1621.5,1017.0,27.700000286102,20.77499961853,0.7598645905618072
2004-05-14 14:00:00,2004-05-14,14:00:00,2.1,1047.5,12.5211063051097,1067.5,147.0,869.25,110.0,1572.75,993.25,27.074999809265,21.599999904633,0.7618476052954856
2004-05-14 15:00:00,2004-05-14,15:00:00,2.1,1041.5,11.397472532940633,1028.5,123.0,906.75,103.0,1540.25,879.25,28.449999809265,20.150000095367,0.7696988215185301
2004-05-14 16:00:00,2004-05-14,16:00:00,2.3,1113.0,13.06230808366104,1085.75,138.0,881.75,119.0,1584.0,925.5,28.050000190735,21.924999713898,0.8183581479742226
2004-05-14 17:00:00,2004-05-14,17:00:00,3.0,1145.5,14.87033616202426,1144.5,162.0,836.25,126.0,1647.0,1010.5,27.575000286102,22.349999904633,0.8115621719543152
2004-05-14 18:00:00,2004-05-14,18:00:00,4.1,1238.75,19.132254575304646,1272.0,214.0,748.0,144.0,1790.25,1380.25,25.199999809265,24.275000095367,0.767068691772865
2004-05-14 19:00:00,2004-05-14,19:00:00,4.5,1302.0,21.794251774776143,1345.5,230.0,706.25,164.0,1879.5,1698.25,24.575000286102,25.074999809265,0.7636057044382256
2004-05-14 20:00:00,2004-05-14,20:00:00,3.5,1181.25,16.108961166365923,1183.0,191.0,792.25,148.0,1711.25,1432.25,23.074999809265,27.199999809265,0.7575448917261428
2004-05-14 21:00:00,2004-05-14,21:00:00,2.1,1067.5,11.638524261032968,1037.0,128.0,869.25,119.0,1566.75,1217.0,22.049999713898,28.575000286102,0.7483301493636264
2004-05-14 22:00:00,2004-05-14,22:00:00,2.3,1135.0,12.43307726816155,1064.5,138.0,802.5,111.0,1630.0,1317.25,20.800000190735,34.450000762939,0.8364562588994798
2004-05-14 23:00:00,2004-05-14,23:00:00,1.9,1121.25,10.386938409035164,992.0,126.0,844.25,115.0,1504.5,1254.5,20.374999523163,35.300000667572,0.8352084829280702
2004-05-15 00:00:00,2004-05-15,00:00:00,1.9,1131.0,9.652146550765297,964.5,107.0,842.75,103.0,1519.75,1223.25,19.099999427795,38.299999237061,0.8381493457366518
2004-05-15 01:00:00,2004-05-15,01:00:00,1.2,947.0,5.696332871686994,797.5,67.0,964.25,81.0,1395.25,930.0,17.999999523163,40.450000762939,0.827099134282016
2004-05-15 02:00:00,2004-05-15,02:00:00,1.0,935.0,5.446649916651041,785.5,55.0,963.75,71.0,1389.25,953.75,17.424999713898,43.35000038147,0.855317516601385
2004-05-15 03:00:00,2004-05-15,03:00:00,1.1,941.0,5.586509610630202,792.25,44.0,975.25,57.5,1396.75,888.75,14.825000047684,50.64999961853,0.8488952037297601
2004-05-15 05:00:00,2004-05-15,05:00:00,0.5,838.5,2.7719444496798484,637.5,33.0,1170.75,44.0,1271.25,643.25,15.725000143051,46.949999809265,0.8328837349439855
2004-05-15 06:00:00,2004-05-15,06:00:00,0.6,872.5,3.879278572342914,704.0,41.0,1090.5,49.0,1322.25,756.0,15.25,49.675001144409,0.8552309327104006
2004-05-15 07:00:00,2004-05-15,07:00:00,1.4,1064.75,9.061727424757764,941.75,106.0,889.5,68.0,1575.75,1066.75,16.025000095367,47.375000953674,0.8564235187074616
2004-05-15 08:00:00,2004-05-15,08:00:00,2.6,1186.5,13.598019479083332,1103.5,208.0,726.5,108.0,1720.5,1390.75,17.599999904633,43.349999427795,0.8646721740374075
2004-05-15 09:00:00,2004-05-15,09:00:00,2.8,1249.25,15.815633162146003,1174.0,193.0,711.5,117.0,1773.5,1486.0,20.27499961853,37.449999809265,0.8806919504977534
2004-05-15 10:00:00,2004-05-15,10:00:00,2.6,1156.5,12.661026734455216,1072.25,191.0,802.25,127.0,1652.5,1327.25,23.074999809265,30.25,0.8424901888017715
2004-05-15 11:00:00,2004-05-15,11:00:00,1.6,988.25,8.612148271777437,924.0,113.0,1015.25,93.0,1462.75,835.25,25.025000095367,24.200000286102,0.7568399959400576
2004-05-15 12:00:00,2004-05-15,12:00:00,1.7,1024.75,9.397164889581603,954.75,111.0,997.25,94.0,1456.5,833.75,25.599999904633,23.525000095367,0.7610958500441333
2004-05-15 13:00:00,2004-05-15,13:00:00,1.7,996.75,9.190126573053254,946.75,106.0,997.75,87.0,1459.5,815.0,25.525000095367,22.625,0.7287547451771907
2004-05-15 14:00:00,2004-05-15,14:00:00,1.3,916.25,6.37429750967153,829.0,82.0,1123.5,75.0,1332.75,621.0,26.125000476837,21.050000190735,0.7023496068891353
2004-05-15 15:00:00,2004-05-15,15:00:00,1.4,965.0,8.272660142643476,910.33333333333,79.0,1055.6666666667,81.0,1389.0,643.33333333333,28.166666666667,19.43333307902,0.7302688327374329
2004-05-15 16:00:00,2004-05-15,16:00:00,1.4,984.5,8.080705308155137,902.5,90.0,1059.25,86.0,1436.5,711.5,27.425000190735,20.5,0.7379272919366909
2004-05-15 17:00:00,2004-05-15,17:00:00,1.7,1026.0,8.518416854434964,920.25,104.0,1037.0,97.0,1454.5,745.75,26.049999713898,22.674999713898,0.7532485719455554
2004-05-15 18:00:00,2004-05-15,18:00:00,2.3,1125.25,11.046899828729591,1016.0,148.0,910.25,117.0,1563.5,990.75,23.75,27.099999904633,0.7858003669068816
2004-05-15 19:00:00,2004-05-15,19:00:00,2.5,1159.0,12.112572756087998,1053.5,158.0,877.75,120.0,1603.0,1046.0,23.025000095367,28.724999904633,0.7976268930701971
2004-05-15 20:00:00,2004-05-15,20:00:00,3.3,1283.5,15.012927038467923,1149.0,234.0,779.75,149.0,1725.0,1303.75,21.749999523163,31.849999427795,0.8191380750928569
2004-05-15 21:00:00,2004-05-15,21:00:00,2.2,1101.0,10.231401897511862,986.25,163.0,852.25,124.0,1573.5,1099.5,20.875000476837,33.199999809265,0.8097876520502798
2004-05-15 22:00:00,2004-05-15,22:00:00,1.6,1101.0,9.856896793081914,972.25,95.0,878.5,97.0,1551.75,1001.25,20.150000095367,34.349999427795,0.8016530334986798
2004-05-15 23:00:00,2004-05-15,23:00:00,2.6,1182.5,11.989698276034336,1049.25,146.0,761.75,112.0,1594.25,1290.25,19.574999809265,36.950000762939,0.8325304580845845
2004-05-16 00:00:00,2004-05-16,00:00:00,2.3,1132.25,10.49572725238983,996.0,102.0,822.0,95.0,1563.75,1205.0,18.14999961853,40.89999961853,0.8441039842950748
2004-05-16 01:00:00,2004-05-16,01:00:00,1.5,998.25,7.0557037905723865,859.25,90.0,919.25,88.0,1449.75,1044.75,17.049999952316,43.27499961853,0.8341286285903431
2004-05-16 02:00:00,2004-05-16,02:00:00,0.9,910.5,4.601079630929639,743.0,41.0,1051.75,54.0,1369.75,739.25,16.724999904633,43.375000953674,0.819264635962322
2004-05-16 03:00:00,2004-05-16,03:00:00,0.8,874.5,4.178247547049551,720.5,36.5,1082.75,49.5,1327.5,683.25,15.874999761581,44.72500038147,0.8009336485781651
2004-05-16 05:00:00,2004-05-16,05:00:00,0.4,792.0,2.2080767603238565,599.25,32.0,1261.75,45.0,1234.75,564.25,13.474999904633,50.10000038147,0.7705670669965844
2004-05-16 06:00:00,2004-05-16,06:00:00,0.4,821.5,1.9518462020878005,580.5,34.0,1325.75,47.0,1256.25,602.25,14.174999952316,49.89999961853,0.8025253700439882
2004-05-16 07:00:00,2004-05-16,07:00:00,0.8,918.25,4.192061415723198,721.25,57.0,1068.5,58.0,1353.25,784.75,13.775000095367,51.400000572205,0.8058524094910536
2004-05-16 08:00:00,2004-05-16,08:00:00,0.9,975.25,5.201753846972903,773.5,73.0,1000.75,69.0,1393.0,878.0,16.300000190735,45.050000190735,0.828566274068214
2004-05-16 09:00:00,2004-05-16,09:00:00,1.6,1046.75,8.221420840094932,908.25,119.0,912.5,89.0,1458.25,981.25,19.224999427795,35.425000667572,0.7812119503133438
2004-05-16 10:00:00,2004-05-16,10:00:00,2.0,1052.5,9.784033778967515,969.5,138.0,930.0,105.0,1472.5,991.0,25.5,21.050000190735,0.6770265855731094
2004-05-16 11:00:00,2004-05-16,11:00:00,1.6,1017.25,7.941026771297775,896.75,96.0,1013.25,92.0,1399.5,780.25,28.224999904633,19.0,0.7163974794536779
2004-05-16 12:00:00,2004-05-16,12:00:00,1.4,1020.75,7.748421496443901,888.75,80.0,1022.0,82.0,1405.25,683.75,29.474999904633,19.77499961853,0.8012601779838653
2004-05-16 13:00:00,2004-05-16,13:00:00,0.9,940.75,4.794557233587375,753.0,45.0,1173.25,56.0,1311.25,467.5,30.550000190735,19.375000476837,0.834783035281443
2004-05-16 14:00:00,2004-05-16,14:00:00,0.9,991.25,5.25237752206223,776.0,45.0,1121.75,60.0,1375.0,468.0,29.949999809265,22.049999713898,0.9180694772977744
2004-05-16 15:00:00,2004-05-16,15:00:00,1.2,1117.0,7.124884256284368,862.25,54.0,995.0,64.0,1476.0,529.75,31.5,21.925000190735,0.996983142632114
2004-05-16 16:00:00,2004-05-16,16:00:00,1.4,1217.0,9.190126573053254,946.75,66.0,887.0,85.0,1566.25,647.75,31.200000286102,24.574999809265,1.0986589860970684
2004-05-16 17:00:00,2004-05-16,17:00:00,1.9,1248.25,10.117083726005204,982.0,95.0,880.25,107.0,1617.0,745.75,30.425000190735,26.525000095367,1.1347371568243574
2004-05-16 18:00:00,2004-05-16,18:00:00,1.8,1241.5,9.87016936970222,972.75,99.0,856.0,106.0,1631.5,818.5,26.775000095367,33.474999427795,1.1602104683404937
2004-05-16 19:00:00,2004-05-16,19:00:00,2.7,1403.25,15.060586200172954,1150.5,147.0,747.0,125.0,1820.25,1124.75,25.47500038147,37.35000038147,1.1995129628895564
2004-05-16 20:00:00,2004-05-16,20:00:00,2.4,1238.0,10.570799727369264,998.75,129.0,833.25,118.0,1648.25,1013.25,23.674999713898,39.424999237061,1.138082455744138
2004-05-16 21:00:00,2004-05-16,21:00:00,1.6,1092.75,7.026963566820903,858.0,96.0,975.25,95.0,1494.5,816.0,22.89999961853,37.000000953674,1.0197418279136246
2004-05-16 22:00:00,2004-05-16,22:00:00,1.4,1033.75,5.860115705535284,805.25,92.0,1030.25,97.0,1416.25,750.0,20.75,36.25,0.8774897840472805
2004-05-16 23:00:00,2004-05-16,23:00:00,1.4,934.0,5.633465103186379,794.5,88.0,1097.75,93.0,1327.5,672.5,20.25,28.474999904633,0.6686112376458124
2004-05-17 00:00:00,2004-05-17,00:00:00,1.4,912.5,5.431203339043807,784.75,89.0,1109.75,85.0,1272.75,692.0,19.60000038147,26.474999904633,0.5974299600757516
2004-05-17 01:00:00,2004-05-17,01:00:00,0.9,835.25,3.650423146324865,691.0,52.0,1265.25,67.0,1182.25,517.25,19.099999904633,25.925000190735,0.567337415613184
2004-05-17 02:00:00,2004-05-17,02:00:00,0.5,773.25,1.788563190389188,568.0,25.0,1474.0,37.0,1113.25,392.25,18.424999713898,27.624999523163,0.5799079974719019
2004-05-17 03:00:00,2004-05-17,03:00:00,0.4,771.25,1.3584972854160215,532.5,45.0,1566.0,56.0,1110.25,360.0,17.375,30.224999904633,0.5945026321248407
2004-05-17 05:00:00,2004-05-17,05:00:00,0.5,929.75,3.5253771645447527,683.75,65.0,1058.5,75.0,1220.25,779.0,15.849999904633,36.549999237061,0.6535080722116539
2004-05-17 06:00:00,2004-05-17,06:00:00,1.3,1008.5,7.038453654816475,858.5,132.0,944.25,102.0,1420.0,1016.0,16.025000095367,38.050000190735,0.6878504357611351
2004-05-17 07:00:00,2004-05-17,07:00:00,2.6,1196.0,14.4304364473042,1130.5,216.0,775.25,113.0,1674.75,1243.25,17.574999809265,34.974999427795,0.6965392188270965
2004-05-17 08:00:00,2004-05-17,08:00:00,2.0,1009.5,8.934099266185445,936.75,180.0,944.75,142.0,1443.5,949.25,18.549999713898,31.249999523163,0.6610870805885066
2004-05-17 09:00:00,2004-05-17,09:00:00,1.8,989.75,8.618412576532277,924.25,140.0,973.75,90.0,1403.5,860.5,19.825000286102,28.500000476837,0.6520468599222042
2004-05-17 10:00:00,2004-05-17,10:00:00,1.7,987.75,8.462388030837701,918.0,141.0,1007.25,94.0,1393.0,850.25,22.299999713898,24.050000190735,0.6393803870261157
2004-05-17 11:00:00,2004-05-17,11:00:00,1.5,979.25,8.270607965023949,910.25,123.0,1028.0,92.0,1395.75,788.0,24.150000095367,21.724999427795,0.6451156986754212
2004-05-17 12:00:00,2004-05-17,12:00:00,1.9,1028.5,10.130504493671385,982.5,129.0,949.5,97.0,1470.25,879.25,25.075000286102,20.775000095367,0.6516465290645359
2004-05-17 13:00:00,2004-05-17,13:00:00,1.7,984.0,9.138674497520402,944.75,115.0,990.0,88.0,1423.0,747.0,25.800000667572,19.52499961853,0.6391574392850805
2004-05-17 14:00:00,2004-05-17,14:00:00,1.5,984.75,8.49349569485124,919.25,104.0,1027.75,86.0,1387.0,699.75,26.250000476837,18.875,0.6344095731363927
2004-05-17 15:00:00,2004-05-17,15:00:00,1.7,980.75,7.682679548673003,886.0,129.0,1054.0,99.0,1362.5,695.0,25.775000095367,18.599999904633,0.6079834130551195
2004-05-17 16:00:00,2004-05-17,16:00:00,1.7,1020.0,9.029748042099776,940.5,138.0,1015.5,95.0,1425.0,756.25,25.675000190735,19.400000095367,0.6304162712341989
2004-05-17 17:00:00,2004-05-17,17:00:00,2.4,1106.25,13.400778503920026,1097.0,135.0,901.75,105.0,1552.0,941.0,26.724999427795,17.099999904633,0.5909414495616225
2004-05-17 18:00:00,2004-05-17,18:00:00,3.1,1153.25,15.629433523319976,1168.25,163.0,842.0,121.0,1644.0,1020.75,24.324999809265,19.775000095367,0.593344739859765
2004-05-17 19:00:00,2004-05-17,19:00:00,3.4,1214.75,17.805786960484756,1233.75,180.0,795.5,125.0,1735.0,1167.25,23.52499961853,20.75,0.593656731596733
2004-05-17 20:00:00,2004-05-17,20:00:00,3.0,1093.75,12.653645978793678,1072.0,170.0,887.75,122.0,1544.75,1104.5,21.97500038147,24.025000095367,0.6263355842569562
2004-05-17 21:00:00,2004-05-17,21:00:00,1.2,943.5,6.429491570907796,831.5,72.0,1072.25,81.0,1349.5,711.75,21.075000286102,26.249999523163,0.6480894139205418
2004-05-17 22:00:00,2004-05-17,22:00:00,1.2,963.75,7.101792128851642,861.25,69.0,1013.5,73.0,1398.25,734.5,20.85000038147,28.799999713898,0.7014003443994855
2004-05-17 23:00:00,2004-05-17,23:00:00,1.3,1003.25,7.357560374878767,872.25,79.0,987.5,80.0,1439.0,851.0,20.200000286102,31.200000286102,0.7303644962770214
2004-05-18 00:00:00,2004-05-18,00:00:00,1.0,913.75,5.216918999884966,774.25,53.0,1091.25,65.0,1322.75,706.25,19.950000286102,31.500000476837,0.726213586886862
2004-05-18 01:00:00,2004-05-18,01:00:00,0.4,839.0,2.350206890480214,609.25,36.0,1275.75,59.0,1285.5,642.5,20.75,32.27499961853,0.7812684812521367
2004-05-18 02:00:00,2004-05-18,02:00:00,0.3,829.75,1.965170872410398,581.5,30.0,1309.5,50.0,1264.25,608.0,19.950000286102,34.5,0.7953767735978307
2004-05-18 03:00:00,2004-05-18,03:00:00,0.2,812.25,1.2328339178130825,521.25,34.0,1412.75,43.5,1233.0,469.0,21.200000286102,32.875,0.8178301201623349
2004-05-18 05:00:00,2004-05-18,05:00:00,0.5,903.25,3.0640509143991097,656.0,38.0,1155.25,37.0,1361.25,618.0,17.025000095367,44.64999961853,0.8592911344047757
2004-05-18 06:00:00,2004-05-18,06:00:00,0.9,1021.6666666667,6.279108841322644,824.66666666667,68.0,930.66666666667,54.0,1487.3333333333,930.66666666667,17.13333384196,45.333333333333,0.8783543088947313
2004-05-18 07:00:00,2004-05-18,07:00:00,2.7,1378.0,19.29980906940859,1276.75,192.0,628.25,94.0,1970.0,1519.0,17.125,46.525000572205,0.9009753369392792
2004-05-18 08:00:00,2004-05-18,08:00:00,6.5,1745.0,38.91595595232079,1748.25,346.0,484.25,139.0,2604.5,2053.75,18.825000286102,39.724999427795,0.8547448672878408
2004-05-18 09:00:00,2004-05-18,09:00:00,3.2,1326.0,14.633975213822607,1137.0,225.0,718.75,115.0,1759.5,1549.75,20.25,38.10000038147,0.8946124142116624
2004-05-18 10:00:00,2004-05-18,10:00:00,2.4,1215.25,12.345313148542989,1061.5,199.0,793.75,119.0,1650.25,1381.0,25.25,27.025000095367,0.85648855671143
2004-05-18 11:00:00,2004-05-18,11:00:00,1.9,1138.25,11.02601407721886,1015.25,140.0,853.75,103.0,1604.25,1115.25,27.449999809265,22.800000667572,0.82191249657404
2004-05-18 12:00:00,2004-05-18,12:00:00,2.7,1243.75,15.436141471547913,1162.25,162.0,765.25,123.0,1735.25,1188.5,29.950000286102,20.025000095367,0.8337570117940093
2004-05-18 13:00:00,2004-05-18,13:00:00,2.9,1261.0,17.002690593644864,1210.0,173.0,735.75,126.0,1768.5,1199.75,30.875,19.125000476837,0.8393839599660444
2004-05-18 14:00:00,2004-05-18,14:00:00,2.0,1181.5,12.484395362586618,1066.25,121.0,818.0,106.0,1663.0,964.5,30.625,20.150000095367,0.871888450998547
2004-05-18 15:00:00,2004-05-18,15:00:00,2.3,1207.5,13.811805346219716,1110.5,133.0,783.0,127.0,1652.5,1018.25,32.199999809265,18.949999809265,0.8964338867295483
2004-05-18 16:00:00,2004-05-18,16:00:00,1.9,1158.25,10.076866943416698,980.5,96.0,861.5,105.0,1572.75,774.5,31.724999427795,19.5,0.8980642173023208
2004-05-18 17:00:00,2004-05-18,17:00:00,3.0,1345.5,19.335163043635053,1277.75,141.0,700.5,130.0,1873.25,1193.25,30.85000038147,20.525000095367,0.8995504221951567
2004-05-18 18:00:00,2004-05-18,18:00:00,4.4,1442.75,22.73319791536591,1370.5,221.0,664.25,160.0,1987.75,1425.0,27.474999427795,24.650000095367,0.8898945690607519
2004-05-18 19:00:00,2004-05-18,19:00:00,4.7,1440.25,25.54100804768389,1442.75,232.0,634.5,162.0,2067.75,1594.0,25.75,27.025000095367,0.8820767471992788
2004-05-18 20:00:00,2004-05-18,20:00:00,3.4,1231.75,15.791292949255476,1173.25,174.0,750.75,135.0,1749.75,1283.5,23.650000095367,29.950000286102,0.8632800254297222
2004-05-18 21:00:00,2004-05-18,21:00:00,2.4,1159.25,12.316117360297849,1060.5,138.0,811.75,122.0,1648.25,1173.75,22.175000190735,33.375,0.8806397482423821
2004-05-18 22:00:00,2004-05-18,22:00:00,1.2,1081.25,8.744106167164562,929.25,65.0,910.0,75.0,1518.25,936.5,21.10000038147,36.474999427795,0.9019022913581232
2004-05-18 23:00:00,2004-05-18,23:00:00,1.7,1082.5,8.28292428644746,910.75,107.0,883.25,96.0,1507.0,984.5,20.175000190735,38.575000762939,0.9016300562536944
2004-05-19 00:00:00,2004-05-19,00:00:00,1.2,1069.25,7.706558078246595,887.0,70.0,859.0,84.0,1541.5,1040.5,19.324999809265,42.97500038147,0.9535466590422446
2004-05-19 01:00:00,2004-05-19,01:00:00,0.7,939.75,4.233619587003934,723.5,44.0,1012.25,68.0,1407.0,866.5,19.174999713898,43.625,0.9590919698353972
2004-05-19 02:00:00,2004-05-19,02:00:00,0.5,900.5,3.015836303435833,653.0,41.0,1094.0,65.0,1367.0,822.0,18.425000190735,45.72500038147,0.9598658694780546
2004-05-19 03:00:00,2004-05-19,03:00:00,0.3,847.75,1.83043122583498,571.25,36.5,1224.25,55.5,1297.25,623.75,18.699999809265,44.275000572205,0.945334796987828
2004-05-19 05:00:00,2004-05-19,05:00:00,0.3,848.0,2.194072011058493,598.25,32.0,1219.25,46.0,1318.0,628.25,16.999999523163,49.224999427795,0.9458611164008626
2004-05-19 06:00:00,2004-05-19,06:00:00,0.7,980.25,5.748949731580042,800.0,46.0,983.25,54.0,1461.5,809.5,16.350000143051,52.099999427795,0.9612382037724692
2004-05-19 07:00:00,2004-05-19,07:00:00,3.1,1408.25,20.88137858904972,1320.75,173.0,618.25,94.0,2043.75,1494.75,16.375000238419,53.375,0.9863054766402188
2004-05-19 08:00:00,2004-05-19,08:00:00,6.2,1716.0,36.69206253067248,1701.0,320.0,489.75,155.0,2544.75,2017.5,18.550000190735,46.800000190735,0.9900440601669545
2004-05-19 09:00:00,2004-05-19,09:00:00,4.6,1475.0,22.00871347255381,1351.25,294.0,625.25,165.0,2005.5,1696.0,21.025000095367,41.050000190735,1.010418566307645
2004-05-19 10:00:00,2004-05-19,10:00:00,2.6,1262.25,13.370542841972648,1096.0,182.0,771.75,134.0,1710.5,1339.5,26.375,28.900000572205,0.9784969534796972
2004-05-19 11:00:00,2004-05-19,11:00:00,2.1,1155.75,11.546103489283087,1033.75,154.0,813.25,122.0,1640.0,1123.0,27.724999427795,26.349999904633,0.9651740727010052
2004-05-19 12:00:00,2004-05-19,12:00:00,2.0,1191.5,13.385657033345838,1096.5,118.0,796.25,113.0,1688.0,971.0,30.099999904633,22.099999904633,0.928070531151999
2004-05-19 13:00:00,2004-05-19,13:00:00,2.2,1232.75,15.156097647365092,1153.5,116.0,746.0,115.0,1739.5,999.75,31.0,22.949999809265,1.014436248466378
2004-05-19 14:00:00,2004-05-19,14:00:00,2.1,1208.0,12.972673346205386,1082.75,121.0,792.0,118.0,1702.0,891.25,31.0,22.64999961853,1.001175635370183
2004-05-19 15:00:00,2004-05-19,15:00:00,2.3,1214.5,13.988477707942032,1116.25,116.0,783.5,125.0,1715.25,851.75,31.574999809265,21.0,0.9589808504155712
2004-05-19 16:00:00,2004-05-19,16:00:00,2.5,1251.0,15.508505808369277,1164.5,144.0,747.25,135.0,1774.25,974.5,30.375000476837,24.674999713898,1.0525906973776242
2004-05-19 17:00:00,2004-05-19,17:00:00,3.4,1357.75,19.326321964058323,1277.5,176.0,689.25,149.0,1898.5,1192.0,28.849999904633,26.275000095367,1.027078995116706
2004-05-19 18:00:00,2004-05-19,18:00:00,4.3,1378.75,21.915359249976436,1348.75,214.0,645.0,162.0,1960.75,1372.75,26.425000190735,30.050000190735,1.0204151918124371
2004-05-19 19:00:00,2004-05-19,19:00:00,3.8,1379.0,21.064454362371475,1325.75,191.0,659.25,151.0,1960.75,1306.75,24.700000286102,31.525000095367,0.9671594357258154
2004-05-19 20:00:00,2004-05-19,20:00:00,3.8,1372.75,18.41628434809244,1251.5,205.0,669.5,154.0,1889.0,1325.0,22.949999809265,36.47500038147,1.0082880839469568
2004-05-19 21:00:00,2004-05-19,21:00:00,2.0,1197.0,9.261074159819694,949.5,110.0,822.75,118.0,1591.5,918.0,20.800000190735,41.824998855591,1.0155234048313575
2004-05-19 22:00:00,2004-05-19,22:00:00,1.7,1238.25,9.004199247323303,939.5,95.0,814.75,103.0,1622.25,877.0,19.675000190735,47.050000190735,1.0666108111996029
2004-05-19 23:00:00,2004-05-19,23:00:00,2.0,1254.75,9.612729263697018,963.0,126.0,780.75,122.0,1664.5,1023.5,18.949999809265,52.174999237061,1.1312997631363484
2004-05-20 00:00:00,2004-05-20,00:00:00,1.5,1164.25,8.221420840094932,908.25,90.0,821.0,102.0,1573.5,1018.5,18.450000286102,50.125000953674,1.0538573416511157
2004-05-20 01:00:00,2004-05-20,01:00:00,0.8,1046.0,5.812362008803251,803.0,48.0,899.5,73.0,1490.0,822.75,18.0,52.974999427795,1.0832033778298824
2004-05-20 02:00:00,2004-05-20,02:00:00,0.5,956.0,3.145131870638927,661.0,38.0,1042.5,59.0,1398.0,701.0,18.375,51.700000762939,1.0819466248396823
2004-05-20 03:00:00,2004-05-20,03:00:00,0.3,885.25,1.743937262555121,564.5,32.0,1217.0,47.0,1328.5,541.5,19.799999713898,46.224999427795,1.0559577107610691
2004-05-20 05:00:00,2004-05-20,05:00:00,0.3,924.75,2.3430107411589,608.75,26.0,1168.25,35.0,1363.0,533.25,17.299999952316,54.050000190735,1.0581716147382174
2004-05-20 06:00:00,2004-05-20,06:00:00,0.9,1086.0,6.5572069029204405,837.25,83.0,884.5,68.0,1552.5,905.75,15.775000333786,58.97500038147,1.0495013952972698
2004-05-20 07:00:00,2004-05-20,07:00:00,2.8,1489.5,19.618987134871112,1285.75,188.0,592.75,97.0,2052.5,1446.5,16.599999904633,55.949999809265,1.0485535033625486
2004-05-20 08:00:00,2004-05-20,08:00:00,5.4,1762.75,32.888235382139726,1617.25,253.0,489.0,146.0,2503.25,1835.0,18.700000286102,52.824999809265,1.1278895831343252
2004-05-20 09:00:00,2004-05-20,09:00:00,4.0,1461.5,18.07126291472044,1241.5,149.0,636.5,83.0,1960.5,1551.75,20.724999904633,46.449999809265,1.122689434357258
2004-05-20 10:00:00,2004-05-20,10:00:00,2.2,1232.0,12.352616700065974,1061.75,155.0,787.25,117.0,1707.0,1091.5,26.074999809265,29.974999427795,0.9972109765129188
2004-05-20 11:00:00,2004-05-20,11:00:00,2.2,1238.5,12.506416413613422,1067.0,146.0,779.25,117.0,1701.5,1071.25,28.64999961853,25.849999427795,0.9988891531706328
2004-05-20 12:00:00,2004-05-20,12:00:00,2.0,1218.0,12.033004745084428,1050.75,121.0,795.5,108.0,1688.75,881.25,30.250000476837,23.299999713898,0.9868762717643748
2004-05-20 13:00:00,2004-05-20,13:00:00,2.0,1235.25,13.310158892741038,1094.0,111.0,755.75,107.0,1728.75,907.25,31.349999904633,22.275000095367,1.0043343723790534
2004-05-20 14:00:00,2004-05-20,14:00:00,1.9,1195.5,12.316117360297849,1060.5,116.0,791.0,120.0,1649.25,899.25,31.074999809265,22.27499961853,0.9887995817836972
2004-05-20 15:00:00,2004-05-20,15:00:00,2.7,1287.5,15.97015879825934,1178.75,167.0,717.25,150.0,1798.5,1074.25,32.35000038147,20.400000572205,0.9732094951920576
2004-05-20 16:00:00,2004-05-20,16:00:00,2.2,1247.5,13.742933427688438,1108.25,145.0,772.0,138.0,1700.5,969.25,32.60000038147,19.325000286102,0.934973886787952
2004-05-20 17:00:00,2004-05-20,17:00:00,3.5,1401.25,21.673430531263584,1342.25,192.0,663.0,148.0,1958.75,1267.0,31.199999809265,20.275000095367,0.9064215918059711
2004-05-20 18:00:00,2004-05-20,18:00:00,4.1,1401.25,23.7179084929824,1396.25,231.0,644.75,168.0,2008.75,1401.5,27.749999523163,24.824999809265,0.910634392816938
2004-05-20 19:00:00,2004-05-20,19:00:00,4.4,1444.0,22.11159845113974,1354.0,248.0,655.0,172.0,1955.75,1437.25,25.699999809265,27.89999961853,0.9079633260775258
2004-05-20 20:00:00,2004-05-20,20:00:00,4.5,1379.25,20.57171487732563,1312.25,267.0,683.0,179.0,1869.75,1381.5,24.14999961853,29.900000095367,0.8878692480324349
2004-05-20 21:00:00,2004-05-20,21:00:00,2.9,1251.0,13.390696714797944,1096.6666666667,181.0,770.66666666667,143.0,1679.6666666667,1280.3333333333,22.166666666667,34.399998982747,0.9072302455121084
2004-05-20 22:00:00,2004-05-20,22:00:00,2.6,1268.75,12.786780174373025,1076.5,163.0,773.0,137.0,1705.5,1249.75,20.650000095367,38.025000572205,0.9148756506372304
2004-05-20 23:00:00,2004-05-20,23:00:00,2.1,1242.25,12.301530519132688,1060.0,141.0,745.0,117.0,1692.5,1359.25,20.150000095367,42.775000572205,0.9982739312324088
2004-05-21 00:00:00,2004-05-21,00:00:00,1.2,1044.5,6.849891943840394,850.25,78.0,888.5,93.0,1505.5,1101.5,20.474999904633,42.024998664856,1.000400903731619
2004-05-21 01:00:00,2004-05-21,01:00:00,0.6,936.5,3.7773225290074417,698.25,42.0,1039.25,64.0,1381.5,768.25,20.075000286102,42.02499961853,0.976289379524888
2004-05-21 02:00:00,2004-05-21,02:00:00,0.3,874.75,2.5294405041814083,621.5,35.0,1166.5,58.0,1330.75,656.25,19.974999904633,41.450000762939,0.9570661942161134
2004-05-21 03:00:00,2004-05-21,03:00:00,0.3,889.25,2.706607310569878,633.25,36.5,1123.0,52.5,1344.25,683.25,16.250000238419,51.60000038147,0.9460647017530992
2004-05-21 05:00:00,2004-05-21,05:00:00,0.3,880.5,2.562969872698979,623.75,38.0,1135.25,47.0,1319.25,656.25,16.425000667572,50.22500038147,0.9310085364409192
2004-05-21 06:00:00,2004-05-21,06:00:00,0.7,997.5,6.969633229266807,855.5,65.0,893.75,62.0,1487.75,925.75,14.900000095367,54.650000572205,0.920294606631776
2004-05-21 07:00:00,2004-05-21,07:00:00,4.2,1517.0,26.211771538501925,1459.5,296.0,550.5,113.0,2204.5,1676.75,16.35000038147,51.349999427795,0.947400815608107
2004-05-21 08:00:00,2004-05-21,08:00:00,4.8,1521.75,28.2267738416895,1508.75,303.0,542.75,126.0,2274.5,1827.75,18.199999809265,46.249999046326,0.9574762126341348
2004-05-21 09:00:00,2004-05-21,09:00:00,3.4,1416.75,20.218944199503536,1302.5,244.0,635.0,139.0,1964.25,1752.25,20.675000190735,40.000000953674,0.9638585802733975
2004-05-21 10:00:00,2004-05-21,10:00:00,2.8,1329.0,17.12004814434041,1213.5,216.0,699.5,148.0,1845.0,1580.5,26.5,27.025000095367,0.9217296293457086
2004-05-21 11:00:00,2004-05-21,11:00:00,1.8,1203.0,11.249663349993504,1023.25,137.0,824.5,117.0,1622.0,1132.25,28.525000095367,23.849999904633,0.914985180398278
2004-05-21 12:00:00,2004-05-21,12:00:00,1.9,1233.5,11.638524261032968,1037.0,120.0,788.25,106.0,1657.75,1037.0,29.675000190735,23.700000286102,0.9713651899179389
2004-05-21 13:00:00,2004-05-21,13:00:00,2.0,1285.75,13.182230127749888,1089.75,100.0,750.25,98.0,1718.75,1023.25,31.674999237061,21.699999809265,0.9965647603757566
2004-05-21 14:00:00,2004-05-21,14:00:00,1.9,1298.0,12.742336107885956,1075.0,103.0,748.75,98.0,1689.5,1021.75,31.72500038147,21.499999523163,0.9901733991830296
2004-05-21 15:00:00,2004-05-21,15:00:00,2.0,1308.0,12.995057360004209,1083.5,123.0,757.25,110.0,1724.0,988.75,32.775000572205,19.47500038147,0.951533720664666
2004-05-21 16:00:00,2004-05-21,16:00:00,2.3,1276.0,13.468915169173602,1099.25,136.0,783.0,114.0,1679.75,924.75,32.474999427795,18.625,0.8947991691167994
2004-05-21 17:00:00,2004-05-21,17:00:00,2.7,1233.5,10.184263392187276,984.5,158.0,814.5,122.0,1571.5,794.5,30.199999809265,22.550000190735,0.9523890161137316
2004-05-21 18:00:00,2004-05-21,18:00:00,3.6,1419.0,20.11991542874835,1299.75,216.0,670.25,155.0,1923.25,1262.75,27.64999961853,25.72500038147,0.9381893637188684
2004-05-21 19:00:00,2004-05-21,19:00:00,3.8,1324.75,19.14986255385515,1272.5,211.0,716.25,145.0,1814.5,1183.5,25.925000190735,24.85000038147,0.8194673465839548
2004-05-21 20:00:00,2004-05-21,20:00:00,3.5,1345.5,17.4826527392749,1224.25,202.0,714.5,146.0,1794.0,1271.5,23.875,29.400000095367,0.8588610676552674
2004-05-21 21:00:00,2004-05-21,21:00:00,2.5,1241.0,13.80414566318666,1110.25,147.0,771.5,130.0,1697.75,1176.5,22.25,32.125,0.8514924669393313
2004-05-21 22:00:00,2004-05-21,22:00:00,2.5,1274.25,13.31770051337886,1094.25,160.0,770.5,126.0,1682.25,1230.5,20.5,35.925000190735,0.8564941686005679
2004-05-21 23:00:00,2004-05-21,23:00:00,3.0,1321.25,14.838728111641782,1143.5,162.0,731.75,127.0,1744.75,1242.75,19.800000667572,37.249999046326,0.8509340508625622
2004-05-22 00:00:00,2004-05-22,00:00:00,3.7,1423.5,18.002592665785315,1239.5,194.0,661.5,126.0,1841.0,1427.0,19.099999904633,41.85000038147,0.915836871172683
2004-05-22 01:00:00,2004-05-22,01:00:00,3.3,1357.25,15.953862783665524,1178.25,167.0,673.75,124.0,1782.25,1454.0,17.849999904633,46.125,0.9344103698221085
2004-05-22 02:00:00,2004-05-22,02:00:00,1.5,1123.25,9.67846293726058,965.5,91.0,770.0,93.0,1594.25,1183.0,17.550000190735,47.599999427795,0.9464990318854796
2004-05-22 03:00:00,2004-05-22,03:00:00,0.7,1003.25,6.171846614801026,819.75,70.5,901.75,76.0,1454.75,907.75,17.875,46.300000190735,0.9394107310361488
2004-05-22 05:00:00,2004-05-22,05:00:00,0.5,941.25,3.5812024590957425,687.0,50.0,1023.5,59.0,1374.25,777.25,15.849999666214,53.77499961853,0.961488277445492
2004-05-22 06:00:00,2004-05-22,06:00:00,0.5,986.0,4.629884529509057,744.5,61.0,959.0,66.0,1426.25,887.5,16.450000286102,53.474999427795,0.9928059913843624
2004-05-22 07:00:00,2004-05-22,07:00:00,1.2,1153.25,9.183688329347296,946.5,107.0,794.5,80.0,1642.5,1075.75,17.174999713898,52.900000572205,1.0276265310988644
2004-05-22 08:00:00,2004-05-22,08:00:00,2.2,1322.5,14.633975213822607,1137.0,139.0,696.25,94.0,1845.5,1284.75,19.324999809265,48.325000762939,1.07225462749695
2004-05-22 09:00:00,2004-05-22,09:00:00,2.2,1315.25,11.724114404886208,1040.0,165.0,743.25,102.0,1740.0,1315.25,20.575000286102,47.125000953674,1.128657366188699
2004-05-22 10:00:00,2004-05-22,10:00:00,2.1,1302.5,11.012099605331478,1014.75,139.0,776.75,96.0,1730.75,1250.0,23.650000572205,40.0,1.1529616583938629
2004-05-22 11:00:00,2004-05-22,11:00:00,1.8,1238.25,11.624285236932682,1036.5,113.0,812.5,91.0,1698.0,977.75,25.625000476837,32.500000476837,1.0530084601681238
2004-05-22 12:00:00,2004-05-22,12:00:00,2.2,1258.5,12.898178824864663,1080.25,138.0,771.75,104.0,1736.0,1072.25,27.224999904633,28.074999809265,0.9989126414717938
2004-05-22 13:00:00,2004-05-22,13:00:00,2.0,1246.0,12.587301769184844,1069.75,104.0,769.75,84.0,1747.25,1064.25,27.925000667572,28.050000190735,1.0394248760316387
2004-05-22 14:00:00,2004-05-22,14:00:00,1.4,1154.0,8.307580365525487,911.75,78.0,871.5,76.0,1604.5,825.0,28.349999904633,27.75,1.053903306644118
2004-05-22 15:00:00,2004-05-22,15:00:00,1.8,1237.0,10.529822826107193,997.25,97.0,800.25,87.0,1687.75,924.0,29.249999523163,27.025000095367,1.0809750170298338
2004-05-22 16:00:00,2004-05-22,16:00:00,2.1,1315.0,11.738405416264689,1040.5,115.0,773.0,101.0,1766.75,965.5,28.925000190735,29.300000190735,1.1502802822203777
2004-05-22 17:00:00,2004-05-22,17:00:00,2.8,1466.25,15.807517982053575,1173.75,152.0,680.0,115.0,1964.75,1301.5,25.449999809265,39.824999809265,1.2771170478419374
2004-05-22 18:00:00,2004-05-22,18:00:00,2.8,1409.0,13.87314800904557,1112.5,157.0,710.0,110.0,1849.5,1255.5,25.150000095367,40.124999046326,1.2641796377627317
2004-05-22 19:00:00,2004-05-22,19:00:00,2.7,1366.25,15.71027436796261,1170.75,132.0,693.0,103.0,1933.25,1068.25,24.525000095367,39.400000572205,1.196293635441427
2004-05-22 20:00:00,2004-05-22,20:00:00,1.8,1240.5,10.907979957019238,1011.0,98.0,780.5,90.0,1747.5,1069.75,22.325000286102,45.39999961853,1.2087965285123274
2004-05-22 21:00:00,2004-05-22,21:00:00,1.2,1122.5,6.4460893359755085,832.25,65.0,930.0,68.0,1565.25,791.5,21.224999904633,48.300001144409,1.203379136251415
2004-05-22 22:00:00,2004-05-22,22:00:00,2.6,1320.75,12.749738870577811,1075.25,101.0,756.75,85.0,1891.25,1016.75,20.550000190735,50.52499961853,1.208248155559866
2004-05-22 23:00:00,2004-05-22,23:00:00,3.1,1397.0,15.3318700568173,1159.0,134.0,681.25,100.0,1948.75,1206.5,20.150000095367,52.874999046326,1.2339855629641847
2004-05-23 00:00:00,2004-05-23,00:00:00,4.1,1507.25,20.50820555964399,1310.5,177.0,607.5,114.0,2107.0,1498.75,19.849999904633,54.5,1.248805012422101
2004-05-23 01:00:00,2004-05-23,01:00:00,3.6,1405.25,15.905017304347645,1176.75,179.0,659.75,108.0,1931.0,1474.0,19.525000095367,56.200000762939,1.2623825864881084
2004-05-23 02:00:00,2004-05-23,02:00:00,1.9,1192.0,10.434474065314545,993.75,105.0,758.75,78.0,1780.0,1163.0,18.950000286102,58.025000572205,1.2581441742162325
2004-05-23 03:00:00,2004-05-23,03:00:00,1.9,1199.25,12.602032076385091,1070.25,66.0,671.0,57.5,1872.5,1188.5,18.099999904633,61.625,1.267901486228376
2004-05-23 05:00:00,2004-05-23,05:00:00,0.3,864.0,2.0902503563419117,590.75,27.0,1246.75,37.0,1373.5,506.75,17.650000095367,56.049999237061,1.1214675388458908
2004-05-23 06:00:00,2004-05-23,06:00:00,0.4,886.0,2.190576760964729,598.0,41.0,1256.75,53.0,1374.0,505.5,17.924999713898,52.350001335144,1.065460537017452
2004-05-23 07:00:00,2004-05-23,07:00:00,0.8,988.25,4.032111328470852,712.5,78.0,1092.25,79.0,1454.5,715.75,18.924999713898,49.275001525879,1.0667768598103058
2004-05-23 08:00:00,2004-05-23,08:00:00,0.8,1008.25,4.326596003001521,728.5,68.0,1033.75,65.0,1489.75,795.0,19.950000286102,48.575000762939,1.1198674604156111
2004-05-23 09:00:00,2004-05-23,09:00:00,0.8,975.5,3.7773225290074417,698.25,64.0,1156.25,64.0,1393.25,593.75,20.550000190735,41.150000572205,0.9840556688380374
2004-05-23 10:00:00,2004-05-23,10:00:00,0.8,978.25,4.132341795103469,718.0,67.0,1137.25,66.0,1392.0,565.0,23.574999809265,33.97500038147,0.9749270486856336
2004-05-23 11:00:00,2004-05-23,11:00:00,0.9,987.25,4.538932154052378,739.75,54.0,1105.0,53.0,1407.0,522.5,26.699999809265,28.075000286102,0.9687998120989452
2004-05-23 12:00:00,2004-05-23,12:00:00,1.2,1030.0,5.287938393096692,777.75,67.0,1070.5,69.0,1451.5,591.0,26.825000286102,28.14999961853,0.978502672277811
2004-05-23 13:00:00,2004-05-23,13:00:00,1.0,954.66666666667,4.224369335658102,723.0,51.0,1129.0,57.0,1393.0,558.66666666667,27.733333587646,25.833333333333,0.9467066558016932
2004-05-23 14:00:00,2004-05-23,14:00:00,0.8,924.25,3.335032082092045,672.5,28.0,1247.0,36.0,1346.0,429.5,28.849999904633,22.675000190735,0.8863564729074047
2004-05-23 15:00:00,2004-05-23,15:00:00,1.1,1004.75,4.897490221739576,758.25,51.0,1091.0,57.0,1434.25,521.75,26.77499961853,27.300000667572,0.9461910745321336
2004-05-23 16:00:00,2004-05-23,16:00:00,1.5,1059.0,6.095971023550958,816.25,77.0,1023.0,73.0,1467.75,641.25,25.85000038147,28.700000286102,0.9422679260783028
2004-05-23 17:00:00,2004-05-23,17:00:00,1.5,1079.25,6.855573841730506,850.5,93.0,991.0,81.0,1490.0,738.25,25.799999713898,27.724999904633,0.9075871598692936
2004-05-23 18:00:00,2004-05-23,18:00:00,1.4,1070.0,6.844212054552857,850.0,94.0,997.25,91.0,1502.0,778.25,24.75,29.5,0.9077162909353982
2004-05-23 19:00:00,2004-05-23,19:00:00,1.1,1085.25,5.849489378590794,804.75,69.0,972.25,65.0,1528.25,717.75,25.275000572205,36.27499961853,1.1513398862227826
2004-05-23 20:00:00,2004-05-23,20:00:00,0.9,1066.0,5.482764633691687,787.25,57.0,985.5,56.0,1551.5,689.25,23.875,40.35000038147,1.1787430032349178
2004-05-23 21:00:00,2004-05-23,21:00:00,1.0,1093.5,6.07436581400729,815.25,74.0,934.25,69.0,1562.75,852.0,21.425000190735,46.649998664856,1.1764324928398584
2004-05-23 22:00:00,2004-05-23,22:00:00,1.1,1110.0,6.047405304882035,814.0,75.0,947.5,73.0,1570.5,853.75,20.47500038147,49.275000572205,1.1729865104492867
2004-05-23 23:00:00,2004-05-23,23:00:00,1.0,967.75,4.155267644562403,719.25,73.0,1080.75,76.0,1388.25,664.25,19.224999904633,42.349999427795,0.9339259278598258
2004-05-24 00:00:00,2004-05-24,00:00:00,0.7,906.0,4.050256979222614,713.5,56.0,1162.75,67.0,1350.75,544.25,19.224999904633,37.875000953674,0.8352407529228031
2004-05-24 01:00:00,2004-05-24,01:00:00,0.5,849.25,2.433637604423108,615.0,31.0,1285.25,44.0,1275.75,461.0,17.22500038147,43.074999809265,0.8393780172359093
2004-05-24 02:00:00,2004-05-24,02:00:00,0.2,774.25,1.00982332118666,500.0,13.0,1536.0,21.0,1168.5,351.75,15.799999952316,45.174999237061,0.8051859206713614
2004-05-24 05:00:00,2004-05-24,05:00:00,0.1,749.0,0.6911729959272378,465.75,23.0,1802.5,29.0,1088.75,306.75,16.125,36.499999046326,0.6639855319630991
2004-05-24 06:00:00,2004-05-24,06:00:00,0.5,863.5,2.837944850489492,641.75,72.0,1288.0,69.0,1254.75,441.0,16.525000095367,36.199998855591,0.6752446289008668
2004-05-24 07:00:00,2004-05-24,07:00:00,1.6,1001.5,7.838454177489808,892.5,165.0,1009.75,111.0,1394.0,775.0,17.474999904633,30.875,0.6110764709865127
2004-05-24 08:00:00,2004-05-24,08:00:00,2.0,970.0,9.685046806517573,965.75,118.0,943.5,81.0,1378.5,907.0,18.449999809265,24.0,0.5045900244104159
2004-05-24 09:00:00,2004-05-24,09:00:00,1.3,897.5,6.901101305129944,852.5,85.0,1065.5,56.0,1271.25,763.25,19.150000095367,23.849999904633,0.5235352561829336
2004-05-24 10:00:00,2004-05-24,10:00:00,1.0,846.5,5.754222758405947,800.25,116.0,1155.25,90.0,1178.5,648.5,21.72500038147,18.075000047684,0.4641628192134029
2004-05-24 11:00:00,2004-05-24,11:00:00,0.9,847.25,5.493101808834059,787.75,112.0,1202.5,85.0,1162.25,597.75,22.300000190735,16.974999904633,0.4512882425804577
2004-05-24 12:00:00,2004-05-24,12:00:00,1.2,871.25,6.7931834786399685,847.75,100.0,1139.25,83.0,1207.75,578.5,22.775000095367,16.099999904633,0.4404132683086177
2004-05-24 13:00:00,2004-05-24,13:00:00,1.3,869.25,7.205958222732487,865.75,109.0,1107.0,85.0,1212.0,595.5,23.849999904633,14.474999904633,0.4222287875984276
2004-05-24 14:00:00,2004-05-24,14:00:00,1.1,875.25,6.9296211856909045,853.75,111.0,1159.75,85.0,1200.25,594.75,25.125,13.125,0.4129070232389617
2004-05-24 15:00:00,2004-05-24,15:00:00,1.2,895.0,7.480989319917876,877.5,109.0,1121.75,81.0,1238.0,607.0,25.849999904633,12.850000143051,0.4218864991311358
2004-05-24 16:00:00,2004-05-24,16:00:00,1.4,925.75,7.652875824367053,884.75,114.0,1100.5,92.0,1259.25,661.75,25.5,13.974999904633,0.4494748875576065
2004-05-24 17:00:00,2004-05-24,17:00:00,2.0,996.0,11.953660413569477,1048.0,139.0,958.75,108.0,1397.25,822.25,24.450000286102,15.424999952316,0.466268357909875
2004-05-24 18:00:00,2004-05-24,18:00:00,2.4,996.75,13.499245409646248,1100.25,157.0,896.0,106.0,1392.0,986.5,22.599999427795,17.199999809265,0.4655890273406436
2004-05-24 19:00:00,2004-05-24,19:00:00,2.1,1005.75,11.96086428593333,1048.25,147.0,924.5,114.0,1416.25,966.25,21.249999523163,18.874999523163,0.4709775116215738
2004-05-24 20:00:00,2004-05-24,20:00:00,1.2,894.5,6.731036454520945,845.0,102.0,1072.0,96.0,1240.5,763.0,19.14999961853,22.825000286102,0.5010353069065145
2004-05-24 21:00:00,2004-05-24,21:00:00,0.7,861.5,4.755590080852426,751.0,73.0,1153.5,77.0,1213.25,617.25,18.424999713898,24.625,0.5169315722800971
2004-05-24 22:00:00,2004-05-24,22:00:00,0.7,858.25,4.848358263016616,755.75,65.0,1158.5,73.0,1209.0,564.25,17.349999904633,25.625000476837,0.5032407272751507
2004-05-24 23:00:00,2004-05-24,23:00:00,0.8,853.0,4.976540188187734,762.25,76.0,1133.75,86.0,1184.0,645.75,16.5,24.925000190735,0.464203279864376
2004-05-25 00:00:00,2004-05-25,00:00:00,0.5,858.75,4.293956324258487,726.75,65.0,1119.75,84.0,1187.25,752.5,16.650000095367,28.275000572205,0.5315586226092979
2004-05-25 01:00:00,2004-05-25,01:00:00,0.2,836.5,2.7104322698706853,633.5,41.0,1199.5,56.0,1149.5,669.25,15.524999856949,32.200000286102,0.5640723506251978
2004-05-25 05:00:00,2004-05-25,05:00:00,0.1,773.5,1.681021836007109,559.5,45.0,1386.0,51.0,1107.0,532.0,11.625,40.0,0.546185999605219
2004-05-25 06:00:00,2004-05-25,06:00:00,0.2,797.5,2.6495095616042814,629.5,40.0,1291.0,45.0,1125.25,536.25,13.375,34.500000953674,0.5272477429302996
2004-05-25 07:00:00,2004-05-25,07:00:00,1.1,1002.25,8.813568113776512,932.0,101.0,949.25,82.0,1404.5,916.5,15.224999904633,31.000000476837,0.5328704566294024
2004-05-25 08:00:00,2004-05-25,08:00:00,3.0,1210.0,22.167803733141728,1355.5,183.0,656.5,100.0,1786.25,1480.75,16.325000047684,27.5,0.5065771881774876
2004-05-25 09:00:00,2004-05-25,09:00:00,2.1,1058.0,15.307850221981177,1158.25,149.0,819.75,91.0,1458.75,1187.0,19.150000572205,20.0,0.4390232902475165
2004-05-25 10:00:00,2004-05-25,10:00:00,2.6,1105.5,14.034723520982585,1117.75,207.0,884.5,130.0,1451.0,1220.0,24.875,13.024999856949,0.4037539787470717
2004-05-25 11:00:00,2004-05-25,11:00:00,3.2,1153.0,18.46827735180334,1253.0,289.0,814.5,155.0,1541.25,1380.5,28.324999809265,9.9000000953674,0.3754444752750228
2004-05-25 12:00:00,2004-05-25,12:00:00,2.1,1047.25,13.529604730694471,1101.25,159.0,912.5,114.0,1390.5,1102.75,29.22500038147,9.7999999523163,0.391428568688775
2004-05-25 13:00:00,2004-05-25,13:00:00,2.2,1090.75,15.750761449955473,1172.0,162.0,874.25,127.0,1459.25,1105.0,31.574999809265,9.1750001907349,0.4189833088320943
2004-05-25 14:00:00,2004-05-25,14:00:00,2.4,1162.25,18.4509394072448,1252.5,173.0,795.75,138.0,1594.5,1248.25,32.599999427795,9.3000001907349,0.44994860185892
2004-05-26 09:00:00,2004-05-26,09:00:00,4.0,1302.75,40.223804627529326,1775.5,180.5,945.5,137.0,1466.75,1607.75,20.35000038147,35.72500038147,0.8439770215472404
2004-05-26 10:00:00,2004-05-26,10:00:00,2.2,1137.25,14.9257192296359,1146.25,188.0,1144.0,136.0,1392.25,1326.75,26.099999904633,23.825000286102,0.7937751794492721
2004-05-26 11:00:00,2004-05-26,11:00:00,1.8,1139.25,13.77352504817942,1109.25,159.0,1117.75,135.0,1435.75,1291.5,28.775000095367,21.050000190735,0.8192894725587315
2004-05-26 12:00:00,2004-05-26,12:00:00,1.6,1099.25,12.272378949151358,1059.0,146.0,1156.25,115.0,1416.25,1113.75,29.599999904633,19.35000038147,0.7896770439012316
2004-05-26 13:00:00,2004-05-26,13:00:00,1.8,1087.5,13.988477707942032,1116.25,127.0,1128.0,112.0,1448.5,1059.5,31.575000286102,16.399999856949,0.7489183920822634
2004-05-26 14:00:00,2004-05-26,14:00:00,1.6,1026.75,11.752703849058946,1041.0,128.0,1236.75,112.0,1344.5,915.0,32.300000667572,13.250000238419,0.6303330639129986
2004-05-26 15:00:00,2004-05-26,15:00:00,1.6,1014.0,11.968070008525885,1048.5,120.0,1200.0,109.0,1365.75,893.25,31.750000476837,13.549999952316,0.624921461779604
2004-05-26 16:00:00,2004-05-26,16:00:00,1.3,969.0,9.731187323395478,967.5,115.0,1275.5,112.0,1324.5,767.75,31.799999713898,13.825000286102,0.6394073929124064
2004-05-28 15:00:00,2004-05-28,15:00:00,1.7,1026.25,12.323413544360884,1060.75,133.0,981.5,115.0,1563.75,814.25,29.575000286102,18.875,0.7691896267348298
2004-05-28 16:00:00,2004-05-28,16:00:00,1.7,1039.25,12.156067689808504,1055.0,131.0,965.5,117.0,1589.5,844.5,27.974999904633,23.175000190735,0.8612668146666449
2004-05-28 17:00:00,2004-05-28,17:00:00,2.1,1147.75,12.49907422494975,1066.75,133.0,887.25,105.0,1789.75,955.5,23.625,40.950000762939,1.1785865503976312
2004-05-28 18:00:00,2004-05-28,18:00:00,2.2,1176.25,13.903862790799815,1113.5,141.0,842.75,114.0,1805.25,1102.0,21.450000286102,48.099999427795,1.214835433655593
2004-05-28 19:00:00,2004-05-28,19:00:00,1.8,1099.75,11.369254997979782,1027.5,112.0,899.75,103.0,1710.25,993.75,22.074999809265,44.125000953674,1.157299993816374
2004-05-28 20:00:00,2004-05-28,20:00:00,1.8,1081.25,10.393723551242587,992.25,147.0,958.5,119.0,1679.75,935.25,20.200000286102,47.175000190735,1.104325158180286
2004-05-28 21:00:00,2004-05-28,21:00:00,0.9,976.0,7.0327076104073925,858.25,104.0,1069.75,102.0,1547.25,838.5,20.02499961853,47.624999046326,1.1030097052273005
2004-05-28 22:00:00,2004-05-28,22:00:00,1.0,978.75,7.009743443406673,857.25,97.0,1081.75,96.0,1546.0,796.5,19.799999713898,46.824999809265,1.0696640393087309
2004-05-28 23:00:00,2004-05-28,23:00:00,2.0,1092.25,11.2777540500341,1024.25,128.0,937.0,109.0,1706.25,968.0,19.60000038147,47.0,1.060593322935068
2004-05-29 00:00:00,2004-05-29,00:00:00,1.8,1043.5,9.177252009319158,946.25,138.0,1008.5,119.0,1593.5,885.75,19.324999809265,46.324999809265,1.0278777988633558
2004-05-29 01:00:00,2004-05-29,01:00:00,1.1,940.25,6.810174913240995,848.5,93.0,1090.5,103.0,1508.75,763.5,18.525000095367,48.700000762939,1.028649681401833
2004-05-29 02:00:00,2004-05-29,02:00:00,0.6,892.0,5.066115597584205,766.75,71.0,1180.0,84.0,1466.0,656.75,17.974999904633,51.449999809265,1.0503928260369817
2004-05-29 03:00:00,2004-05-29,03:00:00,0.3,838.25,3.372740490853204,674.75,56.0,1301.5,64.5,1389.75,540.25,17.949999809265,50.800000190735,1.035517141228996
2004-05-29 06:00:00,2004-05-29,06:00:00,0.1,762.0,1.9618360818315304,581.25,41.0,1587.75,45.0,1276.5,434.0,17.925000190735,46.10000038147,0.9382565685182426
2004-05-29 07:00:00,2004-05-29,07:00:00,0.5,840.75,4.045717310202204,713.25,84.0,1293.0,80.0,1356.0,558.75,18.375,43.925001144409,0.9192360934806854
2004-05-29 08:00:00,2004-05-29,08:00:00,0.6,842.5,4.014000425351457,711.5,77.0,1303.25,77.0,1343.0,547.75,18.875,42.075000762939,0.9081009554635582
2004-05-29 09:00:00,2004-05-29,09:00:00,0.5,841.0,4.045717310202204,713.25,73.0,1326.25,68.0,1329.5,524.5,19.175000190735,39.699999809265,0.8728011950778813
2004-05-29 10:00:00,2004-05-29,10:00:00,0.7,862.33333333333,4.18131561569344,720.66666666667,72.0,1329.3333333333,66.0,1335.0,522.33333333333,20.799999872843,36.56666692098,0.8878495252495079
2004-05-29 11:00:00,2004-05-29,11:00:00,0.7,868.75,4.534166508860511,739.5,77.0,1296.0,70.0,1366.25,535.0,21.349999904633,35.75,0.8974695862226214
2004-05-29 12:00:00,2004-05-29,12:00:00,0.9,894.0,5.966830785143947,810.25,82.0,1204.25,74.0,1420.5,584.75,21.825000286102,34.85000038147,0.9003612978928338
2004-05-29 13:00:00,2004-05-29,13:00:00,0.7,844.25,4.838557223582978,755.25,67.0,1283.5,64.0,1350.25,520.75,22.824999809265,31.400000095367,0.8615214379864098
2004-05-29 14:00:00,2004-05-29,14:00:00,0.4,822.75,3.7949708199494,699.25,59.0,1381.75,60.0,1311.0,493.0,22.875,31.325000286102,0.8620431673220605
2004-05-29 15:00:00,2004-05-29,15:00:00,0.5,842.75,4.150678149020288,719.0,61.0,1353.0,63.0,1330.25,500.5,22.900000095367,30.700000286102,0.8461101215188049
2004-05-29 16:00:00,2004-05-29,16:00:00,0.6,865.25,5.061121320382599,766.5,76.0,1279.0,75.0,1368.5,559.25,23.800000190735,29.22500038147,0.84994505953232
2004-05-29 17:00:00,2004-05-29,17:00:00,0.6,872.75,5.576097817863698,791.75,73.0,1246.5,79.0,1396.75,589.25,23.150000095367,30.175000190735,0.844180918011677
2004-05-29 18:00:00,2004-05-29,18:00:00,0.8,899.25,5.807066327844245,802.75,87.0,1220.75,83.0,1425.75,596.25,22.400000095367,31.27499961853,0.8364757239885345
2004-05-29 19:00:00,2004-05-29,19:00:00,1.0,921.0,6.969633229266807,855.5,98.0,1163.0,93.0,1437.25,680.5,21.675000190735,32.22500038147,0.8250367711978566
2004-05-29 20:00:00,2004-05-29,20:00:00,1.2,937.25,7.856513903479742,893.25,123.0,1106.0,112.0,1463.25,782.75,20.800000190735,33.199999809265,0.8061058641774063
2004-05-29 21:00:00,2004-05-29,21:00:00,1.0,900.5,6.484888375798436,834.0,102.0,1177.0,103.0,1407.75,737.75,20.10000038147,35.02499961853,0.8149145206610867
2004-05-29 22:00:00,2004-05-29,22:00:00,1.3,954.5,8.456172338200984,917.75,102.0,1056.25,93.0,1510.75,761.5,19.47500038147,36.875,0.825762662305833
2004-05-29 23:00:00,2004-05-29,23:00:00,2.7,1064.5,13.68183720827334,1106.25,142.0,896.75,112.0,1707.0,928.5,19.025000095367,38.22500038147,0.8326585975343254
2004-05-30 00:00:00,2004-05-30,00:00:00,2.7,1035.25,13.781177484066122,1109.5,148.0,907.0,125.0,1652.25,1043.75,18.5,39.449999809265,0.8319845827533373
2004-05-30 01:00:00,2004-05-30,01:00:00,1.6,956.0,9.132251648807031,944.5,107.0,1030.0,107.0,1508.75,892.0,17.824999809265,41.724999427795,0.8439646186549213
2004-05-30 02:00:00,2004-05-30,02:00:00,0.6,868.75,6.512662727014059,835.25,61.0,1078.0,76.0,1436.75,806.75,19.199999809265,42.0,0.9247860431557966
2004-05-30 03:00:00,2004-05-30,03:00:00,0.3,830.75,6.226288271009065,822.25,43.0,1085.25,56.5,1418.0,709.5,17.800000190735,44.800000190735,0.9047580255733172
2004-05-30 05:00:00,2004-05-30,05:00:00,0.1,780.5,3.145131870638927,661.0,25.0,1271.0,37.0,1299.0,567.5,17.199999809265,47.175000190735,0.9178420100121036
2004-05-30 06:00:00,2004-05-30,06:00:00,0.1,780.75,2.888861845804453,645.0,32.0,1295.0,45.0,1319.75,575.25,17.275000095367,47.550000190735,0.9294692224742198
2004-05-30 07:00:00,2004-05-30,07:00:00,0.2,827.5,3.637401245814188,690.25,48.0,1262.75,61.0,1353.25,658.0,18.599999904633,44.22500038147,0.9384614450197696
2004-05-30 08:00:00,2004-05-30,08:00:00,0.3,802.75,2.737271431364029,635.25,60.0,1417.0,67.0,1272.25,537.0,20.200000286102,37.75,0.8836942141548358
2004-05-30 09:00:00,2004-05-30,09:00:00,0.3,810.75,3.015836303435833,653.0,52.0,1411.0,60.0,1269.25,486.25,22.02499961853,31.875000953674,0.8334947551146107
2004-05-30 10:00:00,2004-05-30,10:00:00,0.4,844.0,3.728970700643424,695.5,58.0,1352.5,64.0,1292.25,507.0,25.549999713898,25.85000038147,0.8338586365270789
2004-05-30 11:00:00,2004-05-30,11:00:00,0.3,833.25,3.7597093215051673,697.25,54.0,1360.75,64.0,1294.0,496.25,27.47500038147,22.849999904633,0.8249124489361483
2004-05-30 12:00:00,2004-05-30,12:00:00,0.3,831.5,4.150678149020288,719.0,52.0,1318.25,59.0,1298.75,501.5,28.724999904633,20.675000190735,0.8023792688442604
2004-05-30 13:00:00,2004-05-30,13:00:00,0.1,771.25,2.6004452699114715,626.25,34.0,1501.5,41.0,1210.0,429.75,29.074999809265,19.624999523163,0.777128348815189
2004-05-30 14:00:00,2004-05-30,14:00:00,0.1,783.0,2.764223257292404,637.0,41.0,1498.0,46.0,1215.25,438.75,29.775000095367,18.424999713898,0.7594999636954076
2004-05-30 15:00:00,2004-05-30,15:00:00,0.2,814.5,4.215127711803245,722.5,41.0,1378.0,46.0,1255.75,470.75,32.0,15.025000095367,0.7027947055260948
2004-05-30 16:00:00,2004-05-30,16:00:00,0.6,911.75,6.160982751377795,819.25,65.0,1224.25,77.0,1367.75,589.0,30.275000095367,17.049999713898,0.7231867791330457
2004-05-30 17:00:00,2004-05-30,17:00:00,0.5,894.25,5.201753846972903,773.5,65.0,1239.0,83.0,1339.0,597.75,31.700000286102,16.200000286102,0.7450310700847362
2004-05-30 18:00:00,2004-05-30,18:00:00,0.9,962.75,7.652875824367053,884.75,84.0,1101.5,90.0,1447.25,695.0,29.199999809265,19.60000038147,0.7817337830413832
2004-05-30 19:00:00,2004-05-30,19:00:00,1.1,990.25,8.750411205541294,929.5,89.0,1045.0,95.0,1505.75,738.75,27.449999809265,23.800000190735,0.8579612720385398
2004-05-30 20:00:00,2004-05-30,20:00:00,1.3,1024.75,10.0567841665389,979.75,114.0,986.25,113.0,1590.75,890.75,25.000000476837,26.925000190735,0.8408201199206758
2004-05-30 21:00:00,2004-05-30,21:00:00,1.5,996.5,9.81050275234866,970.5,127.0,993.25,128.0,1573.0,929.5,23.624999523163,30.099999427795,0.866311424250357
2004-05-30 22:00:00,2004-05-30,22:00:00,1.2,975.5,8.406516914528089,915.75,117.0,1043.75,117.0,1514.75,880.0,22.27499961853,33.574999809265,0.8912653401947628
2004-05-30 23:00:00,2004-05-30,23:00:00,0.4,877.75,5.410637002211207,783.75,46.0,1180.5,64.0,1406.75,609.75,21.375,36.875,0.927113834388962
2004-05-31 00:00:00,2004-05-31,00:00:00,0.2,835.5,4.307931854750126,727.5,16.0,1213.25,28.0,1353.25,518.25,20.624999523163,39.949999809265,0.9597298881188318
2004-05-31 01:00:00,2004-05-31,01:00:00,0.3,854.75,4.760453559847538,751.25,27.0,1107.0,46.0,1418.25,663.5,19.724999904633,43.150000572205,0.9811983281006414
2004-05-31 06:00:00,2004-05-31,06:00:00,0.5,909.25,6.484888375798436,834.0,82.0,1031.25,60.0,1526.5,762.5,16.64999961853,52.050001144409,0.9785190284802668
2004-05-31 07:00:00,2004-05-31,07:00:00,1.6,1107.5,14.181597642991733,1122.5,167.0,803.75,83.0,1801.25,1111.25,17.39999961853,50.85000038147,1.0017373788858146
2004-05-31 08:00:00,2004-05-31,08:00:00,3.6,1251.5,22.66692259986786,1368.75,248.0,681.0,129.0,2119.5,1390.25,19.299999713898,45.97500038147,1.018547319243402
2004-05-31 09:00:00,2004-05-31,09:00:00,2.2,1174.75,16.256486172925445,1187.5,213.0,790.25,137.0,1901.0,1250.5,20.949999809265,43.599999427795,1.0683107220074397
2004-05-31 10:00:00,2004-05-31,10:00:00,1.6,1111.25,14.104214213178958,1120.0,161.0,838.75,121.0,1790.0,1140.5,25.625,33.25,1.0773086093771862
2004-05-31 11:00:00,2004-05-31,11:00:00,1.4,1044.0,12.55786319242134,1068.75,144.0,889.0,123.0,1682.5,942.0,28.875,26.02499961853,1.0187718434321351
2004-05-31 12:00:00,2004-05-31,12:00:00,1.4,1017.75,13.122210701282372,1087.75,127.0,908.5,120.0,1677.0,794.5,30.300000190735,22.824999332428,0.9695184895691824
2004-05-31 13:00:00,2004-05-31,13:00:00,1.5,1060.25,14.150622610386955,1121.5,116.0,862.5,119.0,1720.75,836.25,30.89999961853,24.39999961853,1.0724222024091865
2004-05-31 14:00:00,2004-05-31,14:00:00,1.3,1071.0,13.788831731961718,1109.75,124.0,863.5,121.0,1733.25,846.75,30.5,26.249999523163,1.1277807806276232
2004-05-31 15:00:00,2004-05-31,15:00:00,1.2,1006.0,12.13431191456227,1054.25,115.0,920.75,111.0,1635.5,768.75,30.650000095367,23.425000667572,1.0150402831657948
2004-05-31 16:00:00,2004-05-31,16:00:00,1.8,1104.25,15.71027436796261,1170.75,150.0,827.25,128.0,1803.25,968.0,28.050000190735,29.825000286102,1.1132283838523127
2004-05-31 17:00:00,2004-05-31,17:00:00,3.0,1196.25,21.423409708469578,1335.5,221.0,739.0,159.0,1971.0,1157.25,26.924999713898,32.22500038147,1.1267046965462375
2004-05-31 18:00:00,2004-05-31,18:00:00,3.5,1243.0,25.00579678945213,1429.25,227.0,687.0,161.0,2092.5,1366.75,26.025000572205,34.625000953674,1.1485341122384116
2004-05-31 19:00:00,2004-05-31,19:00:00,2.4,1123.75,16.619513457363613,1198.5,156.0,794.25,116.0,1857.5,1101.25,24.525000095367,37.724999427795,1.1454359405349863
2004-05-31 20:00:00,2004-05-31,20:00:00,1.1,1020.25,10.687269183772557,1003.0,97.0,904.0,96.0,1716.0,916.25,21.724999904633,46.89999961853,1.2043836990152903
2004-05-31 21:00:00,2004-05-31,21:00:00,0.8,1034.75,7.486888715241108,877.75,78.0,976.75,69.0,1694.0,824.5,19.25,68.775001525879,1.518995774330167
2004-05-31 22:00:00,2004-05-31,22:00:00,0.4,986.25,5.344026303872138,780.5,60.0,1063.25,58.0,1632.5,693.25,17.624999523163,81.575000762939,1.6296482454238124
2004-05-31 23:00:00,2004-05-31,23:00:00,0.6,1017.25,6.4904391973140605,834.25,61.0,986.0,59.0,1675.75,734.0,17.800000190735,80.27499961853,1.621193076976378
2004-06-01 00:00:00,2004-06-01,00:00:00,0.3,922.25,4.731304485603308,749.75,46.0,1084.5,45.0,1585.25,684.75,18.599999904633,75.749998092651,1.6074268413134862
2004-06-01 05:00:00,2004-06-01,05:00:00,0.1,854.0,2.400843067625029,612.75,39.0,1272.25,41.0,1515.25,564.5,16.824999809265,81.299999237061,1.5452135446955504
2004-06-01 06:00:00,2004-06-01,06:00:00,0.3,984.75,6.090566655381708,816.0,107.0,987.0,65.0,1677.0,798.5,17.324999809265,78.60000038147,1.5411991347708387
2004-06-01 07:00:00,2004-06-01,07:00:00,1.4,1225.0,12.506416413613422,1067.0,190.0,760.25,94.0,1921.5,1102.0,16.925000190735,80.89999961853,1.5472406933276932
2004-06-01 08:00:00,2004-06-01,08:00:00,2.7,1313.0,19.512346483092777,1282.75,236.0,671.0,100.0,2179.5,1298.5,17.099999427795,79.75,1.541986087329396
2004-06-01 09:00:00,2004-06-01,09:00:00,2.3,1199.0,15.235887077766897,1156.0,227.0,758.0,103.0,1958.0,1272.0,18.5,70.300001144409,1.4825986667293716
2004-06-01 10:00:00,2004-06-01,10:00:00,1.8,1182.0,12.040228960945882,1051.0,211.0,828.75,89.0,1869.75,1205.5,19.574999809265,66.675001144409,1.5022724790095467
2004-06-01 11:00:00,2004-06-01,11:00:00,1.6,1173.0,12.374538402775087,1062.5,201.0,813.5,86.0,1904.5,1218.25,20.425000667572,63.075000762939,1.4969275804317623
2004-06-01 12:00:00,2004-06-01,12:00:00,1.9,1258.75,15.94571743631389,1178.0,191.0,721.75,89.0,2059.5,1366.5,21.625,61.800000190735,1.577454120985489
2004-06-01 13:00:00,2004-06-01,13:00:00,2.5,1263.0,15.702182283122928,1170.5,192.0,759.25,88.0,2029.25,1290.25,24.0,49.300001144409,1.4509499764670462
2004-06-01 14:00:00,2004-06-01,14:00:00,1.6,1155.75,13.484076653735867,1099.75,143.0,800.0,73.0,1883.75,1175.0,25.699999809265,43.824999809265,1.426218391979452
2004-06-01 15:00:00,2004-06-01,15:00:00,1.5,1166.75,12.447730384733632,1065.0,148.0,807.5,78.0,1886.25,1138.5,24.599999904633,47.500000953674,1.4486551025766354
2004-06-01 16:00:00,2004-06-01,16:00:00,2.5,1277.5,17.094871128341516,1212.75,183.0,732.75,95.0,2040.75,1292.5,24.800000190735,47.400000572205,1.4628209744062892
2004-06-01 17:00:00,2004-06-01,17:00:00,3.6,1341.75,21.990029094760025,1350.75,216.0,657.25,109.0,2200.75,1419.25,23.749999523163,50.474999427795,1.4635893757517289
2004-06-01 18:00:00,2004-06-01,18:00:00,3.5,1352.75,19.85089135668633,1292.25,184.0,683.25,95.0,2177.75,1325.5,23.049999713898,53.825000762939,1.496834229666982
2004-06-01 19:00:00,2004-06-01,19:00:00,4.8,1501.0,27.884805057911585,1500.5,248.0,588.25,101.0,2486.25,1517.25,21.52499961853,65.774997711182,1.668797109675335
2004-06-01 20:00:00,2004-06-01,20:00:00,3.7,1355.25,19.72587548434374,1288.75,221.0,678.0,88.0,2158.25,1390.5,21.0,66.875,1.643588312987819
2004-06-01 21:00:00,2004-06-01,21:00:00,2.1,1230.25,15.661748524140208,1169.25,159.0,737.25,77.0,2020.25,1274.5,20.60000038147,68.074998855591,1.6328985557452702
2004-06-01 22:00:00,2004-06-01,22:00:00,1.6,1147.75,11.96086428593333,1048.25,136.0,821.5,75.0,1883.25,1167.75,20.474999904633,66.85000038147,1.5913575947834195
2004-06-01 23:00:00,2004-06-01,23:00:00,2.2,1170.75,13.137204610141335,1088.25,168.0,821.75,81.0,1889.25,1132.25,20.199999809265,65.150001525879,1.5251040457038614
2004-06-02 00:00:00,2004-06-02,00:00:00,0.8,1021.0,9.2417017512885,948.75,95.0,926.5,57.0,1764.25,976.75,19.525000095367,67.974998474121,1.5268763919105433
2004-06-04 16:00:00,2004-06-04,16:00:00,2.7,1053.0,13.287544959340815,1093.25,90.53846153846153,873.25,57.46153846153846,1748.5,923.5,26.175000190735,32.550000190735,1.0892439538339165
2004-06-04 17:00:00,2004-06-04,17:00:00,3.6,1116.0,16.59465306613999,1197.75,86.07692307692308,811.0,57.92307692307692,1862.75,1045.0,28.275000095367,27.549999713898,1.0417830729444026
2004-06-04 18:00:00,2004-06-04,18:00:00,3.3,1096.75,16.852308316808735,1205.5,81.61538461538461,812.75,58.38461538461539,1866.75,1088.25,26.47500038147,29.72500038147,1.0123360234402692
2004-06-04 19:00:00,2004-06-04,19:00:00,3.6,1115.75,17.541987836118764,1226.0,77.15384615384616,791.5,58.84615384615385,1938.25,1037.5,25.675000190735,31.750000476837,1.0317379800978277
2004-06-04 20:00:00,2004-06-04,20:00:00,2.9,1056.75,13.092244786448637,1086.75,72.6923076923077,871.25,59.30769230769231,1769.25,981.0,24.425000190735,35.224999427795,1.0632073004221074
2004-06-04 21:00:00,2004-06-04,21:00:00,1.9,973.25,9.24815729916871,949.0,68.23076923076923,986.5,59.76923076923077,1615.25,820.0,23.474999904633,36.875,1.051849358197491
2004-06-04 22:00:00,2004-06-04,22:00:00,2.0,1016.0,9.969956267880695,976.5,63.76923076923077,951.25,60.23076923076923,1651.5,948.0,22.449999809265,41.024998664856,1.100550130815982
2004-06-04 23:00:00,2004-06-04,23:00:00,2.9,1119.5,13.137204610141335,1088.25,59.30769230769231,849.0,60.69230769230769,1785.25,1067.25,21.674999713898,44.72500038147,1.1450665137854894
2004-06-05 00:00:00,2004-06-05,00:00:00,2.7,1075.75,12.883301872920768,1079.75,54.84615384615385,846.0,61.15384615384615,1787.25,1070.25,21.050000667572,48.125000953674,1.1863633199933428
2004-06-05 01:00:00,2004-06-05,01:00:00,1.5,936.75,7.772386848630005,889.75,50.38461538461539,969.5,61.61538461538461,1624.5,877.25,20.650000095367,49.999999046326,1.2029922674821885
2004-06-05 02:00:00,2004-06-05,02:00:00,1.6,979.75,9.215898780684322,947.75,45.92307692307692,887.75,62.07692307692308,1701.75,1027.75,19.750000476837,53.099999427795,1.2093031377663177
2004-06-05 03:00:00,2004-06-05,03:00:00,1.3,937.25,6.906801269418972,852.75,41.46153846153846,961.75,62.53846153846154,1603.5,969.0,19.775000095367,53.550000190735,1.2214189981560637
2004-06-05 04:00:00,2004-06-05,04:00:00,0.7,851.75,4.519882381598143,738.75,37.0,1094.5,63.0,1524.75,836.5,19.599999904633,54.77499961853,1.2360424928041889
2004-06-05 05:00:00,2004-06-05,05:00:00,0.7,858.25,4.863075672861148,756.5,57.0,1066.0,71.0,1541.5,903.75,19.25,57.27499961853,1.2650015334797486
2004-06-05 06:00:00,2004-06-05,06:00:00,1.2,962.5,7.874591345354043,894.0,131.0,942.0,91.0,1702.25,1064.75,19.700000286102,58.375,1.3253730318212396
2004-06-05 07:00:00,2004-06-05,07:00:00,1.5,965.75,7.398606072663219,874.0,171.0,969.0,95.0,1681.75,998.5,19.775000095367,59.425000190735,1.3554215488303474
2004-06-05 08:00:00,2004-06-05,08:00:00,1.5,982.5,8.038084550565204,900.75,187.0,954.25,96.0,1690.75,986.0,20.900000572205,54.799999237061,1.338668631496294
2004-06-05 09:00:00,2004-06-05,09:00:00,1.6,989.5,7.551912855453091,880.5,133.0,984.75,81.0,1685.0,874.0,22.424999237061,47.85000038147,1.2817125105992306
2004-06-05 10:00:00,2004-06-05,10:00:00,1.1,891.25,5.323601511282001,779.5,87.0,1110.0,68.0,1542.5,689.0,24.074999809265,41.27499961853,1.220194980651321
2004-06-05 11:00:00,2004-06-05,11:00:00,1.1,883.0,5.287938393096692,777.75,61.0,1129.5,57.0,1544.5,607.5,25.875,36.900000095367,1.2132674744745662
2004-06-05 12:00:00,2004-06-05,12:00:00,1.4,913.75,8.025924844320537,900.25,86.0,1009.75,68.0,1596.25,705.5,30.699999809265,25.97500038147,1.1287415164528822
2004-06-05 13:00:00,2004-06-05,13:00:00,1.4,896.25,8.425123087441506,916.5,83.0,1016.75,72.0,1577.25,704.0,30.25,25.150000095367,1.0652333887815222
2004-06-05 14:00:00,2004-06-05,14:00:00,1.0,841.25,5.977547426091629,810.75,61.0,1135.0,62.0,1462.75,608.5,30.074999809265,25.375,1.064081086910241
2004-06-05 15:00:00,2004-06-05,15:00:00,1.3,925.75,7.264107476149063,868.25,80.0,1047.75,75.0,1599.25,687.25,27.599999904633,35.10000038147,1.2763852412365075
2004-06-05 16:00:00,2004-06-05,16:00:00,1.9,1132.5,10.157368780317263,983.5,110.0,838.0,92.0,1896.75,975.75,26.575000286102,47.625,1.6314632610760496
2004-06-05 17:00:00,2004-06-05,17:00:00,1.7,1041.5,8.978681321036397,938.5,108.0,916.5,89.0,1743.75,859.5,30.375,31.25,1.3330682383149886
2004-06-05 18:00:00,2004-06-05,18:00:00,2.3,1123.75,14.042437482361615,1118.0,134.0,792.5,105.0,1915.0,1020.75,27.750000476837,34.950000762939,1.2820412780917572
2004-06-05 19:00:00,2004-06-05,19:00:00,2.4,1157.0,16.11714195525501,1183.25,133.0,738.25,111.0,1969.5,1078.5,26.599999427795,37.875000953674,1.299360163736662
2004-06-05 20:00:00,2004-06-05,20:00:00,1.8,988.75,8.166234911142775,906.0,118.0,954.25,102.0,1681.0,826.0,23.449999809265,44.39999961853,1.264609454626666
2004-06-05 21:00:00,2004-06-05,21:00:00,0.6,840.75,3.781731313612756,698.5,17.0,1123.0,30.0,1507.5,557.5,23.025000095367,51.050001144409,1.417540607109889
2004-06-05 22:00:00,2004-06-05,22:00:00,0.8,916.25,5.560495657617175,791.0,26.0,1006.5,43.0,1587.75,678.75,22.125,53.549999237061,1.4087333845429768
2004-06-05 23:00:00,2004-06-05,23:00:00,1.7,1008.25,8.025924844320537,900.25,55.0,906.75,67.0,1680.75,849.75,21.599999427795,53.64999961853,1.3673564623765384
2004-06-06 00:00:00,2004-06-06,00:00:00,1.1,894.75,5.581302679176529,792.0,39.0,974.5,58.0,1573.5,733.25,21.875000476837,52.675000190735,1.3649882444669623
2004-06-06 01:00:00,2004-06-06,01:00:00,0.6,810.25,3.834807623760837,701.5,15.0,1092.5,24.0,1528.5,611.75,21.275000095367,54.85000038147,1.370716544226362
2004-06-06 02:00:00,2004-06-06,02:00:00,1.1,968.25,6.61866637230466,840.0,47.0,890.75,58.0,1727.0,787.5,17.525000095367,79.125,1.5709131992186354
2004-06-06 03:00:00,2004-06-06,03:00:00,1.1,921.5,7.049951745139518,859.0,48.0,870.75,60.0,1739.0,728.0,17.64999961853,78.575000762939,1.572155420348936
2004-06-06 04:00:00,2004-06-06,04:00:00,1.0,892.25,5.181562928768256,772.5,49.0,925.75,62.0,1660.0,723.75,17.099999904633,81.800001144409,1.5816234163937009
2004-06-06 05:00:00,2004-06-06,05:00:00,0.5,805.5,2.4299844022774177,614.75,21.0,1171.5,34.0,1525.25,543.25,16.575000286102,80.175001144409,1.5002039297199037
2004-06-06 06:00:00,2004-06-06,06:00:00,0.7,827.25,3.112591165001961,659.0,33.0,1114.5,46.0,1551.75,616.25,16.849999904633,77.425001144409,1.4738633153289604
2004-06-06 07:00:00,2004-06-06,07:00:00,1.0,880.75,5.242236067504748,775.5,63.0,1036.75,62.0,1623.25,676.75,18.25,66.5,1.3809599004659474
2004-06-06 08:00:00,2004-06-06,08:00:00,1.2,876.66666666667,5.911592143755224,807.66666666667,73.0,1011.3333333333,70.0,1613.6666666667,722.66666666667,20.366666793823,55.799999237061,1.3195741404194508
2004-06-06 09:00:00,2004-06-06,09:00:00,0.7,784.25,2.775808488627036,637.75,51.0,1314.25,54.0,1411.75,529.25,21.599999904633,45.25,1.1532690055138015
2004-06-06 10:00:00,2004-06-06,10:00:00,0.9,805.75,3.372740490853204,674.75,61.0,1270.25,61.0,1413.75,527.5,23.10000038147,39.375000953674,1.098271628301971
2004-06-06 11:00:00,2004-06-06,11:00:00,0.8,775.25,3.019841731523195,653.25,52.0,1348.5,53.0,1365.25,491.0,25.35000038147,31.550000190735,1.005809252857818
2004-06-06 12:00:00,2004-06-06,12:00:00,0.8,773.0,3.3937676628112503,676.0,49.0,1330.75,49.0,1373.75,488.75,26.550000667572,29.02499961853,0.9928412863694768
2004-06-06 13:00:00,2004-06-06,13:00:00,0.5,734.25,2.2573921763404505,602.75,40.0,1471.25,48.0,1302.5,450.0,25.900000095367,28.775000095367,0.947508484443488
2004-06-06 14:00:00,2004-06-06,14:00:00,0.5,756.5,2.725755128418066,634.5,36.0,1444.75,45.0,1344.5,450.75,26.97500038147,27.974999904633,0.98096482122925
2004-06-06 15:00:00,2004-06-06,15:00:00,0.7,817.25,3.59845465316637,688.0,51.0,1299.25,60.0,1434.5,511.5,23.550000190735,38.099999427795,1.0916665638002094
2004-06-06 16:00:00,2004-06-06,16:00:00,0.9,815.0,4.164453121656529,719.75,56.0,1225.25,59.0,1418.0,525.25,25.900000095367,31.974999904633,1.0528786654842608
2004-06-06 17:00:00,2004-06-06,17:00:00,1.0,843.75,4.863075672861148,756.5,71.0,1185.75,67.0,1445.25,555.5,26.324999809265,31.525000572205,1.064254499329918
2004-06-06 18:00:00,2004-06-06,18:00:00,1.2,880.25,5.902703204378455,807.25,79.0,1123.25,72.0,1510.0,598.5,23.900000095367,36.824999809265,1.0773691688715623
2004-06-06 19:00:00,2004-06-06,19:00:00,1.3,906.0,6.573944331732766,838.0,117.0,1084.0,88.0,1547.0,694.0,23.675000190735,36.75,1.060863214880349
2004-06-06 20:00:00,2004-06-06,20:00:00,1.6,903.5,7.581548498505182,881.75,127.0,1048.0,94.0,1548.75,744.25,22.499999523163,37.750000953674,1.0157410519401362
2004-06-06 21:00:00,2004-06-06,21:00:00,1.4,876.5,7.026963566820903,858.0,118.0,1079.5,89.0,1535.25,724.25,21.824999809265,39.150000572205,1.0114531973439225
2004-06-06 22:00:00,2004-06-06,22:00:00,1.7,917.5,7.510506118812435,878.75,130.0,1029.75,96.0,1569.0,804.25,20.900000095367,42.574999809265,1.0400331363788191
2004-06-06 23:00:00,2004-06-06,23:00:00,1.7,930.25,8.350803659508097,913.5,131.0,991.25,98.0,1631.0,861.5,20.025000095367,45.574999809265,1.0555311197165962
2004-06-07 00:00:00,2004-06-07,00:00:00,1.4,870.25,7.0327076104073925,858.25,102.0,1061.0,95.0,1556.75,811.25,19.275000095367,47.875,1.059013662764419
2004-06-07 01:00:00,2004-06-07,01:00:00,0.8,792.5,3.865914337574949,703.25,48.0,1222.25,64.0,1438.5,626.5,18.699999809265,49.0,1.04622031516095
2004-06-07 02:00:00,2004-06-07,02:00:00,0.4,759.5,2.5891783027743425,625.5,22.0,1263.0,38.0,1386.25,575.25,17.824999809265,54.075000762939,1.0937660401082516
2004-06-07 03:00:00,2004-06-07,03:00:00,0.3,733.0,2.0459287648075537,587.5,33.0,1281.0,39.0,1393.75,588.5,18.625,52.725001335144,1.1205596612316682
2004-06-07 05:00:00,2004-06-07,05:00:00,0.5,731.75,2.408114346922603,613.25,44.0,1272.75,40.0,1412.75,604.75,18.150000095367,54.050000190735,1.1154968773599592
2004-06-07 06:00:00,2004-06-07,06:00:00,1.5,933.25,9.586489285350796,962.0,167.0,866.75,76.0,1704.75,974.25,17.324999809265,57.574999809265,1.128938161066341
2004-06-07 07:00:00,2004-06-07,07:00:00,2.6,1061.0,15.420080106108864,1161.75,220.0,777.0,90.0,1898.25,1132.25,19.89999961853,49.39999961853,1.1354110848132684
2004-06-07 08:00:00,2004-06-07,08:00:00,4.3,1200.5,24.96634385269646,1428.25,285.0,664.25,118.0,2249.25,1377.5,21.699999809265,44.150000572205,1.1320535337706124
2004-06-07 09:00:00,2004-06-07,09:00:00,3.1,1064.75,15.06853565421518,1150.75,272.0,800.5,118.0,1893.75,1159.75,23.450000286102,39.974999427795,1.1385757679808413
2004-06-07 10:00:00,2004-06-07,10:00:00,2.9,1074.5,17.389585098903208,1221.5,238.0,773.5,122.0,1942.5,1212.75,28.449999809265,29.700000286102,1.134494050179624
2004-06-07 11:00:00,2004-06-07,11:00:00,2.5,998.0,14.06559020792421,1118.75,207.0,831.75,120.0,1779.75,1056.75,31.574999332428,24.075000286102,1.0994030297883028
2004-06-07 12:00:00,2004-06-07,12:00:00,1.9,921.5,11.767009701937964,1041.5,152.0,886.75,132.0,1743.75,832.25,31.250000476837,24.125000476837,1.0816021439437005
2004-06-07 13:00:00,2004-06-07,13:00:00,2.5,1023.25,14.941559082836006,1146.75,185.0,828.5,115.0,1841.5,983.25,34.35000038147,20.35000038147,1.085658065674246
2004-06-07 14:00:00,2004-06-07,14:00:00,2.5,1039.0,16.01092986121722,1180.0,184.0,832.75,127.0,1815.25,1046.5,33.72500038147,21.324999809265,1.098785811909636
2004-06-07 15:00:00,2004-06-07,15:00:00,2.8,1054.25,16.487108109675482,1194.5,205.0,814.5,126.0,1847.75,1077.5,35.874999046326,18.949999809265,1.0998579223127607
2004-06-07 16:00:00,2004-06-07,16:00:00,2.3,1022.25,15.195970036262697,1154.75,172.0,870.75,113.0,1839.5,979.25,34.25,19.375,1.0279162493514684
2004-06-07 17:00:00,2004-06-07,17:00:00,3.3,1082.0,18.930259427115477,1266.25,227.0,788.25,124.0,1909.5,1138.5,33.474999427795,19.900000095367,1.0111555240089545
2004-06-07 18:00:00,2004-06-07,18:00:00,2.8,1056.25,18.97409365112664,1267.5,187.0,786.0,108.0,1895.5,1111.25,30.5,24.174999713898,1.038632401686507
2004-06-07 19:00:00,2004-06-07,19:00:00,4.8,1243.25,28.874059534259917,1524.25,290.0,647.0,142.0,2280.5,1470.25,30.349999904633,26.200000286102,1.1160527995048444
2004-06-07 20:00:00,2004-06-07,20:00:00,2.5,1029.25,13.393216858808511,1096.75,155.0,825.0,125.0,1826.75,980.0,27.025000095367,36.674999237061,1.2897904973741627
2004-06-07 21:00:00,2004-06-07,21:00:00,2.0,1003.75,10.907979957019238,1011.0,108.0,866.75,116.0,1754.25,892.75,24.575000286102,41.874999046326,1.2752138938523516
2004-06-07 22:00:00,2004-06-07,22:00:00,1.8,978.75,8.92773812560085,936.5,94.0,919.0,101.0,1682.5,857.75,23.324999332428,44.450000762939,1.2566180516129033
2004-06-07 23:00:00,2004-06-07,23:00:00,1.7,971.75,8.481046789922036,918.75,103.0,934.0,101.0,1667.75,903.75,22.400000095367,46.900000572205,1.254379293755585
2004-06-08 00:00:00,2004-06-08,00:00:00,1.3,941.75,6.742317799023325,845.5,78.0,979.5,92.0,1614.75,904.5,21.699999809265,50.77499961853,1.3019256398729335
2004-06-08 01:00:00,2004-06-08,01:00:00,0.7,825.0,4.159859302225085,719.5,38.0,1129.25,55.0,1510.75,678.25,21.049999713898,51.89999961853,1.279423398905102
2004-06-08 02:00:00,2004-06-08,02:00:00,0.5,780.25,2.52201510848968,621.0,26.0,1277.25,42.0,1451.5,585.5,20.474999904633,54.300000190735,1.2926060913564223
2004-06-08 03:00:00,2004-06-08,03:00:00,0.4,745.75,1.7471088784062712,564.75,22.5,1369.25,36.0,1422.75,607.5,20.949999809265,52.450000762939,1.285158232103672
2004-06-08 04:00:00,2004-06-08,04:00:00,0.3,733.75,1.4189113306354937,537.75,19.0,1448.5,30.0,1400.0,513.75,20.974999904633,53.10000038147,1.303061030079979
2004-06-08 05:00:00,2004-06-08,05:00:00,0.5,784.75,2.810688037123539,640.0,35.0,1265.0,40.0,1467.25,588.25,19.550000190735,57.125,1.285128197914562
2004-06-08 06:00:00,2004-06-08,06:00:00,1.4,945.75,8.794600710564875,931.25,126.0,916.75,69.0,1745.25,884.0,18.199999332428,62.324999809265,1.290263875457553
2004-06-08 07:00:00,2004-06-08,07:00:00,3.3,1200.75,19.370544598978416,1278.75,309.0,683.25,100.0,2143.5,1337.75,19.525000095367,57.72500038147,1.2966376209489632
2004-06-08 08:00:00,2004-06-08,08:00:00,5.8,1376.5,36.078469107217416,1687.75,376.0,525.0,125.0,2746.0,1708.25,21.550000190735,51.675000190735,1.3130454364977686
2004-06-08 09:00:00,2004-06-08,09:00:00,5.0,1345.5,27.093800427335037,1481.25,441.0,601.5,174.0,2366.75,1681.25,23.949999809265,44.39999961853,1.3028572316292173
2004-06-08 10:00:00,2004-06-08,10:00:00,3.5,1229.5,19.000414929848503,1268.25,309.0,698.0,171.0,2048.75,1508.5,28.050000190735,35.150000572205,1.3119858492553855
2004-06-08 11:00:00,2004-06-08,11:00:00,2.9,1160.25,16.927428258993864,1207.75,220.0,728.25,149.0,1925.25,1330.0,31.449999809265,28.625,1.297970748919779
2004-06-08 12:00:00,2004-06-08,12:00:00,2.5,1146.0,15.718368230168371,1171.0,168.0,760.75,124.0,1902.25,1138.25,33.699999809265,25.450000286102,1.3095024606679555
2004-06-08 13:00:00,2004-06-08,13:00:00,2.3,1078.25,14.119676457135808,1120.5,149.0,817.75,119.0,1805.5,963.25,35.89999961853,20.824999809265,1.210345518413459
2004-06-08 14:00:00,2004-06-08,14:00:00,2.4,1111.0,16.47058919617261,1194.0,160.0,793.75,130.0,1874.5,1014.5,37.525000572205,18.14999961853,1.15291640703373
2004-06-08 15:00:00,2004-06-08,15:00:00,2.6,1082.75,14.75195387119492,1140.75,177.0,824.75,143.0,1792.5,1008.25,37.699999809265,17.749999523163,1.138287657252751
2004-06-08 16:00:00,2004-06-08,16:00:00,2.2,1056.0,12.972673346205386,1082.75,176.5,864.5,163.0,1723.25,897.75,37.800000190735,17.400000095367,1.1219210062063727
2004-06-08 17:00:00,2004-06-08,17:00:00,3.5,1219.5,21.377245330264945,1334.25,176.0,695.0,183.0,2065.5,1215.0,36.64999961853,20.550000190735,1.244515883942291
2004-06-08 18:00:00,2004-06-08,18:00:00,3.9,1267.75,23.592643818541102,1393.0,202.0,650.25,161.0,2143.75,1333.75,32.52499961853,25.950000286102,1.2502222545798396
2004-06-08 19:00:00,2004-06-08,19:00:00,4.5,1256.0,25.03540391941196,1430.0,255.0,660.25,170.0,2150.5,1380.25,30.75,27.150000095367,1.1831604600185124
2004-06-08 20:00:00,2004-06-08,20:00:00,3.8,1212.75,21.617763484967565,1340.75,210.0,682.75,143.0,2089.5,1600.75,28.800000190735,30.175000190735,1.1761370823994044
2004-06-08 21:00:00,2004-06-08,21:00:00,2.8,1144.5,15.677916694149982,1169.75,157.0,750.75,123.0,1894.0,1376.0,26.699999809265,35.449999809265,1.2232930651518072
2004-06-08 22:00:00,2004-06-08,22:00:00,1.7,1049.5,10.91490814480382,1011.25,96.0,836.0,89.0,1739.25,1161.25,25.275000095367,40.675000190735,1.2909923988272358
2004-06-08 23:00:00,2004-06-08,23:00:00,1.2,971.75,8.074610745890912,902.25,59.0,932.5,67.0,1647.25,877.5,24.924999713898,41.200000762939,1.280913903713339
2004-06-09 00:00:00,2004-06-09,00:00:00,1.6,1020.0,10.177536896876418,984.25,81.0,853.25,81.0,1752.5,1031.25,23.675000190735,45.14999961853,1.3033462244125242
2004-06-09 01:00:00,2004-06-09,01:00:00,1.0,933.5,7.498693453031173,878.25,40.0,939.75,54.0,1643.5,846.75,22.474999904633,48.950000762939,1.3151231131498329
2004-06-09 02:00:00,2004-06-09,02:00:00,0.9,913.5,5.770054202900989,801.0,42.0,964.75,57.0,1608.75,908.25,22.324999809265,50.64999961853,1.3485802305385175
2004-06-09 03:00:00,2004-06-09,03:00:00,0.5,824.0,3.7641093329879394,697.5,36.5,1107.0,54.0,1516.75,733.25,22.025000095367,50.474999427795,1.3198634427562017
2004-06-09 04:00:00,2004-06-09,04:00:00,0.5,816.5,3.3225027974574517,671.75,31.0,1113.0,51.0,1500.5,750.75,20.825000286102,54.39999961853,1.3228563857802285
2004-06-09 05:00:00,2004-06-09,05:00:00,0.5,832.5,3.950886235587856,708.0,54.0,1084.0,58.0,1525.25,799.0,20.325000286102,55.97500038147,1.3203544847359183
2004-06-09 06:00:00,2004-06-09,06:00:00,1.0,934.5,8.14787482420468,905.25,88.0,899.0,69.0,1675.25,953.75,20.525000095367,54.75,1.3072929118822727
2004-06-09 07:00:00,2004-06-09,07:00:00,3.5,1297.25,22.299185873847804,1359.0,261.0,630.25,107.0,2213.75,1424.75,21.699999809265,50.625,1.2980794882076936
2004-06-09 08:00:00,2004-06-09,08:00:00,6.4,1495.5,36.87816461893052,1705.0,357.0,507.0,151.0,2690.5,2147.25,23.400000095367,46.10000038147,1.3091154635304805
2004-06-09 09:00:00,2004-06-09,09:00:00,2.9,1200.5,17.465715598915352,1223.75,265.0,701.0,146.0,1986.5,1531.75,25.075000286102,42.999999046326,1.3487749699007492
2004-06-09 10:00:00,2004-06-09,10:00:00,3.4,1266.5,19.27331169332108,1276.0,247.0,675.75,165.0,2058.5,1570.25,30.099999904633,32.849999427795,1.379507536147333
2004-06-09 11:00:00,2004-06-09,11:00:00,2.8,1224.25,17.60990429599716,1228.0,189.0,710.75,159.0,1972.25,1380.0,34.674999237061,25.900000095367,1.4068848006609993
2004-06-09 12:00:00,2004-06-09,12:00:00,2.8,1246.5,18.615930068623197,1257.25,168.0,700.75,174.0,1999.75,1336.75,37.200000762939,23.199999809265,1.4478453398822262
2004-06-09 13:00:00,2004-06-09,13:00:00,2.8,1182.75,18.03691385773884,1240.5,183.0,720.5,167.0,1937.0,1307.5,39.474999427795,18.300000190735,1.2916907423646515
2004-06-09 14:00:00,2004-06-09,14:00:00,2.3,1077.5,13.96537920780899,1115.5,157.0,815.25,137.0,1761.0,1013.0,40.625000953674,15.300000190735,1.1485084346342511
2004-06-09 15:00:00,2004-06-09,15:00:00,1.8,1076.25,10.92183820793345,1011.5,113.0,893.5,116.0,1665.0,815.75,40.300000190735,16.125000476837,1.1896158690676122
2004-06-09 16:00:00,2004-06-09,16:00:00,2.0,1051.75,11.137599382513985,1019.25,140.0,895.75,125.0,1610.25,835.75,40.300001144409,14.224999904633,1.0494440921635728
2004-06-09 17:00:00,2004-06-09,17:00:00,3.5,1286.75,21.58068603351193,1339.75,230.0,698.75,194.0,2008.0,1266.75,39.599999427795,16.700000047684,1.1866959516326123
2004-06-09 18:00:00,2004-06-09,18:00:00,4.9,1460.0,27.55489755004211,1492.5,277.0,586.25,222.0,2287.5,1648.5,37.325000762939,23.35000038147,1.4671669388780195
2004-06-09 19:00:00,2004-06-09,19:00:00,4.6,1356.5,25.610740850091837,1444.5,295.0,620.0,206.0,2195.25,1621.5,33.650000572205,27.700000286102,1.421304370341936
2004-06-09 20:00:00,2004-06-09,20:00:00,3.4,1233.75,18.59853314728102,1256.75,212.0,694.75,162.0,2018.75,1349.25,30.674999713898,32.225000858307,1.3983448392533335
2004-06-09 21:00:00,2004-06-09,21:00:00,2.7,1150.75,15.180015721423397,1154.25,151.0,747.25,132.0,1894.25,1186.0,28.35000038147,35.675000190735,1.3548829441878676
2004-06-09 22:00:00,2004-06-09,22:00:00,1.9,1064.75,11.66702460019206,1038.0,110.0,805.25,107.0,1763.0,1026.0,26.474999904633,38.625000953674,1.3154408167672262
2004-06-09 23:00:00,2004-06-09,23:00:00,1.5,983.75,8.744106167164562,929.25,83.0,916.75,84.0,1653.75,816.5,25.400000095367,40.10000038147,1.2821539693114243
2004-06-10 00:00:00,2004-06-10,00:00:00,1.0,937.75,7.55783602511084,880.75,48.0,956.25,61.0,1607.0,662.25,24.125,43.300000190735,1.2838687166426146
2004-06-10 01:00:00,2004-06-10,01:00:00,0.7,878.25,5.216918999884966,774.25,27.0,1064.75,42.0,1527.0,552.0,23.875,45.624999046326,1.3328413355642523
2004-06-10 02:00:00,2004-06-10,02:00:00,1.0,919.0,5.902703204378455,807.25,48.0,967.25,66.0,1598.25,774.75,21.97500038147,52.75,1.3752009131490386
2004-06-10 03:00:00,2004-06-10,03:00:00,0.6,835.75,3.968875339934366,709.0,61.5,1085.25,71.0,1497.5,645.5,20.724999904633,56.124999046326,1.356532695185353
2004-06-10 05:00:00,2004-06-10,05:00:00,0.9,872.0,5.379849891846783,782.25,75.0,1001.0,76.0,1607.25,873.75,19.5,59.425000190735,1.3327791366668942
2004-06-10 06:00:00,2004-06-10,06:00:00,1.2,949.0,8.73150190350893,928.75,101.0,887.25,78.0,1710.75,972.5,20.0,56.625,1.3094507583604311
2004-06-10 07:00:00,2004-06-10,07:00:00,2.9,1226.5,19.85089135668633,1292.25,214.0,660.75,104.0,2087.0,1326.5,21.724999904633,53.925000190735,1.3847844717989632
2004-06-10 08:00:00,2004-06-10,08:00:00,4.8,1360.25,30.444406032522583,1561.25,290.0,545.0,139.0,2524.75,1625.75,23.675000190735,49.025000572205,1.4152059786813698
2004-06-10 09:00:00,2004-06-10,09:00:00,4.3,1317.75,24.632066944147866,1419.75,311.0,586.25,166.0,2316.25,1639.5,25.85000038147,44.300000190735,1.454441424699431
2004-06-10 10:00:00,2004-06-10,10:00:00,3.1,1196.0,16.927428258993864,1207.75,234.0,705.25,151.0,1980.75,1341.25,30.099999904633,34.325000762939,1.441448951462454
2004-06-10 11:00:00,2004-06-10,11:00:00,2.4,1152.0,13.559993122694276,1102.25,157.0,770.25,134.0,1868.25,1112.5,33.525000572205,27.199999809265,1.3859463543934814
2004-06-10 12:00:00,2004-06-10,12:00:00,2.8,1219.5,15.267852849249552,1157.0,165.0,714.75,148.0,1934.75,1223.5,35.425000190735,26.14999961853,1.4805977901006913
2004-06-10 13:00:00,2004-06-10,13:00:00,2.5,1182.0,14.111944432313583,1120.25,137.0,734.75,126.0,1892.5,1095.25,37.874999046326,23.200000286102,1.501998504590508
2004-06-10 14:00:00,2004-06-10,14:00:00,2.6,1167.25,17.011061860886493,1210.25,149.0,718.75,144.0,1944.25,1152.0,39.650000572205,18.675000190735,1.3306051239290262
2004-06-10 15:00:00,2004-06-10,15:00:00,2.3,1141.75,13.750578614055966,1108.5,140.0,781.5,133.0,1788.75,1047.0,40.424999237061,17.199999809265,1.277425663637533
2004-06-10 16:00:00,2004-06-10,16:00:00,2.4,1157.25,13.636091225089844,1104.75,139.0,778.75,139.0,1792.25,981.5,39.950000762939,18.824999809265,1.363041595245466
2004-06-10 17:00:00,2004-06-10,17:00:00,3.5,1274.25,21.17462670465912,1328.75,221.0,669.75,178.0,2054.0,1319.5,38.89999961853,18.849999904633,1.2899629770706027
2004-06-10 18:00:00,2004-06-10,18:00:00,4.8,1371.5,25.86044789943604,1450.75,318.0,630.5,206.0,2183.25,1540.5,35.824999809265,22.099999904633,1.2791616752086494
2004-06-10 19:00:00,2004-06-10,19:00:00,5.1,1372.75,25.41171938785227,1439.5,363.0,635.25,211.0,2183.25,1510.0,33.14999961853,25.900000095367,1.2923287972761388
2004-06-10 20:00:00,2004-06-10,20:00:00,4.7,1290.0,23.592643818541102,1393.0,341.0,655.25,180.0,2145.5,1511.0,30.875,28.224999904633,1.238777077087442
2004-06-10 21:00:00,2004-06-10,21:00:00,2.4,1056.25,12.047455025233976,1051.25,163.0,826.0,116.0,1758.0,1077.75,27.474999904633,32.574999332428,1.1759965794766851
2004-06-10 22:00:00,2004-06-10,22:00:00,2.5,1115.75,14.197095986144074,1123.0,157.0,768.25,118.0,1826.25,1234.75,26.349999904633,34.324999809265,1.160477182516752
2004-06-10 23:00:00,2004-06-10,23:00:00,2.7,1105.75,14.150622610386955,1121.5,202.0,783.25,115.0,1812.75,1201.75,25.5,34.100001335144,1.0967509388495118
2004-06-11 00:00:00,2004-06-11,00:00:00,1.5,1017.75,10.373373792087865,991.5,102.0,839.25,96.0,1710.0,1103.25,24.700000286102,39.325000762939,1.206456635455835
2004-06-11 01:00:00,2004-06-11,01:00:00,1.1,918.75,7.545991665728901,880.25,70.0,914.75,86.0,1627.5,1013.0,24.200000286102,39.500000953674,1.1764266489469208
2004-06-11 02:00:00,2004-06-11,02:00:00,0.6,806.5,3.474178373787287,680.75,41.0,1092.0,65.0,1435.0,764.75,24.75,37.824999809265,1.1638768993728192
2004-06-11 03:00:00,2004-06-11,03:00:00,0.5,787.25,2.510894470123048,620.25,38.5,1175.5,59.0,1403.0,618.25,22.724999904633,43.824999809265,1.19523712103861
2004-06-11 04:00:00,2004-06-11,04:00:00,0.4,789.25,2.551772503492955,623.0,36.0,1145.5,53.0,1406.5,662.5,22.0,44.25,1.1553445152861892
2004-06-11 05:00:00,2004-06-11,05:00:00,0.6,825.25,3.9733780589080414,709.25,68.0,1050.0,74.0,1491.25,812.75,19.275000095367,51.375,1.1364350271440633
2004-06-11 06:00:00,2004-06-11,06:00:00,1.0,911.75,7.026963566820903,858.0,92.0,922.5,69.0,1608.25,894.0,19.825000286102,50.375,1.1525214041760066
2004-06-11 07:00:00,2004-06-11,07:00:00,4.6,1339.0,24.81863195546019,1424.5,332.0,595.0,131.0,2264.0,1494.75,20.474999904633,48.200000762939,1.1473962130885915
2004-06-11 08:00:00,2004-06-11,08:00:00,4.8,1354.5,28.93703190039632,1525.75,333.0,567.0,134.0,2396.5,1658.25,22.77499961853,42.650000572205,1.1666848273001835
2004-06-11 09:00:00,2004-06-11,09:00:00,4.0,1250.0,21.45112871185265,1336.25,298.0,632.25,148.0,2103.5,1506.0,25.550000190735,35.800000190735,1.154821653539033
2004-06-11 11:00:00,2004-06-11,11:00:00,2.0,1076.0,12.156067689808504,1055.0,146.0,816.5,129.5,1734.25,992.75,34.39999961853,21.02499961853,1.1247871265028426
2004-06-11 12:00:00,2004-06-11,12:00:00,2.0,1095.5,13.084757871737729,1086.5,120.0,800.75,111.0,1758.5,910.0,35.924999237061,19.625,1.1421703691637386
2004-06-11 13:00:00,2004-06-11,13:00:00,2.0,1093.0,13.31770051337886,1094.25,108.0,797.25,110.0,1769.25,911.75,37.199999809265,18.249999523163,1.1389299830120176
2004-06-11 14:00:00,2004-06-11,14:00:00,1.9,1026.6666666667,12.46727931833054,1065.6666666667,109.0,837.33333333333,110.0,1689.0,813.66666666667,37.333333333333,16.599999745687,1.0435129633044695
2004-06-11 15:00:00,2004-06-11,15:00:00,1.9,1026.25,13.03240060277446,1084.75,124.0,848.0,116.0,1654.25,1341.25,37.425000190735,14.900000333786,0.9413344399538078
2004-06-11 16:00:00,2004-06-11,16:00:00,1.9,1015.25,12.345313148542989,1061.5,127.0,876.5,120.0,1668.25,847.25,36.39999961853,15.075000047684,0.9005354378379817
2004-06-11 17:00:00,2004-06-11,17:00:00,2.6,1027.5,15.187991985721863,1154.5,185.0,832.25,142.0,1690.75,925.25,35.425000190735,14.700000047684,0.8323054647258336
2004-06-11 18:00:00,2004-06-11,18:00:00,3.2,1074.25,19.061891730527957,1270.0,230.0,775.5,146.0,1833.25,1087.0,34.175000190735,14.200000047684,0.7502290572037642
2004-06-11 19:00:00,2004-06-11,19:00:00,3.4,1124.0,19.716958666054,1288.5,265.0,765.0,153.0,1863.0,1131.5,31.125,18.650000095367,0.8302353844669758
2004-06-11 20:00:00,2004-06-11,20:00:00,3.4,1110.5,18.563760110118164,1255.75,261.0,765.0,158.0,1851.25,1197.0,29.074999809265,21.974999427795,0.870185754673825
2004-06-11 21:00:00,2004-06-11,21:00:00,2.9,1061.75,16.108961166365923,1183.0,219.0,794.0,140.0,1731.25,1228.5,27.150000095367,22.47500038147,0.7961799564094197
2004-06-11 22:00:00,2004-06-11,22:00:00,2.7,1072.0,14.9891216112347,1148.25,180.0,804.5,127.0,1683.0,1171.25,25.25,24.599999904633,0.7796343511218888
2004-06-11 23:00:00,2004-06-11,23:00:00,1.3,935.75,7.31661206728073,870.5,108.0,989.75,97.0,1429.75,921.0,24.900000095367,27.150000095367,0.8428509820987539
2004-06-12 00:00:00,2004-06-12,00:00:00,1.3,988.25,8.92773812560085,936.5,98.0,894.0,91.0,1542.75,1007.75,23.52499961853,32.22500038147,0.9219560675743108
2004-06-12 01:00:00,2004-06-12,01:00:00,0.9,923.5,6.590699947825004,838.75,57.0,957.0,68.0,1452.5,848.75,23.5,32.72500038147,0.934865488334542
2004-06-12 02:00:00,2004-06-12,02:00:00,0.6,839.0,4.261422078208184,725.0,36.0,1052.0,52.0,1368.25,668.0,24.074999809265,32.025000572205,0.9467412553534492
2004-06-12 03:00:00,2004-06-12,03:00:00,0.5,825.75,3.222993460672848,665.75,40.5,1108.5,55.0,1349.0,641.25,22.625,34.824999809265,0.9440983120559012
2004-06-12 04:00:00,2004-06-12,04:00:00,0.5,853.0,4.086652431771937,715.5,45.0,1046.5,58.0,1414.0,707.25,20.75,40.174999237061,0.9725007284035398
2004-06-12 05:00:00,2004-06-12,05:00:00,0.9,918.25,5.956122343665647,809.75,87.0,936.0,78.0,1523.75,938.75,18.824999809265,46.60000038147,1.0026711276383613
2004-06-12 06:00:00,2004-06-12,06:00:00,0.7,890.25,5.560495657617175,791.0,62.0,949.75,61.0,1488.5,885.5,19.824999809265,46.0,1.0524264624408552
2004-06-12 07:00:00,2004-06-12,07:00:00,0.6,865.25,4.765319158079068,751.5,65.0,996.0,64.0,1450.5,837.0,21.349999904633,42.324999809265,1.0625286731662542
2004-06-12 08:00:00,2004-06-12,08:00:00,1.3,1003.0,8.92773812560085,936.5,125.0,849.75,81.0,1621.75,1005.0,21.300000190735,41.75,1.0449251289570192
2004-06-12 09:00:00,2004-06-12,09:00:00,1.9,1123.0,13.129706743219696,1088.0,157.0,746.25,92.0,1789.0,1190.75,24.0,36.60000038147,1.0771758308206505
2004-06-12 10:00:00,2004-06-12,10:00:00,2.1,1145.75,14.081034391358772,1119.25,171.0,745.75,101.0,1823.0,1199.75,27.150000095367,30.72500038147,1.0884373325558176
2004-06-12 11:00:00,2004-06-12,11:00:00,1.8,1109.5,11.193571577698146,1021.25,119.0,819.75,96.0,1724.25,971.25,32.349999904633,23.625,1.1270624050073637
2004-06-12 12:00:00,2004-06-12,12:00:00,1.8,1125.5,10.030033705078656,978.75,110.0,848.75,101.0,1700.0,907.0,31.900000572205,25.849999904633,1.202332587407195
2004-06-12 13:00:00,2004-06-12,13:00:00,1.6,1066.5,9.586489285350796,962.0,95.0,860.0,91.0,1657.5,802.0,35.074999809265,21.775000095367,1.209292584807621
2004-06-12 14:00:00,2004-06-12,14:00:00,1.2,1008.0,7.211764180499058,866.0,58.0,937.25,68.0,1572.75,695.25,36.0,20.525000095367,1.1994839693935648
2004-06-12 15:00:00,2004-06-12,15:00:00,1.2,1062.0,8.618412576532277,924.25,69.0,891.75,76.0,1683.25,776.75,36.999999046326,20.125,1.2423145138497802
2004-06-12 16:00:00,2004-06-12,16:00:00,1.4,1082.25,8.985057907981616,938.75,76.0,869.0,84.0,1677.75,817.5,36.39999961853,20.950000286102,1.2514903894311535
2004-06-12 17:00:00,2004-06-12,17:00:00,1.3,1042.0,7.941026771297775,896.75,63.0,901.25,76.0,1605.0,680.5,35.224999427795,22.625,1.2669538158540616
2004-06-12 18:00:00,2004-06-12,18:00:00,1.1,1022.25,6.242660502363154,823.0,51.0,963.5,61.0,1598.75,630.75,32.450000762939,27.574999809265,1.322922521982776
2004-06-12 19:00:00,2004-06-12,19:00:00,1.1,1023.5,6.346776588397269,827.75,46.0,935.75,52.0,1600.5,641.0,29.099999904633,35.099999427795,1.3919202594417934
2004-06-12 20:00:00,2004-06-12,20:00:00,1.1,1047.75,6.341278497026854,827.5,52.0,921.5,59.0,1617.5,683.25,26.925000190735,39.749999046326,1.3898064027452874
2004-06-12 21:00:00,2004-06-12,21:00:00,1.8,1153.0,11.221602522216635,1022.25,84.0,764.75,89.0,1806.25,1012.75,26.075000286102,42.199999809265,1.4039134278186114
2004-06-12 22:00:00,2004-06-12,22:00:00,2.3,1195.0,12.8090269432803,1077.25,130.0,731.25,113.0,1860.25,1150.75,25.5,43.824999809265,1.4095339531953155
2004-06-12 23:00:00,2004-06-12,23:00:00,2.6,1245.0,13.227321306164397,1091.25,147.0,733.75,112.0,1869.5,1134.25,24.875,45.60000038147,1.4135264327902397
2004-06-13 00:00:00,2004-06-13,00:00:00,2.0,1085.75,9.15795459328947,945.5,126.0,846.75,89.0,1729.25,944.5,25.174999713898,45.199999809265,1.4261751564924925
2004-06-13 01:00:00,2004-06-13,01:00:00,1.0,971.5,5.8335653079243945,804.0,47.0,954.75,53.0,1619.5,733.5,25.425000190735,45.5,1.456957282065282
2004-06-13 02:00:00,2004-06-13,02:00:00,0.6,880.25,3.4064107002432875,676.75,24.0,1109.25,36.0,1499.75,553.75,26.174999713898,43.625,1.459854558510853
2004-06-13 03:00:00,2004-06-13,03:00:00,0.6,905.5,4.14609081595083,718.75,24.5,1050.25,37.5,1560.5,612.25,24.349999904633,48.174999237061,1.447626649476596
2004-06-13 04:00:00,2004-06-13,04:00:00,0.5,878.75,3.092326534831685,657.75,25.0,1120.75,39.0,1511.0,564.0,24.35000038147,48.25,1.449880413483121
2004-06-13 05:00:00,2004-06-13,05:00:00,0.4,841.5,2.1766195262225123,597.0,21.0,1236.75,33.0,1444.0,512.0,23.250000476837,50.974999427795,1.4346379435539809
2004-06-13 06:00:00,2004-06-13,06:00:00,0.4,796.75,1.4804424506082965,543.0,25.0,1466.25,37.0,1346.5,410.25,21.599999427795,48.099999427795,1.2259057879878763
2004-06-13 07:00:00,2004-06-13,07:00:00,0.4,795.5,1.2796953495289456,525.5,25.0,1533.5,36.0,1321.5,391.75,21.374999523163,47.75,1.2005338119092983
2004-06-13 08:00:00,2004-06-13,08:00:00,0.4,767.0,1.2164728122586006,519.75,30.0,1526.0,42.0,1287.0,377.0,20.5,46.77499961853,1.115170889265487
2004-06-13 09:00:00,2004-06-13,09:00:00,0.5,783.75,1.7060697219224368,561.5,42.0,1460.0,52.0,1285.5,389.0,20.800000190735,40.700000762939,0.9882081167324068
2004-06-13 10:00:00,2004-06-13,10:00:00,0.6,810.5,2.540596042811355,622.25,52.0,1314.75,60.0,1306.5,431.75,22.299999713898,35.25,0.9371375660675944
2004-06-13 11:00:00,2004-06-13,11:00:00,0.7,838.0,2.5034923538874008,619.75,62.0,1292.25,74.0,1325.0,501.75,21.72500038147,38.324999809265,0.9841792481821284
2004-06-13 12:00:00,2004-06-13,12:00:00,0.7,820.5,2.679897108936152,631.5,67.0,1294.75,65.0,1301.5,468.75,24.400000095367,29.60000038147,0.8921024788282166
2004-06-13 13:00:00,2004-06-13,13:00:00,0.6,793.25,1.9352447455465327,579.25,47.0,1379.5,52.0,1303.0,426.75,23.375,34.949999809265,0.9910049284019368
2004-06-13 14:00:00,2004-06-13,14:00:00,0.5,793.5,1.778960037927602,567.25,35.0,1425.5,40.0,1305.75,406.0,23.450000286102,35.174999237061,1.0018612218469602
2004-06-13 15:00:00,2004-06-13,15:00:00,0.6,821.25,2.411753501464891,613.5,45.0,1309.0,49.0,1350.0,430.25,22.35000038147,39.0,1.0399560068514822
2004-06-13 16:00:00,2004-06-13,16:00:00,0.8,848.5,2.6230417420734504,627.75,53.0,1274.0,56.0,1378.75,453.0,21.97500038147,41.675000190735,1.0864739017589595
2004-06-13 17:00:00,2004-06-13,17:00:00,0.8,851.5,2.983874516262881,651.0,57.0,1245.75,59.0,1387.25,470.25,21.699999809265,42.699999809265,1.0948739535581102
2004-06-13 18:00:00,2004-06-13,18:00:00,1.0,847.25,2.884931454505132,644.75,71.0,1245.25,68.0,1364.0,479.75,20.675000190735,43.449999809265,1.0469913532637285
2004-06-13 19:00:00,2004-06-13,19:00:00,1.0,848.75,3.49973785390122,682.25,67.0,1214.5,72.0,1378.0,472.25,20.299999713898,42.64999961853,1.0045080122158505
2004-06-13 20:00:00,2004-06-13,20:00:00,1.0,865.0,3.5812024590957425,687.0,75.0,1190.75,78.0,1387.5,521.0,20.299999713898,44.125000953674,1.039247770068919
2004-06-13 21:00:00,2004-06-13,21:00:00,0.9,848.25,3.6200695828222633,689.25,65.0,1180.0,71.0,1402.5,520.0,20.125,45.22500038147,1.0538418496523976
2004-06-13 22:00:00,2004-06-13,22:00:00,0.7,806.5,2.300031610531572,605.75,45.0,1340.0,54.0,1337.25,439.5,19.775000572205,45.699999809265,1.0423688032290328
2004-06-13 23:00:00,2004-06-13,23:00:00,0.8,814.0,2.6079681657119167,626.75,46.0,1305.0,57.0,1350.5,445.75,19.625000476837,45.325000762939,1.024363453709357
2004-06-14 00:00:00,2004-06-14,00:00:00,0.7,784.75,1.965170872410398,581.5,33.0,1376.75,45.0,1311.0,416.5,19.425000190735,45.875,1.0241589424374709
2004-06-14 01:00:00,2004-06-14,01:00:00,0.5,747.75,1.1679499202396486,515.25,19.0,1579.75,30.0,1261.0,381.0,19.700000286102,44.800000190735,1.0171599499509474
2004-06-14 02:00:00,2004-06-14,02:00:00,0.3,715.5,0.6510847023937816,461.0,9.0,1794.75,16.0,1235.25,350.25,19.47500038147,46.275000572205,1.0362621741208935
2004-06-14 03:00:00,2004-06-14,03:00:00,0.3,708.0,0.4644178772489268,437.0,15.0,1940.75,22.0,1227.25,333.5,18.974999904633,48.950000762939,1.0630070331353438
2004-06-14 05:00:00,2004-06-14,05:00:00,0.3,748.0,0.785639863938206,476.5,21.0,1702.5,28.0,1301.25,380.25,19.125,52.675000190735,1.1545020482969754
2004-06-14 06:00:00,2004-06-14,06:00:00,0.7,888.0,3.512547535780659,683.0,66.0,1196.0,62.0,1482.6666666667,563.33333333333,20.266666412354,49.333333333333,1.159556526796658
2004-06-14 07:00:00,2004-06-14,07:00:00,1.5,972.5,7.021221524297898,857.75,137.0,941.0,92.0,1584.25,778.5,21.050000190735,46.199999809265,1.138908726973168
2004-06-14 08:00:00,2004-06-14,08:00:00,1.8,993.0,8.681162387088841,926.75,151.0,886.0,96.0,1665.0,842.25,21.525000095367,44.500000953674,1.1290228460306426
2004-06-14 09:00:00,2004-06-14,09:00:00,1.4,928.75,6.275459937112276,824.5,115.0,991.5,87.0,1561.0,692.0,22.374999523163,43.574999809265,1.1636989033258234
2004-06-14 10:00:00,2004-06-14,10:00:00,1.5,962.0,7.021221524297898,857.75,118.0,940.5,84.0,1613.25,778.75,24.75,39.124999046326,1.2038779327858316
2004-06-14 11:00:00,2004-06-14,11:00:00,1.2,906.25,5.462115192689236,786.25,95.0,1026.25,73.0,1537.5,632.75,23.925000190735,42.10000038147,1.2335307664413429
2004-06-14 12:00:00,2004-06-14,12:00:00,1.2,914.75,5.25237752206223,776.0,86.0,1029.0,72.0,1544.25,616.25,25.525000095367,38.27499961853,1.23284365054846
2004-06-14 13:00:00,2004-06-14,13:00:00,1.3,928.0,5.467274438558492,786.5,85.0,1012.25,68.0,1584.75,606.25,25.400000095367,39.199999809265,1.2533774282875392
2004-06-14 14:00:00,2004-06-14,14:00:00,1.0,855.25,3.77291593711671,698.0,66.0,1134.0,62.0,1448.75,525.5,25.64999961853,36.999999046326,1.200573728023346
2004-06-14 15:00:00,2004-06-14,15:00:00,1.4,920.25,5.384975875149092,782.5,74.0,1045.75,70.0,1550.0,588.0,24.549999713898,38.375,1.1668991544486689
2004-06-14 16:00:00,2004-06-14,16:00:00,1.6,916.5,6.657904148776321,841.75,108.0,985.25,83.0,1562.5,674.0,23.85000038147,39.89999961853,1.1638638378820514
2004-06-14 17:00:00,2004-06-14,17:00:00,2.7,1072.25,12.214164294685672,1057.0,150.0,811.75,92.0,1819.5,885.25,24.174999713898,39.224999427795,1.1665027852428078
2004-06-14 18:00:00,2004-06-14,18:00:00,2.3,999.5,10.184263392187276,984.5,157.0,846.25,103.0,1725.75,878.75,23.474999904633,41.224999427795,1.1759319102323555
2004-06-14 19:00:00,2004-06-14,19:00:00,1.5,913.5,6.719763165176905,844.5,93.0,972.0,82.0,1583.25,703.0,22.349999904633,44.89999961853,1.1972826403052317
2004-06-14 20:00:00,2004-06-14,20:00:00,1.4,887.75,5.722615520026283,798.75,76.0,1022.75,74.0,1531.25,637.25,21.700000286102,46.474999427795,1.1916690411717594
2004-06-14 21:00:00,2004-06-14,21:00:00,1.0,850.75,4.127763115451123,717.75,57.0,1134.0,67.0,1471.25,561.25,21.974999904633,44.875,1.169898373523795
2004-06-14 22:00:00,2004-06-14,22:00:00,1.1,869.75,4.7216050933487015,749.25,64.0,1096.25,74.0,1487.0,612.25,22.200000286102,44.10000038147,1.1653845931708295
2004-06-14 23:00:00,2004-06-14,23:00:00,1.2,882.5,5.196702979071655,773.25,59.0,1062.0,72.0,1513.5,621.25,21.799999713898,45.60000038147,1.1763147195294663
2004-06-15 00:00:00,2004-06-15,00:00:00,1.2,885.75,5.076110451362033,767.25,68.0,1054.75,79.0,1531.75,701.75,21.624999523163,46.0,1.174156751622744
2004-06-15 01:00:00,2004-06-15,01:00:00,0.7,791.5,2.7565112487264205,636.5,31.0,1249.25,43.0,1400.0,558.5,21.64999961853,45.824999809265,1.1714582958402648
2004-06-15 02:00:00,2004-06-15,02:00:00,0.5,753.5,1.3842517787078918,534.75,21.0,1489.75,33.0,1335.25,435.0,20.72500038147,48.324999809265,1.1680079331975852
2004-06-15 03:00:00,2004-06-15,03:00:00,0.4,732.0,1.0376118464581578,502.75,22.5,1525.0,35.5,1320.5,440.5,20.97500038147,47.050000190735,1.1545955376264467
2004-06-15 04:00:00,2004-06-15,04:00:00,0.4,769.75,2.022231213669882,585.75,24.0,1325.5,38.0,1391.75,527.0,20.824999809265,48.525000572205,1.179992747557397
2004-06-15 05:00:00,2004-06-15,05:00:00,0.5,796.5,3.0278593859425342,653.75,38.0,1096.5,51.0,1449.75,719.5,20.800000190735,49.39999961853,1.199446675049251
2004-06-15 06:00:00,2004-06-15,06:00:00,1.0,914.5,7.457411567811447,876.5,92.0,896.75,69.0,1651.0,936.5,19.89999961853,51.824999809265,1.1911473625156273
2004-06-15 07:00:00,2004-06-15,07:00:00,4.4,1287.25,24.7400051194649,1422.5,311.0,609.75,116.0,2319.25,1482.0,20.925000190735,49.25,1.2049197136620085
2004-06-15 08:00:00,2004-06-15,08:00:00,4.0,1195.0,24.80879778448909,1424.25,260.0,609.25,119.0,2244.0,1488.5,23.650000095367,39.924999237061,1.150799800581153
2004-06-15 09:00:00,2004-06-15,09:00:00,2.4,1002.5,10.859535166937013,1009.25,181.0,823.25,96.0,1710.0,1015.0,25.349999904633,35.824999809265,1.1420955645428628
2004-06-15 10:00:00,2004-06-15,10:00:00,2.1,1036.75,11.896096062617143,1046.0,177.0,838.0,109.0,1762.75,1003.5,28.824999809265,29.074999809265,1.1348949349703028
2004-06-15 11:00:00,2004-06-15,11:00:00,2.7,1113.5,16.027250694192563,1180.5,180.0,747.25,115.0,1927.5,1128.75,30.275000095367,26.875,1.139920528758601
2004-06-15 12:00:00,2004-06-15,12:00:00,2.8,1084.75,15.71027436796261,1170.75,174.0,766.75,118.0,1862.5,1068.0,32.750000476837,23.325000286102,1.138044200750482
2004-06-15 13:00:00,2004-06-15,13:00:00,2.3,1023.5,13.092244786448637,1086.75,140.0,823.5,118.0,1744.75,924.0,33.89999961853,21.400000095367,1.1134565203020972
2004-06-15 14:00:00,2004-06-15,14:00:00,2.0,1016.5,12.221434672355231,1057.25,122.0,858.75,112.0,1697.75,860.5,35.324998855591,19.599999904633,1.1036354109086193
2004-06-15 15:00:00,2004-06-15,15:00:00,2.6,1052.75,15.791292949255476,1173.25,189.0,784.5,140.0,1807.75,980.75,34.024999141693,20.799999713898,1.0897959893357747
2004-06-15 16:00:00,2004-06-15,16:00:00,2.7,1065.25,16.59465306613999,1197.75,169.0,765.5,137.0,1851.75,1043.0,35.349999427795,18.75,1.0572311340092462
2004-06-15 17:00:00,2004-06-15,17:00:00,3.1,1135.5,18.37300459025648,1250.25,172.0,721.5,143.0,1940.0,1124.25,32.624999523163,24.125000476837,1.1688455139810805
2004-06-15 18:00:00,2004-06-15,18:00:00,3.1,1099.5,16.71911362967545,1201.5,154.0,732.0,148.0,1856.25,1003.5,30.750000476837,28.699999809265,1.2507073951465164
2004-06-15 19:00:00,2004-06-15,19:00:00,3.6,1143.0,20.8265887595327,1319.25,192.0,673.0,158.0,2001.0,1190.25,28.724999904633,31.175000190735,1.2098753871098449
2004-06-15 20:00:00,2004-06-15,20:00:00,2.9,1083.25,15.25186639323188,1156.5,160.0,742.25,127.0,1884.25,1072.25,26.849999904633,35.050000190735,1.220127420882675
2004-06-15 21:00:00,2004-06-15,21:00:00,2.2,1009.0,11.546103489283087,1033.75,110.0,806.0,109.0,1763.0,924.75,25.300000190735,39.400000572205,1.2523695602888694
2004-06-15 22:00:00,2004-06-15,22:00:00,2.0,969.0,10.13721772169623,982.75,97.0,853.0,101.0,1680.0,862.25,23.900000095367,40.900000572205,1.1965892695602005
2004-06-15 23:00:00,2004-06-15,23:00:00,2.1,1028.5,10.414090310619091,993.0,124.0,815.5,114.0,1727.5,968.75,23.049999713898,44.425000190735,1.2354270319721112
2004-06-16 00:00:00,2004-06-16,00:00:00,1.9,1064.25,9.416675483049591,955.5,108.0,811.5,104.0,1770.25,932.25,22.200000286102,53.875,1.4236982860312986
2004-06-16 01:00:00,2004-06-16,01:00:00,1.4,986.25,6.906801269418972,852.75,61.0,865.0,81.0,1645.0,793.5,20.949999809265,59.824999809265,1.4658644398877474
2004-06-16 02:00:00,2004-06-16,02:00:00,0.8,872.25,3.9643747977514256,708.75,34.0,1034.25,51.0,1521.75,599.25,21.325000286102,58.125,1.4569653445926345
2004-06-16 03:00:00,2004-06-16,03:00:00,0.6,839.5,3.0278593859425342,653.75,29.0,1124.25,45.5,1489.25,613.5,20.824999809265,58.35000038147,1.4189093551406269
2004-06-16 04:00:00,2004-06-16,04:00:00,0.6,811.5,2.6004452699114715,626.25,24.0,1134.0,40.0,1471.0,625.0,20.300000190735,58.925000190735,1.3878226743730322
2004-06-16 05:00:00,2004-06-16,05:00:00,0.5,809.75,2.38632864280939,611.75,27.0,1163.0,34.0,1461.5,594.5,21.349999904633,54.5,1.368170418157563
2004-06-16 06:00:00,2004-06-16,06:00:00,1.0,935.5,6.827184440761592,849.25,70.0,882.25,61.0,1640.0,885.75,20.575000286102,57.425000190735,1.3753453189820568
2004-06-16 07:00:00,2004-06-16,07:00:00,2.7,1244.25,18.895223172864338,1265.25,176.0,640.25,95.0,2084.25,1256.75,21.275000095367,56.924999237061,1.4225713343964317
2004-06-16 08:00:00,2004-06-16,08:00:00,5.0,1439.75,30.219430264466112,1556.0,310.0,517.0,142.0,2530.25,1560.75,22.89999961853,52.39999961853,1.4441748653081352
2004-06-16 09:00:00,2004-06-16,09:00:00,3.3,1180.25,14.878242654505954,1144.75,221.0,713.25,128.0,1929.25,1190.75,24.125,46.549999237061,1.3802329680586942
2004-06-16 10:00:00,2004-06-16,10:00:00,2.4,1125.75,12.243256870893829,1058.0,168.0,764.75,115.0,1878.75,1061.25,27.099999904633,38.800000190735,1.370498555862876
2004-06-16 11:00:00,2004-06-16,11:00:00,1.7,1004.5,8.25829945796103,909.75,109.0,880.75,84.0,1670.25,751.25,28.424999713898,34.449999809265,1.3140386778664697
2004-06-16 12:00:00,2004-06-16,12:00:00,1.7,1032.0,9.004199247323303,939.5,102.0,862.25,85.0,1702.5,732.75,30.074999809265,30.900000095367,1.29576771180314
2004-06-16 13:00:00,2004-06-16,13:00:00,2.4,1086.5,13.68183720827334,1106.25,129.0,754.75,110.0,1839.0,906.25,32.675000190735,25.825000286102,1.2547277417979166
2004-06-16 14:00:00,2004-06-16,14:00:00,2.2,1089.5,14.073311396432944,1119.0,117.0,756.0,107.0,1811.0,902.0,32.400000095367,25.650000095367,1.2271144899066884
2004-06-16 15:00:00,2004-06-16,15:00:00,2.2,1071.75,12.018561859295374,1050.25,112.0,802.25,107.0,1747.75,836.0,33.599999427795,24.375,1.2472120311809
2004-06-16 16:00:00,2004-06-16,16:00:00,2.3,1100.5,12.1996290730817,1056.5,122.0,796.5,113.0,1772.0,862.5,33.0,26.02499961853,1.2877040253639442
2004-06-16 17:00:00,2004-06-16,17:00:00,2.6,1111.25,13.05482847350086,1085.5,114.0,786.5,107.0,1802.25,823.5,33.175000190735,23.724999904633,1.1854606227538529
2004-06-16 18:00:00,2004-06-16,18:00:00,2.3,1047.75,12.594666004682017,1070.0,111.0,806.75,106.0,1736.75,841.75,31.274999141693,25.425000190735,1.14150126391462
2004-06-16 19:00:00,2004-06-16,19:00:00,3.3,1197.0,18.312485879658222,1248.5,158.0,697.5,125.0,1985.75,1131.5,28.27499961853,31.650000095367,1.19682155323956
2004-06-16 20:00:00,2004-06-16,20:00:00,3.5,1173.25,17.2461700813682,1217.25,202.0,695.25,139.0,1929.5,1175.0,26.549999713898,35.02499961853,1.1980797310772895
2004-06-16 21:00:00,2004-06-16,21:00:00,2.5,1075.3333333333,12.870910004842552,1079.3333333333,166.0,763.66666666667,117.0,1798.0,1111.0,24.433333714803,40.000001271566,1.2079294851304896
2004-06-16 22:00:00,2004-06-16,22:00:00,2.5,1066.75,13.6742083420192,1106.0,143.0,745.0,107.0,1839.75,1124.5,23.299999713898,43.39999961853,1.2251028323059057
2004-06-16 23:00:00,2004-06-16,23:00:00,2.4,1059.5,13.446186578745062,1098.5,122.0,742.0,98.0,1837.75,1077.25,22.549999713898,45.299999237061,1.2225555116345717
2004-06-17 00:00:00,2004-06-17,00:00:00,2.5,1081.0,13.453760957164876,1098.75,113.0,749.25,97.0,1854.0,1087.0,21.77499961853,47.849999427795,1.232495031759111
2004-06-17 01:00:00,2004-06-17,01:00:00,2.1,1017.25,9.929990158721026,975.0,109.0,821.75,95.0,1721.5,1014.0,20.875,51.02499961853,1.2445606529374054
2004-06-17 02:00:00,2004-06-17,02:00:00,1.0,836.25,4.4345815399504325,734.25,53.0,1034.5,68.0,1501.0,801.25,20.825000286102,51.699999809265,1.2571999149284347
2004-06-17 03:00:00,2004-06-17,03:00:00,0.8,830.75,4.289302117009657,726.5,44.0,1038.0,56.0,1522.25,802.25,19.300000190735,57.14999961853,1.2661224606306916
2004-06-17 05:00:00,2004-06-17,05:00:00,0.5,797.5,3.402194127528105,676.5,35.0,1091.5,44.0,1473.0,696.0,20.175000190735,53.775000572205,1.2569061784061413
2004-06-17 06:00:00,2004-06-17,06:00:00,1.3,966.25,9.286930935153803,950.5,123.0,812.25,77.0,1734.75,995.5,18.275000095367,60.75,1.2635054244904402
2004-06-17 07:00:00,2004-06-17,07:00:00,3.6,1276.5,23.39089090707522,1387.75,254.0,610.75,100.0,2241.25,1512.5,20.224999427795,54.5,1.2777445516561157
2004-06-17 08:00:00,2004-06-17,08:00:00,4.8,1334.5,27.69902610328447,1496.0,300.0,561.75,125.0,2384.75,1598.25,21.89999961853,49.924999237061,1.2956789632735597
2004-06-17 09:00:00,2004-06-17,09:00:00,3.7,1297.25,22.074162063223632,1353.0,281.0,587.75,154.0,2127.5,1689.75,25.150000095367,43.0,1.3547595193967945
2004-06-17 10:00:00,2004-06-17,10:00:00,1.9,1040.5,10.036718472630536,979.0,169.0,836.75,125.0,1704.5,1053.0,28.000000476837,36.550000190735,1.3602980737198376
2004-06-17 11:00:00,2004-06-17,11:00:00,1.7,1026.75,8.908666294895685,935.75,152.0,866.75,117.0,1695.5,931.0,27.125,38.300000190735,1.3548088416809485
2004-06-17 12:00:00,2004-06-17,12:00:00,1.9,1037.0,9.777421299680489,969.25,127.0,840.75,105.0,1728.0,865.0,27.425000190735,37.0,1.3318687708125645
2004-06-17 13:00:00,2004-06-17,13:00:00,1.8,1013.5,9.377671550694837,954.0,118.0,864.5,103.0,1697.25,817.75,29.375,32.875000953674,1.3244386068105023
2004-06-17 14:00:00,2004-06-17,14:00:00,1.7,1007.0,9.830374486121,971.25,120.0,866.25,106.0,1682.25,801.5,31.27499961853,28.699999809265,1.2885383164609845
2004-06-17 15:00:00,2004-06-17,15:00:00,1.8,998.0,9.475310738258395,957.75,125.0,881.25,107.0,1657.0,778.25,31.525000095367,28.675000190735,1.3057675967502185
2004-06-17 16:00:00,2004-06-17,16:00:00,1.7,1014.0,9.475310738258395,957.75,117.0,878.25,102.0,1684.0,767.25,30.900000095367,30.275000095367,1.3306386748857049
2004-06-17 17:00:00,2004-06-17,17:00:00,2.8,1157.25,15.371938788300142,1160.25,166.0,738.0,124.0,1935.75,999.5,31.400000572205,30.275000095367,1.3689083845001806
2004-06-17 18:00:00,2004-06-17,18:00:00,3.6,1225.0,19.43252866555312,1280.5,180.0,683.25,133.0,2082.0,1143.0,30.72500038147,31.449999809265,1.368601728317557
2004-06-17 19:00:00,2004-06-17,19:00:00,3.3,1130.5,16.47058919617261,1194.0,172.0,725.75,125.0,1907.0,1008.5,28.999999523163,33.400000572205,1.3169112331182482
2004-06-17 20:00:00,2004-06-17,20:00:00,2.9,1110.75,14.274695923974273,1125.5,160.0,754.0,124.0,1883.0,1075.75,27.324999809265,37.5,1.3420411495061846
2004-06-17 21:00:00,2004-06-17,21:00:00,1.7,976.25,8.239851353044795,909.0,103.0,877.5,97.0,1674.5,830.0,25.799999713898,40.900000572205,1.3388752204026888
2004-06-17 22:00:00,2004-06-17,22:00:00,1.7,1015.75,8.744106167164562,929.25,87.0,867.75,94.0,1724.0,852.5,25.200000286102,42.97500038147,1.3579723221163431
2004-06-17 23:00:00,2004-06-17,23:00:00,2.8,1176.5,15.227900098086304,1155.75,147.0,684.25,120.0,1982.75,1310.25,24.575000286102,45.77499961853,1.393980103499418
2004-06-18 00:00:00,2004-06-18,00:00:00,1.8,1013.0,10.570799727369264,998.75,120.0,790.5,105.0,1750.75,1118.75,24.0,47.27499961853,1.3913520890813362
2004-06-18 01:00:00,2004-06-18,01:00:00,1.0,886.0,6.025873720736165,813.0,63.0,936.0,81.0,1591.5,917.75,23.474999904633,48.300000190735,1.3777443851271405
2004-06-18 02:00:00,2004-06-18,02:00:00,0.5,790.5,3.096374945960142,658.0,30.0,1140.25,43.0,1467.25,609.25,23.974999904633,45.824999809265,1.3466731839037842
2004-06-18 03:00:00,2004-06-18,03:00:00,0.4,762.25,2.470298210529167,617.5,24.5,1213.5,37.5,1430.5,516.0,22.224999904633,50.650000572205,1.3404903136641728
2004-06-18 04:00:00,2004-06-18,04:00:00,0.3,740.25,1.7853596906499465,567.75,19.0,1259.25,32.0,1404.25,510.0,22.800000190735,48.125,1.31842759389698
2004-06-18 05:00:00,2004-06-18,05:00:00,0.4,774.75,2.61926987611744,627.5,27.0,1178.0,36.0,1436.75,553.75,21.89999961853,50.10000038147,1.3002206819480633
2004-06-18 06:00:00,2004-06-18,06:00:00,0.8,871.5,6.457164646441118,832.75,65.0,946.75,59.0,1597.5,760.25,20.374999523163,54.099999427795,1.2800220281583927
2004-06-18 07:00:00,2004-06-18,07:00:00,2.2,1123.25,14.547714339820429,1134.25,169.0,711.25,92.0,1922.25,1170.0,20.775000095367,52.625,1.27581056349411
2004-06-18 08:00:00,2004-06-18,08:00:00,4.4,1306.25,28.790187377897013,1522.25,244.0,535.25,121.0,2449.75,1544.5,22.824999809265,47.949999809265,1.3156035879509835
2004-06-18 09:00:00,2004-06-18,09:00:00,3.7,1237.0,21.294256464471182,1332.0,274.0,604.5,151.0,2157.25,1508.0,25.175000190735,42.949999809265,1.3551819619742125
2004-06-18 10:00:00,2004-06-18,10:00:00,2.5,1142.75,14.909886539767191,1145.75,202.0,701.25,142.0,1917.25,1291.5,29.325000286102,34.775000095367,1.3969699900897066
2004-06-18 11:00:00,2004-06-18,11:00:00,2.5,1169.75,15.629433523319976,1168.25,186.0,702.5,141.0,1948.75,1286.5,33.299999237061,27.849999904633,1.4013377329001817
2004-06-18 12:00:00,2004-06-18,12:00:00,2.3,1116.25,14.336905671238044,1127.5,153.0,739.0,129.0,1855.5,1042.0,34.85000038147,24.85000038147,1.362996028652613
2004-06-18 13:00:00,2004-06-18,13:00:00,2.0,1054.0,12.572578807441328,1069.25,112.0,784.75,106.0,1765.75,816.75,36.099998474121,22.674999713898,1.3324284608888894
2004-06-18 14:00:00,2004-06-18,14:00:00,2.0,1083.25,13.400778503920026,1097.0,117.0,765.0,125.0,1809.75,847.25,37.64999961853,21.075000762939,1.3478483658198217
2004-06-18 15:00:00,2004-06-18,15:00:00,2.1,1078.25,12.550508140328832,1068.5,109.0,782.25,126.0,1779.5,805.5,37.325000762939,21.900000095367,1.3760580546647996
2004-06-18 16:00:00,2004-06-18,16:00:00,2.4,1104.25,14.830830579634574,1143.25,133.0,747.0,147.0,1840.0,896.0,37.22500038147,21.625000476837,1.3513946287945395
2004-06-18 17:00:00,2004-06-18,17:00:00,3.1,1169.5,18.59853314728102,1256.75,185.0,693.0,180.0,1956.0,1069.25,35.625,23.424999713898,1.3410098967853858
2004-06-18 18:00:00,2004-06-18,18:00:00,2.9,1090.75,16.710803925959592,1201.25,167.0,738.25,164.0,1834.0,945.25,33.074999809265,24.324999809265,1.2086556355068667
2004-06-18 19:00:00,2004-06-18,19:00:00,3.5,1215.75,20.780977456129744,1318.0,218.0,673.0,180.0,2043.0,1167.5,30.47500038147,29.450000762939,1.2634623561150162
2004-06-18 20:00:00,2004-06-18,20:00:00,2.9,1124.5,15.986461905151526,1179.25,171.0,718.75,153.0,1921.25,1065.0,28.674999713898,35.75,1.3834348607010851
2004-06-18 21:00:00,2004-06-18,21:00:00,1.5,970.75,7.563761174473438,881.0,78.0,915.5,105.0,1635.0,672.25,26.550000190735,42.249999046326,1.445221112288153
2004-06-18 22:00:00,2004-06-18,22:00:00,1.7,1061.5,10.157368780317263,983.5,84.0,815.5,98.0,1795.75,842.25,25.199999809265,46.625000953674,1.4733090976287628
2004-06-18 23:00:00,2004-06-18,23:00:00,2.2,1140.0,13.750578614055966,1108.5,110.0,714.25,107.0,1891.5,1123.0,24.700000286102,47.749999046326,1.464928215506648
2004-06-19 00:00:00,2004-06-19,00:00:00,1.6,1037.75,10.393723551242587,992.25,87.0,802.0,87.0,1731.25,1006.5,24.400000095367,47.449999809265,1.4300764156997454
2004-06-19 01:00:00,2004-06-19,01:00:00,1.0,934.75,6.529351622974581,836.0,58.0,908.5,80.0,1604.25,854.5,23.349999904633,49.924999237061,1.4135077916974177
2004-06-19 02:00:00,2004-06-19,02:00:00,0.6,861.25,4.33594097421864,729.0,39.0,1042.75,62.0,1527.75,688.75,23.849999904633,47.25,1.3782597820702045
2004-06-19 03:00:00,2004-06-19,03:00:00,0.6,839.0,3.4317568759519625,678.25,38.5,1061.75,58.0,1478.25,622.25,22.875,50.175000190735,1.380782623775308
2004-06-19 04:00:00,2004-06-19,04:00:00,0.6,850.25,3.85256976994582,702.5,38.0,1020.75,54.0,1510.75,658.0,21.200000286102,55.025000572205,1.368854838932288
2004-06-19 05:00:00,2004-06-19,05:00:00,0.5,817.0,2.9878617985251053,651.25,41.0,1109.0,56.0,1472.0,628.0,21.700000286102,52.64999961853,1.3500026968388477
2004-06-19 06:00:00,2004-06-19,06:00:00,0.5,825.0,3.2436181473100727,667.0,47.0,1079.25,62.0,1475.0,658.5,22.824999809265,48.925000190735,1.342354662095256
2004-06-19 07:00:00,2004-06-19,07:00:00,0.9,921.25,5.570895026976299,791.5,72.0,943.25,72.0,1594.5,799.0,23.52499961853,47.575000762939,1.361119010054865
2004-06-19 08:00:00,2004-06-19,08:00:00,1.4,1030.75,9.138674497520402,944.75,100.0,805.5,86.0,1697.25,964.0,24.550000190735,44.925001144409,1.3660702887340377
2004-06-19 09:00:00,2004-06-19,09:00:00,1.6,1091.5,9.711401368340608,966.75,104.0,800.5,99.0,1773.5,910.25,26.999999523163,39.925000190735,1.4020424433021217
2004-06-19 10:00:00,2004-06-19,10:00:00,1.6,1095.0,8.593367010206421,923.25,109.0,842.75,98.0,1735.5,998.5,29.300000190735,35.925000190735,1.4410979319098305
2004-06-19 11:00:00,2004-06-19,11:00:00,1.7,1097.0,9.645572227732076,964.25,103.0,821.75,102.0,1742.75,853.0,31.224999904633,32.424999713898,1.4516596944061737
2004-06-19 12:00:00,2004-06-19,12:00:00,1.7,1101.3333333333,9.84142174488079,971.66666666667,75.0,818.66666666667,84.0,1713.6666666667,751.66666666667,34.400000254313,26.599999745687,1.4230363318818526
2004-06-19 13:00:00,2004-06-19,13:00:00,1.5,1060.25,10.346267233158,990.5,72.0,832.75,83.0,1717.75,778.25,36.125,22.099999904633,1.3004241291034946
2004-06-19 14:00:00,2004-06-19,14:00:00,1.2,1051.6118421052631,10.113267799026561,978.75,56.0,846.4473684210526,68.0,1708.5065789473683,770.0328947368421,35.67039474688079,22.971052558798945,1.2975062264736534
2004-06-19 15:00:00,2004-06-19,15:00:00,1.2,1042.9736842105262,9.88026836489512,967.0,51.0,860.1447368421053,63.0,1699.2631578947369,761.8157894736842,35.21578949376158,23.842105212964892,1.294588323843812
2004-06-19 16:00:00,2004-06-19,16:00:00,1.1,1034.3355263157894,9.64726893076368,955.25,52.0,873.8421052631579,65.0,1690.0197368421052,753.5986842105264,34.761184240642365,24.71315786713084,1.291670421213971
2004-06-19 17:00:00,2004-06-19,17:00:00,1.0,1025.6973684210527,9.414269496632238,943.5,46.0,887.5394736842105,63.0,1680.7763157894738,745.3815789473684,34.30657898752316,25.58421052129679,1.2887525185841298
2004-06-19 18:00:00,2004-06-19,18:00:00,1.1,1017.0592105263158,9.181270062500799,931.75,44.0,901.2368421052631,56.0,1671.532894736842,737.1644736842105,33.85197373440395,26.455263175462736,1.2858346159542886
2004-06-19 19:00:00,2004-06-19,19:00:00,1.6,1008.421052631579,8.948270628369357,920.0,72.0,914.9342105263158,77.0,1662.2894736842106,728.9473684210526,33.39736848128474,27.326315829628683,1.2829167133244472
2004-06-19 20:00:00,2004-06-19,20:00:00,1.7,999.7828947368421,8.715271194237918,908.25,88.0,928.6315789473684,91.0,1653.046052631579,720.7302631578947,32.942763228165525,28.19736848379463,1.279998810694606
2004-06-19 21:00:00,2004-06-19,21:00:00,1.4,991.1447368421052,8.482271760106476,896.5,56.0,942.328947368421,70.0,1643.8026315789473,712.5131578947369,32.48815797504631,29.068421137960577,1.277080908064765
2004-06-19 22:00:00,2004-06-19,22:00:00,1.7,982.5065789473684,8.249272325975037,884.75,82.0,956.0263157894736,95.0,1634.5592105263158,704.296052631579,32.03355272192711,29.939473792126527,1.2741630054349238
2004-06-19 23:00:00,2004-06-19,23:00:00,2.4,973.8684210526316,8.016272891843595,873.0,125.0,969.7236842105264,113.0,1625.3157894736842,696.078947368421,31.578947468807897,30.81052644629247,1.2712451028050824
2004-06-20 00:00:00,2004-06-20,00:00:00,2.3,965.2302631578948,7.783273457712156,861.25,144.0,983.421052631579,109.0,1616.0723684210527,687.8618421052631,31.124342215688685,31.68157910045842,1.2683272001752413
2004-06-20 01:00:00,2004-06-20,01:00:00,1.2,956.5921052631579,7.550274023580715,849.5,54.0,997.1184210526316,65.0,1606.828947368421,679.6447368421052,30.669736962569473,32.55263175462437,1.2654092975454
2004-06-20 02:00:00,2004-06-20,02:00:00,1.0,947.953947368421,7.317274589449275,837.75,48.0,1010.8157894736842,60.0,1597.5855263157896,671.4276315789474,30.21513170945026,33.423684408790315,1.262491394915559
2004-06-20 03:00:00,2004-06-20,03:00:00,1.4,939.3157894736842,7.084275155317834,826.0,44.0,1024.5131578947369,60.0,1588.342105263158,663.2105263157895,29.760526456331053,34.29473706295626,1.2595734922857176
2004-06-20 05:00:00,2004-06-20,05:00:00,1.0,930.6776315789474,6.8512757211863935,814.25,40.0,1038.2105263157896,60.0,1579.0986842105262,654.9934210526316,29.30592120321184,35.16578971712221,1.2566555896558764
2004-06-20 06:00:00,2004-06-20,06:00:00,0.9,922.0394736842105,6.618276287054953,802.5,48.0,1051.907894736842,65.0,1569.8552631578948,646.7763157894736,28.851315950092633,36.03684237128816,1.2537376870260353
2004-06-20 07:00:00,2004-06-20,07:00:00,0.8,913.4013157894736,6.385276852923512,790.75,44.0,1065.6052631578948,55.0,1560.6118421052631,638.5592105263158,28.39671069697342,36.9078950254541,1.2508197843961941
2004-06-20 08:00:00,2004-06-20,08:00:00,1.0,904.7631578947369,6.152277418792072,779.0,59.0,1079.3026315789473,66.0,1551.3684210526317,630.3421052631579,27.94210544385421,37.77894767962005,1.2479018817663527
2004-06-20 09:00:00,2004-06-20,09:00:00,1.2,896.125,5.919277984660631,767.25,59.0,1093.0,67.0,1542.125,622.125,27.487500190735,38.650000333786,1.2449839791365116
2004-06-20 10:00:00,2004-06-20,10:00:00,1.2,887.4868421052631,5.686278550529191,755.5,53.0,1106.6973684210527,64.0,1532.8815789473683,613.9078947368421,27.03289493761579,39.52105298795195,1.2420660765066704
2004-06-20 11:00:00,2004-06-20,11:00:00,1.0,878.8486842105262,5.45327911639775,743.75,42.0,1120.3947368421052,59.0,1523.6381578947369,605.6907894736842,26.57828968449658,40.3921056421179,1.239148173876829
2004-06-20 12:00:00,2004-06-20,12:00:00,1.0,870.2105263157895,5.22027968226631,732.0,43.0,1134.092105263158,59.0,1514.3947368421052,597.4736842105262,26.12368443137737,41.26315829628384,1.236230271246988
2004-06-20 13:00:00,2004-06-20,13:00:00,0.6,861.5723684210526,4.987280248134869,720.25,23.0,1147.7894736842104,36.0,1505.1513157894738,589.2565789473684,25.66907917825816,42.13421095044979,1.2333123686171468
2004-06-20 14:00:00,2004-06-20,14:00:00,0.7,852.9342105263158,4.75428081400343,708.5,22.0,1161.4868421052631,35.0,1495.907894736842,581.0394736842105,25.214473925138947,43.005263604615735,1.2303944659873056
2004-06-20 15:00:00,2004-06-20,15:00:00,0.8,844.296052631579,4.521281379871989,696.75,37.0,1175.1842105263158,54.0,1486.6644736842104,572.8223684210526,24.759868672019735,43.876316258781685,1.2274765633574642
2004-06-20 16:00:00,2004-06-20,16:00:00,1.1,835.6578947368421,4.2882819457405486,685.0,53.0,1188.8815789473683,71.0,1477.421052631579,564.6052631578947,24.305263418900527,44.747368912947636,1.224558660727623
2004-06-20 17:00:00,2004-06-20,17:00:00,1.4,827.0197368421052,4.055282511609108,673.25,68.0,1202.578947368421,86.0,1468.1776315789473,556.3881578947369,23.85065816578132,45.61842156711358,1.221640758097782
2004-06-20 18:00:00,2004-06-20,18:00:00,2.8,818.3815789473684,3.8222830774776675,661.5,125.0,1216.2763157894738,114.0,1458.9342105263158,548.171052631579,23.396052912662107,46.48947422127952,1.2187228554679408
2004-06-20 19:00:00,2004-06-20,19:00:00,2.5,809.7434210526316,3.589283643346227,649.75,96.0,1229.9736842105262,105.0,1449.6907894736842,539.953947368421,22.941447659542895,47.36052687544547,1.2158049528380994
2004-06-20 20:00:00,2004-06-20,20:00:00,1.6,801.1052631578948,3.3562842092147864,638.0,75.0,1243.671052631579,87.0,1440.4473684210527,531.7368421052631,22.486842406423683,48.23157952961142,1.2128870502082583
2004-06-20 21:00:00,2004-06-20,21:00:00,1.4,792.4671052631579,3.123284775083346,626.25,74.0,1257.3684210526317,85.0,1431.203947368421,523.5197368421052,22.03223715330447,49.102632183777374,1.2099691475784171
2004-06-20 22:00:00,2004-06-20,22:00:00,2.3,783.828947368421,2.8902853409519054,614.5,92.0,1271.0657894736842,91.0,1421.9605263157896,515.3026315789473,21.577631900185263,49.97368483794332,1.207051244948576
2004-06-20 23:00:00,2004-06-20,23:00:00,4.2,775.1907894736842,2.657285906820465,602.75,136.0,1284.7631578947369,108.0,1412.717105263158,507.0855263157894,21.123026647066055,50.84473749210926,1.2041333423187346
2004-06-21 00:00:00,2004-06-21,00:00:00,3.0,766.5526315789473,2.4242864726890243,591.0,119.0,1298.4605263157896,99.0,1403.4736842105262,498.86842105263156,20.668421393946844,51.71579014627521,1.2012154396888934
2004-06-21 01:00:00,2004-06-21,01:00:00,2.2,757.9144736842105,2.1912870385575847,579.25,76.0,1312.157894736842,83.0,1394.2302631578948,490.65131578947364,20.213816140827632,52.58684280044116,1.1982975370590523
2004-06-21 02:00:00,2004-06-21,02:00:00,0.6,749.2763157894736,1.9582876044261432,567.5,21.0,1325.8552631578948,36.0,1384.9868421052631,482.4342105263158,19.75921088770842,53.45789545460711,1.195379634429211
2004-06-21 03:00:00,2004-06-21,03:00:00,0.3,740.6381578947369,1.7252881702947036,555.75,18.0,1339.5526315789475,30.0,1375.7434210526317,474.21710526315786,19.304605634589212,54.32894810877305,1.1924617317993698
2004-06-21 04:00:00,2004-06-21,04:00:00,0.3,732.0,1.4922887361632626,544.0,15.0,1353.25,24.0,1366.5,466.0,18.85000038147,55.200000762939,1.1895438291695286
2004-06-21 05:00:00,2004-06-21,05:00:00,0.5,809.0,3.474178373787287,680.75,52.0,1108.0,43.0,1463.0,608.5,18.199999809265,57.625000953674,1.1929636498132024
2004-06-21 06:00:00,2004-06-21,06:00:00,1.3,934.25,8.289085377009005,911.0,85.0,856.75,64.0,1639.0,863.0,18.574999809265,56.0,1.1864971703236686
2004-06-21 07:00:00,2004-06-21,07:00:00,2.5,1131.5,17.33047053733586,1219.75,177.0,690.75,91.0,1909.5,1202.75,20.849999904633,48.049999237061,1.1702182420736074
2004-06-21 08:00:00,2004-06-21,08:00:00,3.7,1220.5,23.333382943384088,1386.25,232.0,626.0,109.0,2138.25,1412.25,23.324999809265,38.625000953674,1.0919431719141488
2004-06-21 09:00:00,2004-06-21,09:00:00,2.5,1024.0,13.819466840669069,1110.75,201.0,769.75,110.0,1752.5,1069.25,25.099999904633,32.375,1.0170020530168538
2004-06-21 10:00:00,2004-06-21,10:00:00,1.8,938.0,10.244887084344466,986.75,134.0,861.5,111.0,1597.0,817.25,27.799999713898,25.75,0.9473080893017908
2004-06-21 11:00:00,2004-06-21,11:00:00,1.5,868.75,7.947078151878079,897.0,104.0,965.25,106.0,1479.75,649.25,29.574999809265,20.97500038147,0.8547683323634145
2004-06-21 12:00:00,2004-06-21,12:00:00,1.5,846.0,8.76933794439815,930.25,89.0,946.5,104.0,1467.25,597.5,30.199999809265,18.025000095367,0.7612776922871042
2004-06-21 13:00:00,2004-06-21,13:00:00,1.2,837.75,7.246641780738701,867.5,66.0,1005.25,76.0,1454.25,540.25,30.050000190735,18.5,0.7746763064102844
2004-06-21 14:00:00,2004-06-21,14:00:00,1.4,874.5,8.307580365525487,911.75,85.0,977.5,84.0,1504.0,600.75,29.5,19.400000095367,0.7871931522021834
2004-06-21 15:00:00,2004-06-21,15:00:00,1.6,907.0,9.560279891795416,961.0,105.0,919.75,102.0,1563.75,668.25,31.10000038147,18.175000190735,0.8079434624648086
2004-06-21 16:00:00,2004-06-21,16:00:00,1.6,888.5,8.997816871326798,939.25,99.0,920.0,102.0,1492.25,647.25,30.325000286102,19.049999713898,0.81032532889913
2004-06-21 17:00:00,2004-06-21,17:00:00,2.2,969.25,12.411111391474432,1063.75,132.0,834.0,124.0,1645.25,816.0,30.075000286102,19.275000095367,0.8082823097627455
2004-06-21 18:00:00,2004-06-21,18:00:00,3.0,1051.0,15.25186639323188,1156.5,186.0,759.5,147.0,1786.5,963.25,28.574999809265,22.325000286102,0.8589539733938715
2004-06-21 19:00:00,2004-06-21,19:00:00,3.0,1042.75,16.05174523439242,1181.25,174.0,735.5,138.0,1812.5,1010.0,26.074999809265,28.27499961853,0.9406552299831304
2004-06-21 20:00:00,2004-06-21,20:00:00,2.7,1042.5,14.135145923260188,1121.0,149.0,736.25,126.0,1792.5,967.25,24.47500038147,35.700000762939,1.0807436875434122
2004-06-21 21:00:00,2004-06-21,21:00:00,2.1,1006.75,11.355157414476496,1027.0,114.0,798.25,112.0,1736.75,903.5,23.099999904633,41.525000572205,1.1582407006451192
2004-06-21 22:00:00,2004-06-21,22:00:00,1.6,965.75,9.507952908441492,959.0,92.0,838.25,95.0,1685.5,851.75,21.775000095367,46.25,1.1912831252149831
2004-06-21 23:00:00,2004-06-21,23:00:00,1.3,920.0,7.427984010652609,875.25,75.0,915.0,80.0,1594.0,744.25,20.900000572205,48.89999961853,1.1945419065852094
2004-06-22 00:00:00,2004-06-22,00:00:00,1.1,889.25,6.423963037079952,831.25,74.0,955.75,79.0,1569.5,759.75,20.500000476837,49.925000190735,1.1902706345286789
2004-06-22 01:00:00,2004-06-22,01:00:00,0.7,825.0,4.077540556909493,715.0,35.0,1061.75,49.0,1462.0,612.75,20.025000572205,50.925000190735,1.179438820929349
2004-06-22 02:00:00,2004-06-22,02:00:00,0.4,757.5,1.945198364978567,580.0,22.0,1214.75,36.0,1373.75,530.75,22.14999961853,44.27499961853,1.1664920481302767
2004-06-22 03:00:00,2004-06-22,03:00:00,0.2,734.66666666667,1.3642026812087695,533.0,23.0,1338.0,38.0,1349.6666666667,492.66666666667,21.0,47.466667175293,1.1665892998249583
2004-06-22 04:00:00,2004-06-22,04:00:00,0.2,719.25,1.2355698247524207,521.5,24.0,1384.75,40.0,1343.25,508.5,19.750000476837,50.25,1.144397049483751
2004-06-22 05:00:00,2004-06-22,05:00:00,0.3,756.75,2.1627003433813274,596.0,30.0,1235.75,37.0,1381.25,560.0,19.0,52.824999809265,1.1489232418962552
2004-06-22 06:00:00,2004-06-22,06:00:00,0.9,889.5,6.412912052758098,830.75,93.0,922.0,67.0,1594.25,825.75,17.75,56.5,1.1375108768837232
2004-06-22 07:00:00,2004-06-22,07:00:00,3.1,1180.75,18.520332833881124,1254.5,332.0,632.25,106.0,2002.25,1333.5,18.174999713898,55.77499961853,1.1528799580129736
2004-06-22 08:00:00,2004-06-22,08:00:00,5.0,1332.0,30.19804111169687,1555.5,387.0,523.25,134.0,2393.5,1659.75,20.599999427795,47.72500038147,1.1447679909361477
2004-06-22 09:00:00,2004-06-22,09:00:00,2.8,1128.25,14.212601545647468,1123.5,267.0,717.0,123.0,1832.0,1361.75,22.824999809265,41.900000572205,1.1496098291389365
2004-06-22 10:00:00,2004-06-22,10:00:00,2.8,1127.5,14.298011063375007,1126.25,269.0,724.5,136.0,1856.0,1316.25,27.050000190735,31.650000095367,1.1146935364924475
2004-06-22 11:00:00,2004-06-22,11:00:00,2.1,1064.0,12.55786319242134,1068.75,193.0,766.0,109.0,1765.75,1089.0,30.449999809265,26.400000095367,1.1309994841504611
2004-06-22 12:00:00,2004-06-22,12:00:00,3.1,1139.25,18.011170350999784,1239.75,239.0,701.75,144.0,1940.25,1128.75,31.10000038147,26.200000286102,1.1646832861395522
2004-06-22 13:00:00,2004-06-22,13:00:00,3.0,1120.5,17.145240955366976,1214.25,232.0,707.0,154.0,1911.75,1120.25,31.424999713898,25.275000095367,1.144447895325628
2004-06-22 14:00:00,2004-06-22,14:00:00,2.1,1032.25,12.965215664511293,1082.5,152.0,776.0,126.0,1771.5,915.5,30.849999904633,26.650000572205,1.167991157383942
2004-06-22 15:00:00,2004-06-22,15:00:00,1.7,1039.75,11.21459198410163,1022.0,115.0,826.0,98.0,1746.5,811.5,31.824999332428,25.625,1.1868324348580486
2004-06-22 16:00:00,2004-06-22,16:00:00,2.2,1075.75,13.628473245617029,1104.5,169.0,762.0,120.0,1781.5,958.5,33.474999427795,22.924999713898,1.1648613059056447
2004-06-22 17:00:00,2004-06-22,17:00:00,3.5,1176.5,20.499139634782683,1310.25,226.0,656.25,145.0,2010.75,1189.25,33.050000190735,23.52499961853,1.1672700160518348
2004-06-22 18:00:00,2004-06-22,18:00:00,3.6,1195.75,20.24598801498129,1303.25,218.0,653.5,139.0,2016.5,1198.5,31.675000190735,25.875,1.188300220789644
2004-06-22 19:00:00,2004-06-22,19:00:00,4.1,1204.0,23.123037010956505,1380.75,245.0,623.0,148.0,2085.25,1283.0,29.02499961853,30.424999713898,1.2013376011764514
2004-06-22 20:00:00,2004-06-22,20:00:00,4.0,1166.25,20.273047239968623,1304.0,236.0,646.25,139.0,2016.25,1291.25,27.400000095367,33.64999961853,1.209521649324511
2004-06-22 21:00:00,2004-06-22,21:00:00,1.8,958.75,9.25461476874498,949.25,104.0,856.75,93.0,1639.75,948.75,25.249999523163,36.375,1.1528129607519502
2004-06-22 22:00:00,2004-06-22,22:00:00,1.7,1004.0,10.52299994005083,997.0,104.0,812.5,96.0,1725.75,1018.0,23.999999523163,39.625,1.1662046623213655
2004-06-22 23:00:00,2004-06-22,23:00:00,2.4,1050.25,13.628473245617029,1104.5,144.0,728.5,104.0,1807.0,1121.5,23.849999904633,39.625,1.1558421981911502
2004-06-23 00:00:00,2004-06-23,00:00:00,1.2,965.25,8.00770000240378,899.5,79.0,863.75,83.0,1630.75,967.5,22.85000038147,43.574999809265,1.1973597256855757
2004-06-23 01:00:00,2004-06-23,01:00:00,0.8,849.0,4.615472500096256,743.75,51.0,1003.75,66.0,1495.5,805.5,22.800000190735,43.875,1.201995027163221
2004-06-23 02:00:00,2004-06-23,02:00:00,0.5,808.5,3.222993460672848,665.75,38.0,1093.0,55.0,1454.5,713.5,21.800000190735,47.25,1.2188787638730756
2004-06-23 03:00:00,2004-06-23,03:00:00,0.3,777.25,2.350206890480214,609.25,34.0,1169.5,47.5,1404.75,644.0,21.699999809265,47.324999809265,1.213463931493134
2004-06-23 05:00:00,2004-06-23,05:00:00,0.4,768.0,2.1766195262225123,597.0,30.0,1154.5,40.0,1396.25,605.5,21.724999904633,46.849998474121,1.2030996784662895
2004-06-23 06:00:00,2004-06-23,06:00:00,1.0,917.0,6.669133099118774,842.25,73.0,933.75,51.0,1655.75,818.5,20.349999904633,52.349999427795,1.2367304363603722
2004-06-23 07:00:00,2004-06-23,07:00:00,3.8,1252.25,23.103954932510177,1380.25,305.0,579.25,117.0,2209.5,1462.0,20.474999904633,52.300000190735,1.2449962907370484
2004-06-23 08:00:00,2004-06-23,08:00:00,3.2,1224.0,18.97409365112664,1267.5,295.0,605.0,110.0,2045.75,1478.25,21.650000095367,49.574999809265,1.2673223504172346
2004-06-23 09:00:00,2004-06-23,09:00:00,3.5,1276.5,20.128909477805475,1300.0,331.0,607.75,136.0,2089.5,1597.75,24.000000476837,43.074999809265,1.2677417906929267
2004-06-23 10:00:00,2004-06-23,10:00:00,3.2,1149.25,16.396341469574082,1191.75,304.0,671.5,152.0,1943.75,1449.25,28.5,31.699999332428,1.21439060574989
2004-06-23 11:00:00,2004-06-23,11:00:00,2.3,1090.5,12.950305786410745,1082.0,210.0,745.5,119.0,1790.25,1221.25,32.224999904633,25.099999904633,1.1890338245540146
2004-06-23 12:00:00,2004-06-23,12:00:00,2.2,1052.75,13.092244786448637,1086.75,163.0,763.25,106.0,1762.0,1023.25,34.949999809265,20.450000286102,1.1278847216025414
2004-06-23 13:00:00,2004-06-23,13:00:00,2.1,1022.75,11.767009701937964,1041.5,132.0,795.5,101.0,1710.75,909.5,35.375,19.875,1.1222117889059453
2004-06-23 14:00:00,2004-06-23,14:00:00,1.9,1084.75,12.734935178249009,1074.75,126.0,766.75,110.0,1786.25,912.5,34.400000572205,22.52499961853,1.2050335979301452
2004-06-23 15:00:00,2004-06-23,15:00:00,2.4,1115.75,14.088759192555685,1119.5,150.0,724.25,124.0,1854.25,1035.25,34.824999809265,22.800000190735,1.2488261353034975
2004-06-23 16:00:00,2004-06-23,16:00:00,2.5,1111.0,14.4304364473042,1130.5,171.0,734.5,137.0,1824.5,1085.25,34.324999809265,22.35000038147,1.1907022019935007
2004-06-23 17:00:00,2004-06-23,17:00:00,3.6,1210.25,20.70808806765923,1316.0,234.0,644.5,159.0,2030.25,1278.0,32.525000572205,25.250000476837,1.2164976442460989
2004-06-23 18:00:00,2004-06-23,18:00:00,3.9,1249.5,21.5528957539878,1339.0,251.0,615.5,152.0,2075.25,1383.25,31.275000095367,27.250000476837,1.223438011151162
2004-06-23 19:00:00,2004-06-23,19:00:00,4.4,1296.5,24.17314538251936,1408.0,294.0,595.0,166.0,2134.0,1473.25,30.150000095367,29.02499961853,1.2223644269433187
2004-06-23 20:00:00,2004-06-23,20:00:00,4.8,1313.25,21.784947667912245,1345.25,300.0,603.25,163.0,2117.5,1507.25,28.52499961853,33.300000190735,1.2775264555679728
2004-06-23 21:00:00,2004-06-23,21:00:00,2.5,1145.75,13.002522353660073,1083.75,159.0,712.75,121.0,1829.25,1215.0,27.299999713898,35.275000572205,1.2605789319648062
2004-06-23 22:00:00,2004-06-23,22:00:00,2.8,1198.75,15.108309746474148,1152.0,176.0,685.0,125.0,1897.25,1241.75,26.074999809265,37.799999237061,1.2575337738430126
2004-06-23 23:00:00,2004-06-23,23:00:00,3.2,1274.25,16.553254344130867,1196.5,192.0,625.75,120.0,2023.0,1356.25,24.650000572205,47.074999809265,1.43995106895434
2004-06-24 00:00:00,2004-06-24,00:00:00,2.6,1242.5,12.653645978793678,1072.0,152.0,674.5,103.0,1978.0,1194.5,23.599999427795,59.824999809265,1.7192651348278645
2004-06-24 01:00:00,2004-06-24,01:00:00,1.5,1054.0,8.587110474608117,923.0,63.0,783.25,64.0,1792.75,899.0,23.275000095367,60.52499961853,1.7059598309438724
2004-06-24 02:00:00,2004-06-24,02:00:00,1.0,962.25,5.282852006266751,777.5,35.0,929.25,44.0,1645.25,726.0,23.299999713898,59.35000038147,1.675342262760099
2004-06-24 03:00:00,2004-06-24,03:00:00,0.8,914.75,3.633065021681544,690.0,28.0,982.5,39.5,1570.0,742.75,22.900000095367,57.700000762939,1.5902460652180086
2004-06-24 04:00:00,2004-06-24,04:00:00,0.6,870.5,2.799040891215181,639.25,21.0,1062.25,35.0,1527.5,683.5,23.699999809265,53.47500038147,1.5459658916182604
2004-06-24 05:00:00,2004-06-24,05:00:00,0.6,876.75,3.092326534831685,657.75,41.0,1047.25,46.0,1530.25,778.5,21.150000572205,60.85000038147,1.5091818846140457
2004-06-24 06:00:00,2004-06-24,06:00:00,0.7,893.25,3.737742185041412,696.0,48.0,1008.0,54.0,1548.25,801.25,22.14999961853,56.175000190735,1.4800156203453578
2004-06-24 07:00:00,2004-06-24,07:00:00,1.2,1030.0,6.866943662337093,851.0,102.0,824.0,68.0,1699.75,983.0,21.85000038147,56.97500038147,1.4741904404656192
2004-06-24 08:00:00,2004-06-24,08:00:00,1.5,1059.0,8.649763222680718,925.5,111.0,783.0,77.0,1749.5,988.75,24.675000190735,45.89999961853,1.4060893600399396
2004-06-24 09:00:00,2004-06-24,09:00:00,1.3,1019.5,7.061457835865667,859.5,93.0,863.75,74.0,1649.25,875.0,26.950000286102,40.799999237061,1.4285994226379837
2004-06-24 10:00:00,2004-06-24,10:00:00,1.6,1044.5,6.61866637230466,840.0,118.0,878.5,92.0,1656.0,806.5,29.125,37.35000038147,1.4832757743116256
2004-06-24 11:00:00,2004-06-24,11:00:00,1.5,1029.0,7.205958222732487,865.75,93.0,873.75,83.0,1650.75,726.5,31.050000190735,32.374999046326,1.4351069808191048
2004-06-24 12:00:00,2004-06-24,12:00:00,1.2,959.0,4.991422099648152,763.0,56.0,976.0,58.0,1561.25,549.25,31.924999713898,30.324999809265,1.4124643447091354
2004-06-24 13:00:00,2004-06-24,13:00:00,1.1,974.75,5.706839741200487,798.0,51.0,938.5,55.0,1576.0,570.25,32.775001525879,28.900000095367,1.412032120706476
2004-06-24 14:00:00,2004-06-24,14:00:00,1.2,988.0,6.031253547102022,813.25,52.0,927.25,61.0,1595.5,596.0,33.449999809265,27.824999809265,1.4118664084488213
2004-06-24 15:00:00,2004-06-24,15:00:00,1.3,971.0,6.139279509279001,818.25,59.0,941.5,65.0,1565.0,584.75,35.324999809265,23.674999713898,1.3330902826386268
2004-06-24 16:00:00,2004-06-24,16:00:00,1.4,999.0,7.995559921982606,899.0,62.0,869.0,74.0,1629.25,637.0,35.77499961853,22.375000476837,1.2915213826064091
2004-06-24 17:00:00,2004-06-24,17:00:00,1.6,988.5,7.760400228527269,889.25,85.0,888.75,89.0,1602.25,663.5,35.25,20.800000190735,1.1663665021166645
2004-06-24 18:00:00,2004-06-24,18:00:00,2.1,1075.0,11.144589364521869,1019.5,109.0,802.25,103.0,1731.75,796.5,33.349999904633,23.949999809265,1.2084735402966391
2004-06-24 19:00:00,2004-06-24,19:00:00,3.0,1190.0,15.91315378299009,1177.0,168.0,694.66666666667,128.0,1934.0,1045.6666666667,30.266666412354,30.766667048136,1.3043679416903908
2004-06-24 20:00:00,2004-06-24,20:00:00,2.8,1172.25,13.72000874568618,1107.5,166.0,705.5,122.0,1877.5,1058.25,28.324999809265,34.5,1.308367098203305
2004-06-24 21:00:00,2004-06-24,21:00:00,3.8,1255.5,21.58068603351193,1339.75,149.0,594.0,125.0,2175.5,1213.75,27.10000038147,38.949998855591,1.375796866049793
2004-06-24 22:00:00,2004-06-24,22:00:00,3.2,1189.75,16.76068856280095,1202.75,118.0,658.25,119.0,1966.5,1055.75,25.400000572205,43.175000190735,1.38047378798303
2004-06-24 23:00:00,2004-06-24,23:00:00,4.1,1249.25,20.499139634782683,1310.25,160.0,601.25,126.0,2114.25,1280.0,24.550000190735,45.27499961853,1.3767129710806012
2004-06-25 00:00:00,2004-06-25,00:00:00,2.6,1072.0,14.104214213178958,1120.0,124.0,710.75,100.0,1837.5,1044.75,23.749999523163,46.02499961853,1.3345557449093086
2004-06-25 01:00:00,2004-06-25,01:00:00,2.0,1035.0,10.91490814480382,1011.25,95.0,750.0,94.0,1752.0,1038.5,23.0,48.050000190735,1.33224198167963
2004-06-25 02:00:00,2004-06-25,02:00:00,0.9,838.75,3.62873100288002,689.75,34.0,1029.75,52.0,1456.5,640.0,24.775000095367,43.374999046326,1.3366263086977035
2004-06-25 03:00:00,2004-06-25,03:00:00,0.7,833.25,3.3058283703750515,670.75,39.5,1060.75,58.0,1482.0,704.5,23.075000286102,47.424999237061,1.3208296760766385
2004-06-25 04:00:00,2004-06-25,04:00:00,0.6,804.25,2.4409510265512,615.5,45.0,1143.75,64.0,1426.5,662.25,21.749999523163,50.224999427795,1.291717742290461
2004-06-25 05:00:00,2004-06-25,05:00:00,0.6,811.25,2.9798895042342077,650.75,35.0,1097.0,46.0,1442.25,579.25,21.875000476837,50.699999809265,1.313809273536489
2004-06-25 06:00:00,2004-06-25,06:00:00,1.6,1028.0,8.851555169750771,933.5,141.0,817.5,88.0,1743.25,986.75,20.050000190735,56.97500038147,1.3215755639827604
2004-06-25 07:00:00,2004-06-25,07:00:00,2.6,1138.25,14.75983347170136,1141.0,199.0,671.0,104.0,1926.5,1196.75,21.5,51.824999809265,1.3128809584097367
2004-06-25 08:00:00,2004-06-25,08:00:00,2.9,1203.25,16.182651999829726,1185.25,224.0,649.25,125.0,1968.25,1327.5,22.875,48.749999046326,1.341567540335743
2004-06-25 09:00:00,2004-06-25,09:00:00,2.8,1193.25,14.602582468637795,1136.0,245.0,666.75,151.0,1924.0,1370.0,25.699999809265,41.025001525879,1.3350966791065233
2004-06-25 10:00:00,2004-06-25,10:00:00,1.9,1048.5,7.97130332309673,898.0,153.0,857.5,113.0,1670.5,921.0,29.924999713898,33.175000190735,1.3792952564725012
2004-06-25 11:00:00,2004-06-25,11:00:00,1.9,1090.25,9.074532671522617,942.25,145.0,827.5,102.0,1712.75,876.0,32.900000095367,28.025000095367,1.3789134136969774
2004-06-25 12:00:00,2004-06-25,12:00:00,2.1,1069.75,9.956626627357988,976.0,130.0,808.25,108.0,1687.5,818.75,33.97500038147,25.574999809265,1.336253576651809
2004-06-25 13:00:00,2004-06-25,13:00:00,1.9,1014.25,9.797264454790868,970.0,95.0,826.25,93.0,1684.0,763.0,34.724999427795,22.574999809265,1.2296731879309153
2004-06-25 14:00:00,2004-06-25,14:00:00,1.6,971.5,8.313749266595785,912.0,88.0,882.0,89.0,1596.0,675.0,35.525000572205,20.349999904633,1.1585748535935616
2004-06-25 15:00:00,2004-06-25,15:00:00,1.6,951.0,7.534155226996669,879.75,89.0,919.75,84.0,1539.0,636.75,35.89999961853,18.775000095367,1.0911998766756168
2004-06-25 16:00:00,2004-06-25,16:00:00,2.1,1032.75,11.652770715899177,1037.5,127.0,801.5,111.0,1690.25,825.75,36.175000190735,18.550000190735,1.0945322994661115
2004-06-25 17:00:00,2004-06-25,17:00:00,2.4,982.75,13.295081115569923,1093.5,149.0,817.0,115.0,1659.0,854.25,35.35000038147,15.275000095367,0.8612910145369455
2004-06-25 18:00:00,2004-06-25,18:00:00,2.8,973.0,14.360264054926166,1128.25,170.0,813.25,127.0,1642.25,894.25,32.925000190735,15.524999856949,0.7649474786304672
2004-06-25 19:00:00,2004-06-25,19:00:00,3.4,1082.75,17.91691164675124,1237.0,210.0,736.5,129.0,1786.0,1077.25,29.925000190735,19.75,0.8211328380198555
2004-06-25 20:00:00,2004-06-25,20:00:00,3.4,1061.75,15.864361525951503,1175.5,230.0,763.25,140.0,1743.25,1120.5,28.099999904633,22.424999713898,0.8394463750719886
2004-06-25 21:00:00,2004-06-25,21:00:00,2.7,1010.5,14.158363661462388,1121.75,203.0,807.75,137.0,1679.75,1070.5,26.125,24.675000667572,0.823300540490048
2004-06-25 22:00:00,2004-06-25,22:00:00,2.6,1054.25,13.781177484066122,1109.5,174.0,764.5,130.0,1669.5,1167.0,24.950000286102,28.724999904633,0.8943848256932374
2004-06-25 23:00:00,2004-06-25,23:00:00,2.3,1012.75,11.66702460019206,1038.0,164.0,792.75,121.0,1597.75,1162.0,24.25,31.02499961853,0.9267636624643828
2004-06-26 00:00:00,2004-06-26,00:00:00,1.2,869.75,6.2317436447591925,822.5,76.0,975.0,79.0,1397.75,847.75,24.000000476837,31.22500038147,0.9189840527748002
2004-06-26 01:00:00,2004-06-26,01:00:00,1.0,857.25,5.11115855104113,769.0,52.0,1005.75,69.0,1389.5,758.75,22.424999713898,34.949999809265,0.9361724749798211
2004-06-26 02:00:00,2004-06-26,02:00:00,0.9,834.75,4.524641622302657,739.0,47.0,1035.5,61.0,1381.5,694.0,21.22500038147,37.550000190735,0.9355463153383852
2004-06-26 03:00:00,2004-06-26,03:00:00,1.1,844.25,4.902415029941832,758.5,44.0,1005.0,59.5,1408.75,848.0,19.474999904633,42.25,0.9461280396523571
2004-06-26 05:00:00,2004-06-26,05:00:00,0.4,768.5,2.303600243079362,606.0,41.0,1170.5,58.0,1313.75,609.5,19.5,42.424999237061,0.9515044791717054
2004-06-26 06:00:00,2004-06-26,06:00:00,0.9,890.75,5.544912138895297,790.25,74.0,959.75,70.0,1465.5,816.25,18.625,45.75,0.9723205918095936
2004-06-26 07:00:00,2004-06-26,07:00:00,1.8,1037.0,10.407299502216183,992.75,168.0,778.75,104.0,1679.5,1157.5,19.724999904633,44.14999961853,1.003937548942932
2004-06-26 08:00:00,2004-06-26,08:00:00,2.2,1089.75,12.44040290667598,1064.75,176.0,728.25,109.0,1772.75,1227.75,21.949999809265,39.35000038147,1.0243155109997162
2004-06-26 09:00:00,2004-06-26,09:00:00,2.4,1117.25,14.034723520982585,1117.75,184.0,715.75,129.0,1791.25,1322.75,24.500000476837,34.325000762939,1.0406594657719923
2004-06-26 10:00:00,2004-06-26,10:00:00,2.3,1109.25,12.697958031382528,1073.5,187.0,761.0,144.0,1733.75,1274.25,29.97500038147,25.599999904633,1.0674007061712287
2004-06-26 11:00:00,2004-06-26,11:00:00,1.6,961.0,8.978681321036397,938.5,118.0,911.5,101.0,1507.5,846.25,34.52499961853,18.874999523163,1.0167960910825615
2004-06-26 12:00:00,2004-06-26,12:00:00,1.4,985.0,8.487270269306281,919.0,89.0,917.75,90.0,1539.75,736.5,36.324999809265,17.5,1.04110882195966
2004-06-26 13:00:00,2004-06-26,13:00:00,1.4,959.5,8.239851353044795,909.0,70.0,910.25,86.0,1522.75,675.25,37.675000190735,15.975000143051,1.023067971360176
2004-06-26 14:00:00,2004-06-26,14:00:00,1.0,927.25,5.881393021131512,806.25,51.0,1012.75,69.0,1446.25,558.5,38.325000762939,15.775000095367,1.0465116701583004
2004-06-26 15:00:00,2004-06-26,15:00:00,1.0,957.5,5.638692720437387,794.75,52.0,1001.75,65.0,1481.25,604.0,38.35000038147,17.474999904633,1.160859043477579
2004-06-26 16:00:00,2004-06-26,16:00:00,1.2,1018.75,6.669133099118774,842.25,70.0,935.25,73.0,1565.0,728.75,37.249999046326,20.474999904633,1.2812731481125128
2004-06-26 17:00:00,2004-06-26,17:00:00,1.3,1010.0,6.085164330889835,815.75,80.0,955.0,73.0,1567.25,740.75,33.974999427795,26.375000476837,1.37805228203633
2004-06-26 18:00:00,2004-06-26,18:00:00,1.5,1030.25,6.702868338935873,843.75,90.0,916.5,78.0,1598.5,746.5,32.299999713898,30.374999523163,1.4450086900819863
2004-06-26 19:00:00,2004-06-26,19:00:00,1.9,1099.5,9.170817613167577,946.0,111.0,827.0,98.0,1726.0,932.0,30.500000476837,33.89999961853,1.4564483720307886
2004-06-26 20:00:00,2004-06-26,20:00:00,1.8,1079.0,8.245998766973687,909.25,107.0,860.5,99.0,1685.75,928.25,29.224999427795,37.799999237061,1.509795801976365
2004-06-26 21:00:00,2004-06-26,21:00:00,1.4,1035.75,7.038453654816475,858.5,73.0,899.5,83.0,1645.0,859.75,28.375,39.124999046326,1.4880560023725644
2004-06-26 22:00:00,2004-06-26,22:00:00,1.7,1085.0,9.507952908441492,959.0,75.0,826.75,88.0,1746.5,963.25,27.674999713898,40.60000038147,1.482829552588806
2004-06-26 23:00:00,2004-06-26,23:00:00,2.7,1214.25,15.06853565421518,1150.75,144.0,682.5,117.0,1938.0,1308.75,27.174999713898,42.474999427795,1.5068744976730502
2004-06-27 00:00:00,2004-06-27,00:00:00,2.1,1127.0,11.745553705068062,1040.75,120.0,728.0,97.0,1829.75,1266.0,26.5,44.800000190735,1.527973632739152
2004-06-27 01:00:00,2004-06-27,01:00:00,1.4,1038.0,9.280463860059642,950.25,71.0,775.75,75.0,1749.5,1181.0,25.5,47.625,1.5317525342404046
2004-06-27 02:00:00,2004-06-27,02:00:00,1.0,947.5,6.379807784998373,829.25,40.0,873.0,53.0,1637.5,936.5,25.150000095367,47.849999427795,1.507563772742708
2004-06-27 03:00:00,2004-06-27,03:00:00,1.0,953.0,6.70849793298091,844.0,37.0,848.0,49.0,1684.75,995.25,23.174999713898,53.699999809265,1.504568254362473
2004-06-27 04:00:00,2004-06-27,04:00:00,0.8,868.75,4.228993383068505,723.25,34.0,975.25,45.0,1521.75,788.75,23.199999809265,52.27499961853,1.4668338094781534
2004-06-27 05:00:00,2004-06-27,05:00:00,0.5,808.75,2.6268159217883977,628.0,27.0,1127.25,42.0,1490.0,681.75,23.999999523163,50.324999809265,1.481116704325216
2004-06-27 06:00:00,2004-06-27,06:00:00,0.6,832.5,2.818464253455941,640.5,30.0,1087.75,44.0,1495.75,717.0,23.5,51.224999427795,1.4633608417654371
2004-06-27 07:00:00,2004-06-27,07:00:00,0.6,856.75,3.141056393473606,660.75,40.0,1083.25,50.0,1510.5,696.0,23.52499961853,50.75,1.4519556206522506
2004-06-27 08:00:00,2004-06-27,08:00:00,1.0,966.0,6.171846614801026,819.75,56.0,912.75,60.0,1634.0,806.75,24.675000190735,47.64999961853,1.4596984319466966
2004-06-27 09:00:00,2004-06-27,09:00:00,1.6,1062.5,7.868563563334816,893.75,104.0,822.5,100.0,1688.0,1025.25,27.199999332428,41.125,1.461105837252072
2004-06-27 10:00:00,2004-06-27,10:00:00,1.9,1110.0,10.504814795607029,996.33333333333,121.0,781.66666666667,111.0,1770.6666666667,1090.0,30.96666653951,32.39999961853,1.4294376816597658
2004-06-27 11:00:00,2004-06-27,11:00:00,1.7,1055.25,9.042534011144204,941.0,100.0,844.25,110.0,1647.5,931.5,35.199999809265,24.77499961853,1.3854353821966343
2004-06-27 12:00:00,2004-06-27,12:00:00,1.1,939.25,6.341278497026854,827.5,59.0,991.25,74.0,1486.25,639.0,37.849999427795,18.525000095367,1.1977062891301695
2004-06-27 13:00:00,2004-06-27,13:00:00,0.8,816.25,3.5210984059647115,683.5,42.0,1194.75,56.0,1285.0,466.75,39.0,15.149999856949,1.0423648391019384
2004-06-27 14:00:00,2004-06-27,14:00:00,0.7,840.75,4.027580344201121,712.25,38.0,1174.5,50.0,1338.75,476.25,41.25,12.799999952316,0.9933462642095874
2004-06-27 15:00:00,2004-06-27,15:00:00,0.7,841.75,4.201281458658824,721.75,40.0,1163.0,54.0,1293.5,489.75,41.77499961853,11.875,0.9475808065375784
2004-06-27 16:00:00,2004-06-27,16:00:00,1.2,990.0,6.884013451636693,851.75,70.0,967.0,90.0,1487.75,668.75,42.199999809265,14.225000143051,1.1608982070383471
2004-06-27 17:00:00,2004-06-27,17:00:00,1.6,1042.0,7.862537749302659,893.5,95.0,915.75,109.0,1536.75,800.25,41.375,15.475000143051,1.2089380748216538
2004-06-27 18:00:00,2004-06-27,18:00:00,1.6,1089.25,7.856513903479742,893.25,90.0,879.25,110.0,1608.75,790.75,38.85000038147,21.400000095367,1.460523376696196
2004-06-27 19:00:00,2004-06-27,19:00:00,1.7,1101.75,10.332725294089729,990.0,90.0,799.0,103.0,1685.25,849.0,34.324999809265,26.025000095367,1.386488787093095
2004-06-27 20:00:00,2004-06-27,20:00:00,2.0,1095.0,10.49572725238983,996.0,111.0,799.0,120.0,1695.25,934.0,32.650000095367,27.699999809265,1.3439381932044197
2004-06-27 21:00:00,2004-06-27,21:00:00,2.3,1116.0,12.727536081823898,1074.5,135.0,760.75,134.0,1784.0,1080.5,30.47500038147,30.375,1.303146623863234
2004-06-27 22:00:00,2004-06-27,22:00:00,2.4,1105.0,11.896096062617143,1046.0,146.0,776.5,137.0,1750.75,1102.25,29.02499961853,33.625,1.327690294804044
2004-06-27 23:00:00,2004-06-27,23:00:00,1.7,1017.75,9.2739987056744,950.0,100.0,830.0,99.0,1635.5,914.0,28.224999904633,36.550000190735,1.378122526877579
2004-06-28 00:00:00,2004-06-28,00:00:00,1.2,990.75,7.916840904491177,895.75,69.0,857.25,78.0,1615.5,926.0,27.200000286102,38.89999961853,1.3820551894715944
2004-06-28 01:00:00,2004-06-28,01:00:00,1.0,922.5,5.031199772035871,765.0,47.0,952.0,63.0,1507.75,786.0,26.650000095367,39.974999427795,1.375416645649366
2004-06-28 02:00:00,2004-06-28,02:00:00,0.6,873.75,3.448698810469343,679.25,26.0,1049.0,41.0,1443.5,618.75,25.950000286102,41.175000190735,1.3598037536953902
2004-06-28 03:00:00,2004-06-28,03:00:00,0.5,846.0,3.161456301958919,662.0,25.0,1067.5,40.0,1463.5,632.5,22.750000476837,50.074999809265,1.367742554227769
2004-06-28 04:00:00,2004-06-28,04:00:00,0.4,837.75,2.691330509085943,632.25,24.0,1079.0,39.0,1438.0,634.0,24.0,46.550000190735,1.370014606763304
2004-06-28 05:00:00,2004-06-28,05:00:00,0.5,827.0,3.0640509143991097,656.0,55.0,1074.5,60.0,1446.75,722.25,24.049999237061,46.375,1.3689280500481196
2004-06-28 06:00:00,2004-06-28,06:00:00,0.7,900.5,4.986459357589333,762.75,47.0,983.5,54.0,1551.5,716.5,23.699999809265,47.050000190735,1.3602186998901604
2004-06-28 07:00:00,2004-06-28,07:00:00,3.2,1290.75,20.71719326968445,1316.25,209.0,602.5,119.0,2172.0,1444.75,23.64999961853,47.300001144409,1.363377116527546
2004-06-28 08:00:00,2004-06-28,08:00:00,5.6,1441.0,32.37982194495187,1605.75,348.0,503.0,159.0,2567.75,1786.0,25.525000095367,43.125000953674,1.3890629427960577
2004-06-28 09:00:00,2004-06-28,09:00:00,4.6,1362.5,24.24126212757447,1409.75,337.0,564.75,182.0,2198.5,1791.0,28.52499961853,36.825000762939,1.4127601330781547
2004-06-28 10:00:00,2004-06-28,10:00:00,3.3,1218.25,16.611224897423497,1198.25,280.0,671.25,183.0,1907.25,1413.25,32.625000476837,28.000000476837,1.3565876084925224
2004-06-28 11:00:00,2004-06-28,11:00:00,2.1,1132.0,13.227321306164397,1091.25,169.0,751.25,144.0,1794.5,1091.75,36.300000190735,23.400000095367,1.3902042640824843
2004-06-28 12:00:00,2004-06-28,12:00:00,1.9,1102.75,12.286951048321209,1059.5,126.0,770.0,118.0,1748.0,940.25,37.52499961853,21.52499961853,1.367301622897841
2004-06-28 13:00:00,2004-06-28,13:00:00,1.9,1080.75,12.105330063304644,1053.25,108.0,770.25,106.0,1773.25,882.5,39.550000190735,18.97500038147,1.3447416772428622
2004-06-28 14:00:00,2004-06-28,14:00:00,1.6,1078.75,11.095698761743996,1017.75,93.0,793.0,97.0,1739.0,850.25,40.050001144409,19.25,1.4012977092440897
2004-06-28 15:00:00,2004-06-28,15:00:00,2.0,1166.75,13.092244786448637,1086.75,112.0,741.0,129.0,1820.0,928.25,40.425000190735,20.0,1.4853787707681407
2004-06-28 16:00:00,2004-06-28,16:00:00,1.8,1147.75,11.631403820053327,1036.75,110.0,771.5,130.0,1719.75,834.5,39.875,20.099999904633,1.4495227478773642
2004-06-28 17:00:00,2004-06-28,17:00:00,2.9,1220.5,17.66091504876288,1229.5,188.0,669.75,163.0,1904.5,1156.75,39.125,19.550000190735,1.3541859660112672
2004-06-28 18:00:00,2004-06-28,18:00:00,3.4,1255.25,19.53010271539149,1283.25,203.0,640.25,160.0,2022.5,1232.0,37.0,21.875,1.350341933179104
2004-06-28 19:00:00,2004-06-28,19:00:00,3.1,1244.5,19.654589072534,1286.75,167.0,634.75,140.0,2066.75,1288.25,33.875,26.75,1.3898838467613075
2004-06-28 20:00:00,2004-06-28,20:00:00,2.5,1162.0,15.060586200172954,1150.5,116.0,686.75,115.0,1912.25,1143.25,31.875,30.575000286102,1.4200962876851868
2004-06-28 21:00:00,2004-06-28,21:00:00,1.8,1078.5,11.144589364521869,1019.5,89.0,753.75,92.0,1760.0,1014.25,29.675000190735,33.85000038147,1.3873717996767536
2004-06-28 22:00:00,2004-06-28,22:00:00,1.8,1090.5,11.66702460019206,1038.0,103.0,744.0,99.0,1785.75,1088.25,28.60000038147,36.75,1.41599590107794
2004-06-28 23:00:00,2004-06-28,23:00:00,2.0,1085.0,11.688419353879642,1038.75,100.0,744.75,96.0,1789.75,1091.5,27.75,38.675000190735,1.4186822380859072
2004-06-29 00:00:00,2004-06-29,00:00:00,1.5,1050.0,9.67846293726058,965.5,86.0,779.75,80.0,1748.0,1089.75,27.75,40.049999237061,1.4691201621915952
2004-06-29 01:00:00,2004-06-29,01:00:00,0.8,941.0,6.036635420094221,813.5,52.0,873.0,65.0,1592.25,978.75,27.525000095367,41.324999809265,1.4962219672880737
2004-06-29 02:00:00,2004-06-29,02:00:00,0.4,890.75,3.8971281280841183,705.0,27.0,980.25,46.0,1534.0,806.25,27.324999809265,41.64999961853,1.4905603563995775
2004-06-29 03:00:00,2004-06-29,03:00:00,0.3,842.0,2.562969872698979,623.75,34.5,1079.5,50.0,1479.5,712.0,25.999999523163,44.249999046326,1.4656500693344516
2004-06-29 05:00:00,2004-06-29,05:00:00,0.5,862.5,3.0038336209830145,652.25,42.0,1055.25,54.0,1504.0,815.75,25.925000667572,45.14999961853,1.4888913824332268
2004-06-29 06:00:00,2004-06-29,06:00:00,0.7,955.75,5.410637002211207,783.75,57.0,927.5,62.0,1633.75,933.75,25.27499961853,47.599999427795,1.5107863658143217
2004-06-29 07:00:00,2004-06-29,07:00:00,3.4,1384.25,23.496478875899307,1390.5,228.0,552.0,102.0,2315.75,1547.75,24.724999904633,49.474999427795,1.5200973116748435
2004-06-29 08:00:00,2004-06-29,08:00:00,5.7,1501.5,33.51172533398835,1631.25,350.0,458.75,140.0,2622.25,1858.0,27.10000038147,43.10000038147,1.5223837533710134
2004-06-29 09:00:00,2004-06-29,09:00:00,3.2,1218.5,15.468285585118355,1163.25,232.0,641.75,121.0,1962.75,1409.5,28.299999713898,39.75,1.505290385260899
2004-06-29 10:00:00,2004-06-29,10:00:00,2.7,1236.75,15.25186639323188,1156.5,206.0,663.0,132.0,1967.5,1333.75,32.449999809265,32.27499961853,1.5484069591344458
2004-06-29 11:00:00,2004-06-29,11:00:00,2.1,1180.75,12.816446196415624,1077.5,159.0,706.0,122.0,1869.75,1139.75,35.39999961853,27.825000286102,1.5732645765777893
2004-06-29 12:00:00,2004-06-29,12:00:00,2.8,1251.25,15.180015721423397,1154.25,184.0,681.5,148.0,1955.0,1110.5,35.549999237061,27.424999713898,1.563524211190195
2004-06-29 13:00:00,2004-06-29,13:00:00,2.5,1213.75,15.686003446081612,1170.0,136.0,681.25,133.0,1963.25,1053.5,37.825000762939,24.35000038147,1.5721776290645857
2004-06-29 14:00:00,2004-06-29,14:00:00,2.1,1165.75,12.345313148542989,1061.5,124.0,726.0,130.0,1824.75,924.25,37.199998855591,25.500000476837,1.5913816086960524
2004-06-29 15:00:00,2004-06-29,15:00:00,2.5,1225.75,15.259858728740529,1156.75,133.0,682.5,141.0,1912.25,1040.5,37.22500038147,25.625,1.6013635421628067
2004-06-29 16:00:00,2004-06-29,16:00:00,2.7,1265.25,17.64390447527079,1229.0,156.0,635.75,172.0,2040.25,1281.5,37.999999046326,25.025000095367,1.6311774758432849
2004-06-29 17:00:00,2004-06-29,17:00:00,3.7,1317.25,21.5251207425991,1338.25,200.0,593.0,198.0,2132.0,1362.25,37.050000190735,26.875000476837,1.6635251496875874
2004-06-29 18:00:00,2004-06-29,18:00:00,3.7,1371.5,23.16122131471037,1381.75,202.0,567.75,181.0,2267.5,1440.5,36.949999809265,27.77499961853,1.7098742581278723
2004-06-29 19:00:00,2004-06-29,19:00:00,4.6,1443.0,25.55096491371321,1443.0,286.0,543.25,202.0,2331.5,1559.0,34.700000762939,31.85000038147,1.7324866046460028
2004-06-29 20:00:00,2004-06-29,20:00:00,2.6,1200.25,14.29023754784293,1126.0,141.0,663.5,120.0,1979.25,1197.75,31.925000190735,38.424999237061,1.78974256123203
2004-06-29 21:00:00,2004-06-29,21:00:00,2.5,1215.5,14.39923071354186,1129.5,117.0,654.5,115.0,1993.75,1245.5,30.500000476837,42.300000190735,1.817338262771624
2004-06-29 22:00:00,2004-06-29,22:00:00,2.3,1160.25,12.594666004682017,1070.0,110.0,686.75,112.0,1928.5,1192.0,29.299999713898,45.77499961853,1.8362214370915129
2004-06-29 23:00:00,2004-06-29,23:00:00,2.2,1193.5,13.658956051931607,1105.5,100.0,667.25,97.0,1984.5,1194.25,28.249999523163,48.050000190735,1.8143518293833416
2004-06-30 00:00:00,2004-06-30,00:00:00,2.5,1198.5,13.099733526912344,1087.0,112.0,658.25,100.0,1954.0,1251.75,27.349999427795,51.025000572205,1.8287275820393667
2004-06-30 01:00:00,2004-06-30,01:00:00,0.9,964.66666666667,6.141086865572613,818.33333333333,35.0,844.0,47.0,1681.3333333333,776.66666666667,26.766666412354,52.366667429606,1.8140942719681048
2004-06-30 02:00:00,2004-06-30,02:00:00,0.8,961.25,5.764774994344552,800.75,33.0,850.0,44.0,1683.0,797.75,25.97500038147,54.85000038147,1.8140803825454703
2004-06-30 03:00:00,2004-06-30,03:00:00,0.7,901.25,3.7465224539215742,696.5,30.5,951.75,43.0,1585.5,799.5,26.849999904633,51.875,1.8058233841328115
2004-06-30 04:00:00,2004-06-30,04:00:00,0.5,863.5,2.638152338588159,628.75,28.0,1052.0,42.0,1557.5,727.75,26.875,51.77499961853,1.8049730160644355
2004-06-30 05:00:00,2004-06-30,05:00:00,0.7,951.5,4.581918958781177,742.0,49.0,892.0,57.0,1656.25,953.0,24.575000286102,59.14999961853,1.801287237080634
2004-06-30 06:00:00,2004-06-30,06:00:00,0.9,1008.75,7.4221044525949695,875.0,81.0,797.25,61.0,1738.0,1060.0,26.375000476837,53.125,1.7987076496622714
2004-06-30 07:00:00,2004-06-30,07:00:00,2.2,1224.75,15.187991985721863,1154.5,178.0,642.75,106.0,1991.75,1338.25,27.25,46.425000190735,1.6542133698826151
2004-06-30 08:00:00,2004-06-30,08:00:00,2.8,1245.0,16.744053307157127,1202.25,223.0,628.0,136.0,2039.25,1621.5,28.449999332428,40.425000190735,1.5441724070923049
2004-06-30 09:00:00,2004-06-30,09:00:00,2.9,1265.25,16.96922309377972,1209.0,290.0,637.75,157.0,2014.5,1811.75,30.77499961853,37.050000190735,1.616885626011347
2004-06-30 10:00:00,2004-06-30,10:00:00,2.9,1276.25,18.04549850994313,1240.75,274.0,641.5,171.0,2024.25,1784.25,34.224999427795,30.675000190735,1.625163957799352
2004-06-30 11:00:00,2004-06-30,11:00:00,3.0,1232.25,16.092604901165874,1182.5,278.0,675.25,190.0,1920.25,1508.5,36.974999427795,26.525000095367,1.6351527654549858
2004-06-30 12:00:00,2004-06-30,12:00:00,2.5,1192.75,13.400778503920026,1097.0,152.0,698.0,155.0,1831.5,1138.5,36.599999427795,27.75,1.675958803596108
2004-06-30 13:00:00,2004-06-30,13:00:00,2.3,1161.75,14.011592480319251,1117.0,118.0,700.0,139.0,1856.5,1044.0,36.875,26.875000476837,1.647705217093551
2004-06-30 14:00:00,2004-06-30,14:00:00,2.1,1126.0,13.400778503920026,1097.0,141.0,722.5,152.0,1810.25,1015.25,39.275000572205,22.224999904633,1.5519564678007758
2004-06-30 15:00:00,2004-06-30,15:00:00,1.9,1089.0,10.42088300739072,993.25,131.0,800.5,143.0,1675.0,824.5,38.499999046326,22.424999713898,1.501821805242494
2004-06-30 16:00:00,2004-06-30,16:00:00,2.3,1134.0,12.66840932490144,1072.5,171.0,746.5,168.0,1764.75,1022.25,39.724999427795,20.39999961853,1.4593731531498988
2004-06-30 17:00:00,2004-06-30,17:00:00,4.2,1388.25,24.54390359233819,1417.5,287.0,567.5,226.0,2249.75,1913.25,38.774998664856,24.175000190735,1.6432502902095203
2004-06-30 18:00:00,2004-06-30,18:00:00,4.9,1505.5,27.822819915794504,1499.0,267.0,505.75,207.0,2485.0,2042.5,33.549999237061,38.000000953674,1.93895286603443
2004-06-30 19:00:00,2004-06-30,19:00:00,4.9,1351.75,23.28550574957621,1385.0,280.0,562.5,197.0,2205.0,1661.25,34.02499961853,32.925000667572,1.7250738039485891
2004-06-30 20:00:00,2004-06-30,20:00:00,3.5,1216.5,17.56744339660839,1226.75,224.0,641.0,158.0,2039.75,1403.75,31.900000572205,33.674999237061,1.5662881668473148
2004-06-30 21:00:00,2004-06-30,21:00:00,2.5,1148.5,14.48511576661383,1132.25,137.0,687.75,124.0,1935.5,1233.0,30.200000286102,37.574999809265,1.5869630940085628
2004-06-30 22:00:00,2004-06-30,22:00:00,2.5,1156.0,14.375845316221508,1128.75,118.0,688.25,110.0,1941.0,1180.5,28.924999713898,41.0,1.609607166207107
2004-06-30 23:00:00,2004-06-30,23:00:00,2.6,1179.75,14.150622610386955,1121.5,128.0,678.25,112.0,1921.25,1271.75,27.77499961853,45.200000762939,1.660438895721429
2004-07-01 00:00:00,2004-07-01,00:00:00,2.3,1109.0,12.883301872920768,1079.75,111.0,696.0,102.0,1874.0,1189.5,27.074999809265,47.35000038147,1.670068729658921
2004-07-01 01:00:00,2004-07-01,01:00:00,1.5,1031.5,9.91003277401121,974.25,66.0,763.0,77.0,1799.5,982.25,26.200000286102,49.400000572205,1.6555314080764358
2004-07-01 02:00:00,2004-07-01,02:00:00,0.9,893.0,5.066115597584205,766.75,36.0,917.5,50.0,1606.5,805.25,26.875,49.324999809265,1.719561454931296
2004-07-01 03:00:00,2004-07-01,03:00:00,0.6,848.25,2.834044155090301,641.5,33.5,1079.0,45.0,1536.25,654.25,26.25,50.75,1.7057634403871536
2004-07-01 04:00:00,2004-07-01,04:00:00,0.6,850.25,3.19831791296911,664.25,31.0,1038.25,40.0,1568.0,726.75,24.85000038147,54.625,1.690785709241571
2004-07-01 05:00:00,2004-07-01,05:00:00,0.8,937.75,5.379849891846783,782.25,75.0,878.5,66.0,1685.25,1000.75,23.425000190735,58.550000190735,1.6651455559224695
2004-07-01 06:00:00,2004-07-01,06:00:00,0.9,947.75,6.357778864799785,828.25,66.0,858.25,60.0,1710.75,993.5,24.375,55.175000190735,1.6604329335481895
2004-07-01 07:00:00,2004-07-01,07:00:00,2.4,1225.0,17.12004814434041,1213.5,154.0,625.25,85.0,2090.0,1322.0,25.099999904633,54.300000190735,1.7057362678854997
2004-07-01 08:00:00,2004-07-01,08:00:00,3.9,1379.5,22.30858297567,1359.25,239.0,537.75,120.0,2336.5,1617.0,26.599999904633,51.200000762939,1.756494826496345
2004-07-01 09:00:00,2004-07-01,09:00:00,2.9,1275.5,14.649682363278062,1137.5,246.0,628.0,134.0,2020.5,1429.75,28.199999809265,47.14999961853,1.7752289048902203
2004-07-01 10:00:00,2004-07-01,10:00:00,2.7,1246.0,13.280010624885582,1093.0,261.0,667.0,149.0,1941.75,1356.75,31.575000762939,39.35000038147,1.79694756499122
2004-07-01 11:00:00,2004-07-01,11:00:00,2.0,1140.5,10.488913795517048,995.75,179.0,767.0,125.0,1804.75,994.0,34.199999809265,31.824999332428,1.683749670976289
2004-07-01 12:00:00,2004-07-01,12:00:00,2.4,1199.0,14.220357031168104,1123.75,159.0,679.75,132.0,1939.75,1054.0,36.599999427795,27.074999332428,1.6351921977852777
2004-07-01 13:00:00,2004-07-01,13:00:00,2.0,1156.25,12.170580769346868,1055.5,111.0,709.5,114.0,1841.75,944.75,37.574999809265,26.925000190735,1.714976154203039
2004-07-01 14:00:00,2004-07-01,14:00:00,1.8,1157.5,10.14393284560212,983.0,101.0,750.75,110.0,1803.25,807.75,38.075000762939,26.300000190735,1.721270614697164
2004-07-01 15:00:00,2004-07-01,15:00:00,1.9,1162.75,11.681285912573529,1038.5,118.0,723.25,121.0,1813.75,887.75,37.849999427795,26.900000095367,1.7391794399979967
2004-07-01 16:00:00,2004-07-01,16:00:00,1.8,1077.75,10.852621988236002,1009.0,120.0,766.5,127.0,1730.0,786.5,37.800000190735,22.724999427795,1.4652674761110829
2004-07-01 17:00:00,2004-07-01,17:00:00,2.9,1243.75,17.296729325739804,1218.75,177.0,651.0,157.0,1948.75,1077.0,36.89999961853,24.650000095367,1.513355902782849
2004-07-01 18:00:00,2004-07-01,18:00:00,3.3,1236.0,17.985442521637722,1239.0,186.0,637.0,169.0,1985.5,1106.0,34.474999427795,28.499999523163,1.531041735262508
2004-07-01 19:00:00,2004-07-01,19:00:00,4.4,1363.5,22.92301029880965,1375.5,235.0,579.5,179.0,2168.0,1356.0,32.52499961853,30.874999523163,1.4874994639084296
2004-07-01 20:00:00,2004-07-01,20:00:00,3.4,1192.5,16.544979890401567,1196.25,195.0,675.25,149.0,1888.0,1151.75,30.925000190735,30.400000095367,1.338031229507248
2004-07-01 21:00:00,2004-07-01,21:00:00,1.9,1078.0,10.184263392187276,984.5,106.0,777.5,111.0,1696.75,924.75,28.699999809265,34.724999427795,1.3457076525896876
2004-07-01 22:00:00,2004-07-01,22:00:00,2.1,1140.25,11.58872019508255,1035.25,107.0,725.75,112.0,1778.5,1059.0,27.675000190735,39.349999427795,1.437175938722985
2004-07-01 23:00:00,2004-07-01,23:00:00,2.5,1238.75,14.313563500912604,1126.75,134.0,648.25,120.0,1929.5,1201.25,26.800000190735,45.075000762939,1.5645365294262077
2004-07-02 00:00:00,2004-07-02,00:00:00,2.3,1171.25,13.2649474219058,1092.5,117.0,668.75,105.0,1861.5,1205.25,26.124999523163,45.300000190735,1.5114696084920154
2004-07-02 01:00:00,2004-07-02,01:00:00,1.7,1065.25,9.98329351054076,977.0,83.0,735.5,90.0,1732.75,1102.75,25.874999523163,46.14999961853,1.5174062810694111
2004-07-02 02:00:00,2004-07-02,02:00:00,1.5,1023.75,7.587481564402678,882.0,77.0,790.75,87.0,1662.0,1072.0,25.299999713898,47.60000038147,1.513014949388381
2004-07-02 03:00:00,2004-07-02,03:00:00,0.8,872.75,3.4444599923542256,679.0,63.5,1010.25,74.0,1501.25,713.25,26.625,43.0,1.4773379942343094
2004-07-02 05:00:00,2004-07-02,05:00:00,0.5,886.5,2.916438429678332,646.75,50.0,1046.25,61.0,1500.25,740.25,25.14999961853,47.974999427795,1.5115019846254514
2004-07-02 06:00:00,2004-07-02,06:00:00,0.8,992.5,5.633465103186379,794.5,60.0,887.75,63.0,1628.75,769.75,24.824999809265,50.64999961853,1.565432922679349
2004-07-02 07:00:00,2004-07-02,07:00:00,2.6,1299.25,17.491123933904678,1224.5,179.0,619.5,102.0,2077.25,1327.0,25.675000190735,49.700000762939,1.6150355158395748
2004-07-02 08:00:00,2004-07-02,08:00:00,4.9,1529.0,28.958035685182185,1526.25,300.0,476.0,149.0,2558.5,1763.0,27.425000190735,45.549999237061,1.639638418766964
2004-07-02 09:00:00,2004-07-02,09:00:00,2.9,1320.0,16.994321083185902,1209.75,263.0,594.5,147.0,2051.5,1476.5,29.349999904633,39.974999427795,1.608168344034132
2004-07-02 10:00:00,2004-07-02,10:00:00,2.8,1225.75,15.629433523319976,1168.25,265.0,650.0,158.0,1952.0,1310.5,33.625,28.675000190735,1.469281368307788
2004-07-02 11:00:00,2004-07-02,11:00:00,1.8,1104.75,10.050093703546924,979.5,164.0,777.25,112.0,1744.5,979.5,34.625,27.675000667572,1.4991423316813908
2004-07-02 12:00:00,2004-07-02,12:00:00,1.8,1159.5,11.709830816255746,1039.5,122.0,720.25,108.0,1809.5,961.0,35.625,27.175000190735,1.5556860040984102
2004-07-02 13:00:00,2004-07-02,13:00:00,1.9,1124.5,12.040228960945882,1051.0,125.0,729.5,120.0,1771.25,922.5,36.949999809265,23.25,1.4313079044995165
2004-07-02 14:00:00,2004-07-02,14:00:00,1.7,1099.25,11.012099605331478,1014.75,125.0,763.0,117.0,1731.5,838.75,38.775000572205,20.650000095367,1.4036451654528568
2004-07-02 15:00:00,2004-07-02,15:00:00,1.7,1123.75,11.193571577698146,1021.25,115.0,745.25,119.0,1734.5,827.25,38.14999961853,22.625,1.4867821791498916
2004-07-02 16:00:00,2004-07-02,16:00:00,1.9,1105.0,10.477562226102188,995.33333333333,162.0,777.66666666667,149.0,1681.3333333333,821.33333333333,37.06666692098,22.96666653951,1.422898220351392
2004-07-02 17:00:00,2004-07-02,17:00:00,2.1,1034.75,11.795643662631909,1042.5,149.0,804.25,174.0,1646.5,748.75,34.800000190735,19.275000095367,1.05429071129746
2004-07-02 18:00:00,2004-07-02,18:00:00,2.4,1064.75,13.796487791717952,1110.0,161.0,756.5,163.0,1691.0,870.5,33.574998855591,20.724999904633,1.0589713994899044
2004-07-02 19:00:00,2004-07-02,19:00:00,3.0,1050.5,17.338910220166625,1220.0,201.0,739.0,161.0,1729.0,1076.75,31.375000476837,18.549999713898,0.8375666658889864
2004-07-02 20:00:00,2004-07-02,20:00:00,2.8,1073.25,14.220357031168104,1123.75,209.0,751.75,154.0,1688.25,1175.0,29.474999904633,23.75,0.9623226090626552
2004-07-02 21:00:00,2004-07-02,21:00:00,1.9,1007.75,10.721628410296905,1004.25,133.0,816.5,124.0,1588.25,1124.5,27.375000476837,27.124999523163,0.9735698133277452
2004-07-02 22:00:00,2004-07-02,22:00:00,2.1,1089.75,12.690568103372724,1073.25,133.0,745.25,122.0,1693.0,1124.25,26.075000286102,31.074999809265,1.0338059170348552
2004-07-02 23:00:00,2004-07-02,23:00:00,1.8,1047.75,10.13721772169623,982.75,134.0,780.25,119.0,1642.5,1063.75,25.5,34.0,1.0935346176204463
2004-07-03 00:00:00,2004-07-03,00:00:00,2.5,1130.5,13.092244786448637,1086.75,164.0,704.75,131.0,1737.5,1239.75,24.0,37.800000190735,1.1124930651937974
2004-07-03 01:00:00,2004-07-03,01:00:00,1.1,952.75,7.398606072663219,874.0,72.0,854.25,84.0,1528.25,898.5,24.224999904633,37.27499961853,1.1118089756074467
2004-07-03 02:00:00,2004-07-03,02:00:00,0.7,896.5,4.644315710368452,745.25,50.0,967.5,77.0,1460.5,807.0,23.449999809265,40.625000953674,1.1570892058925288
2004-07-03 03:00:00,2004-07-03,03:00:00,0.7,899.5,4.726453728738122,749.5,38.5,932.0,59.0,1494.25,817.0,21.75,46.625,1.1991307546949312
2004-07-03 04:00:00,2004-07-03,04:00:00,0.4,827.75,2.787414370831833,638.5,27.0,1077.25,41.0,1370.75,573.0,22.574999809265,43.02499961853,1.162902436335706
2004-07-03 05:00:00,2004-07-03,05:00:00,0.7,892.25,4.524641622302657,739.0,74.0,964.25,68.0,1478.5,768.0,20.174999713898,50.674999237061,1.1844484816426706
2004-07-03 06:00:00,2004-07-03,06:00:00,0.7,914.25,5.929387126898798,808.5,69.0,912.25,69.0,1529.75,807.25,20.500000476837,49.324999809265,1.1759659208172852
2004-07-03 07:00:00,2004-07-03,07:00:00,1.8,1096.25,11.067802428479904,1016.75,162.0,721.75,101.0,1743.25,1204.0,21.400000572205,47.999999046326,1.20864706331809
2004-07-03 08:00:00,2004-07-03,08:00:00,2.3,1172.75,14.422632313865634,1130.25,208.0,647.75,120.0,1885.0,1401.0,23.224999904633,43.925000190735,1.2343769374409612
2004-07-03 09:00:00,2004-07-03,09:00:00,1.9,1125.25,11.053865490184924,1016.25,168.0,712.25,124.0,1725.0,1256.0,25.300000190735,40.650000572205,1.29210209652303
2004-07-03 10:00:00,2004-07-03,10:00:00,1.7,1078.5,9.949964658366447,975.75,139.0,781.0,113.0,1668.75,998.5,29.875,31.074999332428,1.2882965297730429
2004-07-03 11:00:00,2004-07-03,11:00:00,1.3,973.75,8.750411205541294,929.5,104.0,872.0,97.0,1535.5,712.25,33.874999046326,21.300000190735,1.1067112010598965
2004-07-03 12:00:00,2004-07-03,12:00:00,1.5,977.25,9.876808513136634,973.0,99.0,864.75,94.0,1550.25,712.25,36.25,15.974999904633,0.9464826739466672
2004-07-03 13:00:00,2004-07-03,13:00:00,1.3,911.75,7.3634180851910065,872.5,89.0,946.0,86.0,1436.0,613.5,36.625000953674,15.174999952316,0.9177476117881054
2004-07-03 14:00:00,2004-07-03,14:00:00,0.8,896.0,6.117608927663041,817.25,57.0,991.75,70.0,1426.0,553.75,37.425000190735,15.824999809265,0.9997729529539172
2004-07-03 15:00:00,2004-07-03,15:00:00,0.8,896.25,6.220834934310584,822.0,64.0,1002.25,70.0,1390.75,721.5,37.925001144409,14.975000143051,0.9721357760301468
2004-07-03 16:00:00,2004-07-03,16:00:00,1.1,956.25,7.113334197638295,861.75,65.0,929.75,82.0,1479.25,636.0,38.025000572205,16.75,1.0932785184040217
2004-07-03 17:00:00,2004-07-03,17:00:00,1.2,969.75,8.01984793446924,900.0,79.0,909.0,93.0,1523.75,663.5,36.949998855591,17.52499961853,1.0788674913580083
2004-07-03 18:00:00,2004-07-03,18:00:00,1.2,929.25,7.26993335753569,868.5,80.0,942.0,89.0,1454.25,624.0,35.25,17.049999713898,0.9560840550495504
2004-07-03 19:00:00,2004-07-03,19:00:00,1.4,947.25,8.656039174931239,925.75,81.0,904.75,90.0,1484.25,659.0,31.85000038147,20.400000572205,0.9461689128627914
2004-07-03 20:00:00,2004-07-03,20:00:00,1.1,1003.0,7.540072456167103,880.0,59.0,863.5,67.0,1537.25,694.75,29.14999961853,29.64999961853,1.1791794891543
2004-07-03 21:00:00,2004-07-03,21:00:00,1.5,1045.0,9.016969786956228,940.0,90.0,821.75,94.0,1657.75,919.75,27.449999809265,33.35000038147,1.2022272487590324
2004-07-03 22:00:00,2004-07-03,22:00:00,2.0,1125.0,11.58161276263785,1035.0,122.0,727.5,109.0,1726.25,1149.5,26.675000190735,35.75,1.231845235958055
2004-07-03 23:00:00,2004-07-03,23:00:00,1.9,1137.75,10.1977220663889,985.0,120.0,742.25,103.0,1710.0,1140.75,25.175000190735,42.699999809265,1.347293824791486
2004-07-04 00:00:00,2004-07-04,00:00:00,2.2,1217.0,12.286951048321209,1059.5,126.0,659.5,101.0,1840.0,1227.25,23.974999904633,51.89999961853,1.5252010479389024
2004-07-04 01:00:00,2004-07-04,01:00:00,1.1,983.25,6.41843653094434,831.0,68.0,846.75,71.0,1584.5,887.0,24.5,44.449999809265,1.3476274062499274
2004-07-04 02:00:00,2004-07-04,02:00:00,1.1,1006.5,7.171164351301327,864.25,65.0,816.0,71.0,1638.75,987.25,22.599999427795,51.0,1.3805256196329871
2004-07-04 03:00:00,2004-07-04,03:00:00,0.8,957.25,6.085164330889835,815.75,51.5,845.5,60.0,1612.75,902.75,22.150000095367,52.72500038147,1.3891201802064566
2004-07-04 04:00:00,2004-07-04,04:00:00,0.6,913.5,4.261422078208184,725.0,38.0,948.75,49.0,1550.25,779.75,21.150000095367,56.824998855591,1.4093550673634956
2004-07-04 05:00:00,2004-07-04,05:00:00,0.6,885.5,3.83924487947822,701.75,31.0,970.75,43.0,1528.0,766.5,20.25,59.60000038147,1.399446186205673
2004-07-04 06:00:00,2004-07-04,06:00:00,0.6,898.5,3.955380245213785,708.25,40.0,971.5,44.0,1559.0,779.5,21.299999713898,56.650000572205,1.4178444896693174
2004-07-04 07:00:00,2004-07-04,07:00:00,0.6,941.75,4.215127711803245,722.5,36.0,967.75,42.0,1573.0,698.0,23.049999713898,54.575000762939,1.5176911856602502
2004-07-04 08:00:00,2004-07-04,08:00:00,1.1,1021.75,6.117608927663041,817.25,64.0,835.0,69.0,1669.25,821.0,23.749999523163,54.25,1.5730505108397952
2004-07-04 09:00:00,2004-07-04,09:00:00,1.0,1009.25,5.950771198405665,809.5,56.0,859.0,65.0,1633.5,772.25,25.374999523163,49.27499961853,1.5731955065671137
2004-07-04 10:00:00,2004-07-04,10:00:00,1.0,1024.5,5.929387126898798,808.5,56.0,877.0,68.0,1605.5,690.25,29.64999961853,37.724999427795,1.5439798716036115
2004-07-04 11:00:00,2004-07-04,11:00:00,1.0,976.5,5.400366310442631,783.25,43.0,939.0,58.0,1543.0,585.75,33.924999237061,26.224999904633,1.366405654591326
2004-07-04 12:00:00,2004-07-04,12:00:00,0.8,935.75,4.863075672861148,756.5,40.0,1007.25,52.0,1458.5,523.0,35.799999237061,22.374999523163,1.293298962333843
2004-07-04 13:00:00,2004-07-04,13:00:00,0.7,883.75,3.861463962633157,703.0,34.0,1075.75,46.0,1393.5,487.5,37.900000572205,18.849999904633,1.2220309672938956
2004-07-04 14:00:00,2004-07-04,14:00:00,0.4,808.75,3.190110702966785,663.75,28.0,1185.25,40.0,1270.0,427.25,38.525000572205,14.825000047684,0.994186014409852
2004-07-04 15:00:00,2004-07-04,15:00:00,0.5,851.5,4.132341795103469,718.0,32.0,1109.25,47.0,1306.75,467.75,39.349999427795,14.474999904633,1.0148647147075005
2004-07-04 16:00:00,2004-07-04,16:00:00,0.6,871.75,3.950886235587856,708.0,39.0,1106.25,56.0,1330.5,488.5,38.850001335144,15.550000190735,1.0612682174460752
2004-07-04 17:00:00,2004-07-04,17:00:00,0.7,839.25,4.775056710975748,752.0,52.0,1102.25,64.0,1297.75,514.5,37.85000038147,12.700000047684,0.8210996295985946
2004-07-04 18:00:00,2004-07-04,18:00:00,0.9,853.75,5.487932183616301,787.5,60.0,1063.75,71.0,1310.25,561.75,35.77499961853,13.424999952316,0.7749128102971639
2004-07-04 19:00:00,2004-07-04,19:00:00,1.6,971.25,9.05532769248143,941.5,104.0,899.5,103.0,1540.5,775.5,32.250000476837,19.699999809265,0.934540349044096
2004-07-04 20:00:00,2004-07-04,20:00:00,1.6,984.5,9.119411727391192,944.0,102.0,866.25,97.0,1541.0,832.75,30.099999904633,23.5,0.986862333764076
2004-07-04 21:00:00,2004-07-04,21:00:00,1.7,1027.25,10.076866943416698,980.5,120.0,816.75,108.0,1630.75,1022.5,28.199999809265,28.700000286102,1.080574135534517
2004-07-04 22:00:00,2004-07-04,22:00:00,1.3,1012.0,7.433865553476765,875.5,89.0,853.25,87.0,1580.0,966.75,26.025000572205,35.699999809265,1.18419253309782
2004-07-04 23:00:00,2004-07-04,23:00:00,1.9,1086.0,9.863532129621102,972.5,121.0,765.75,104.0,1656.0,1089.25,25.299999713898,39.174999237061,1.2452176263222388
2004-07-05 00:00:00,2004-07-05,00:00:00,1.5,1024.5,8.985057907981616,938.75,107.0,789.5,93.0,1635.25,1102.5,24.650000095367,38.724999427795,1.1845375034052248
2004-07-05 01:00:00,2004-07-05,01:00:00,0.6,847.5,3.667816531500541,692.0,41.0,1033.75,55.0,1411.75,733.5,25.525000095367,35.699999809265,1.1499025088984167
2004-07-05 02:00:00,2004-07-05,02:00:00,0.4,838.5,2.991851350574233,651.5,34.0,1074.75,49.0,1404.75,671.0,22.450000286102,43.200000762939,1.158897486914277
2004-07-05 03:00:00,2004-07-05,03:00:00,0.3,814.25,2.473977118278611,617.75,36.0,1096.5,46.0,1400.0,696.0,21.624999523163,46.074999809265,1.1760711327622857
2004-07-05 05:00:00,2004-07-05,05:00:00,0.4,799.25,2.400843067625029,612.75,38.0,1120.25,43.0,1387.25,640.75,21.625000476837,45.699999809265,1.166499269953488
2004-07-05 06:00:00,2004-07-05,06:00:00,0.7,879.0,5.581302679176529,792.0,59.0,905.5,57.0,1521.0,825.0,21.050000190735,47.275000572205,1.165409327740912
2004-07-05 07:00:00,2004-07-05,07:00:00,2.0,1103.5,14.259161510663034,1125.0,165.0,697.25,80.0,1814.75,1179.25,21.625,44.14999961853,1.1269352528286722
2004-07-05 08:00:00,2004-07-05,08:00:00,3.9,1343.6666666667,27.68528576477548,1495.6666666667,287.0,518.66666666667,134.0,2311.3333333333,1651.3333333333,23.733332951864,37.93333307902,1.0988355643202752
2004-07-05 09:00:00,2004-07-05,09:00:00,3.6,1225.75,19.123453175722965,1271.75,317.0,631.5,157.0,1900.75,1473.5,26.0,30.050000190735,0.9953172213468816
2004-07-05 10:00:00,2004-07-05,10:00:00,3.2,1157.25,15.880618513811552,1176.0,330.0,690.75,175.0,1779.25,1370.25,30.575000286102,23.200000286102,1.0010089994494515
2004-07-05 11:00:00,2004-07-05,11:00:00,2.2,1059.0,12.308823018501508,1060.25,204.0,798.0,147.0,1637.5,1140.5,34.074999809265,19.125,1.0048277200701303
2004-07-05 12:00:00,2004-07-05,12:00:00,2.2,1075.75,12.1996290730817,1056.5,189.0,778.25,140.0,1633.0,1075.5,36.175000190735,18.025000095367,1.0635549649273193
2004-07-05 13:00:00,2004-07-05,13:00:00,2.1,1066.0,11.738405416264689,1040.5,165.0,783.0,137.0,1641.25,1035.5,37.424999237061,17.275000095367,1.0913792839883183
2004-07-05 14:00:00,2004-07-05,14:00:00,1.8,1048.75,10.434474065314545,993.75,139.0,813.25,123.0,1579.75,880.5,39.549999237061,15.550000190735,1.102014853560297
2004-07-05 15:00:00,2004-07-05,15:00:00,2.0,1096.75,12.70534979338976,1073.75,156.0,775.75,138.0,1671.0,959.75,40.39999961853,14.875,1.1032763846827751
2004-07-05 16:00:00,2004-07-05,16:00:00,1.8,1086.75,11.088721871777622,1017.5,130.0,790.5,132.0,1623.75,883.25,40.074999809265,16.050000429153,1.169919146514919
2004-07-05 17:00:00,2004-07-05,17:00:00,3.0,1269.0,19.03553416325464,1269.25,173.0,632.75,174.0,1941.5,1220.75,39.324999809265,18.925000190735,1.3250785714162152
2004-07-05 18:00:00,2004-07-05,18:00:00,4.3,1327.75,24.056563992883248,1405.0,302.0,583.5,203.0,2072.0,1518.0,37.25,19.875000476837,1.2437267825101448
2004-07-05 19:00:00,2004-07-05,19:00:00,3.5,1199.5,19.0706810413201,1270.25,239.0,653.75,176.0,1906.0,1264.0,33.624999046326,22.924999713898,1.1746564230749674
2004-07-05 20:00:00,2004-07-05,20:00:00,2.5,1097.5,13.643711019399452,1105.0,139.0,731.75,125.0,1767.75,1060.75,30.650000095367,28.85000038147,1.2501136274066056
2004-07-05 21:00:00,2004-07-05,21:00:00,1.8,1057.5,10.707879077577324,1003.75,92.0,776.0,98.0,1683.5,947.25,28.77499961853,32.825000762939,1.2775855857205802
2004-07-05 22:00:00,2004-07-05,22:00:00,1.9,1081.25,11.284781391298909,1024.5,104.0,738.0,103.0,1757.25,1059.25,27.349999904633,36.849999427795,1.3206979218950308
2004-07-05 23:00:00,2004-07-05,23:00:00,1.9,1061.5,9.57338076470358,961.5,108.0,775.5,104.0,1674.25,1030.25,26.150000095367,39.650001525879,1.324893460613591
2004-07-06 00:00:00,2004-07-06,00:00:00,1.9,1078.0,9.81050275234866,970.5,107.0,752.25,105.0,1694.25,1064.5,25.35000038147,42.97500038147,1.3700365376842112
2004-07-06 01:00:00,2004-07-06,01:00:00,0.9,917.25,4.941889432260385,760.5,55.0,930.5,75.0,1497.0,893.25,25.849999904633,40.999999046326,1.3460969548228694
2004-07-06 02:00:00,2004-07-06,02:00:00,0.7,881.0,4.1369226386396285,718.25,43.0,965.0,60.0,1509.75,836.5,23.299999713898,48.449998855591,1.3676551001134056
2004-07-06 03:00:00,2004-07-06,03:00:00,0.6,864.75,3.314161113142046,671.25,33.0,1011.75,48.0,1476.5,806.75,23.450000286102,47.77499961853,1.3607369020530995
2004-07-06 04:00:00,2004-07-06,04:00:00,0.4,828.5,2.2397262256059056,601.5,23.0,1123.0,36.0,1409.75,595.75,23.525000095367,46.699999809265,1.3360853031838766
2004-07-06 05:00:00,2004-07-06,05:00:00,0.7,913.25,4.605875124524935,743.25,65.0,931.25,66.0,1539.75,884.25,21.849999904633,52.324999809265,1.3538747131233475
2004-07-06 06:00:00,2004-07-06,06:00:00,1.6,1077.0,10.1977220663889,985.0,165.0,742.25,97.0,1780.0,1169.75,21.775000095367,52.52499961853,1.3529112583238534
2004-07-06 07:00:00,2004-07-06,07:00:00,3.8,1337.25,23.32380415074785,1386.0,274.0,565.0,115.0,2195.75,1596.25,22.924999713898,49.075000762939,1.3545632348476089
2004-07-06 08:00:00,2004-07-06,08:00:00,5.1,1467.25,31.047815403289256,1575.25,369.0,471.5,145.0,2460.0,1872.5,24.875,43.300000190735,1.3422301381010049
2004-07-06 09:00:00,2004-07-06,09:00:00,3.4,1257.25,17.56744339660839,1226.75,308.0,611.25,162.0,1953.75,1607.75,26.650000572205,39.39999961853,1.355632710427536
2004-07-06 10:00:00,2004-07-06,10:00:00,2.6,1227.0,14.259161510663034,1125.0,227.0,674.75,147.0,1835.0,1470.25,30.500000476837,32.89999961853,1.4134852927263664
2004-07-06 11:00:00,2004-07-06,11:00:00,2.2,1187.75,13.72000874568618,1107.5,178.0,692.75,132.0,1817.75,1274.5,34.199999809265,27.224999904633,1.4403797515573449
2004-07-06 12:00:00,2004-07-06,12:00:00,3.4,1300.75,19.26448268373756,1275.75,267.0,630.75,179.0,1953.0,1407.0,38.150000572205,20.85000038147,1.3701396952205174
2004-07-06 13:00:00,2004-07-06,13:00:00,3.4,1200.5,19.326321964058323,1277.5,278.0,657.25,174.0,1892.0,1301.75,39.574999809265,16.949999809265,1.20284529664454
2004-07-06 14:00:00,2004-07-06,14:00:00,1.8,1057.75,11.319946086587374,1025.75,165.0,794.0,132.0,1622.25,930.5,39.89999961853,15.800000190735,1.1409532940413063
2004-07-06 15:00:00,2004-07-06,15:00:00,2.0,1036.75,12.749738870577811,1075.25,172.0,789.25,151.0,1603.5,917.0,40.200000762939,13.899999856949,1.0199995769916184
2004-07-06 16:00:00,2004-07-06,16:00:00,2.4,1055.25,15.267852849249552,1157.0,216.0,762.25,168.0,1673.5,985.0,39.575000762939,13.150000095367,0.9331809294113428
2004-07-06 17:00:00,2004-07-06,17:00:00,3.8,1178.75,22.487448485817257,1364.0,306.0,661.25,192.0,1844.5,1264.75,39.47500038147,12.599999904633,0.8893608685739398
2004-07-06 18:00:00,2004-07-06,18:00:00,4.4,1298.25,25.03540391941196,1430.0,317.0,631.75,194.0,1945.5,2474.75,37.875,13.924999952316,0.9015228417934036
2004-07-06 19:00:00,2004-07-06,19:00:00,3.9,1213.25,21.11032972732463,1327.0,251.0,654.0,155.0,1864.0,2021.0,34.150000572205,17.899999856949,0.9443976084448462
2004-07-06 20:00:00,2004-07-06,20:00:00,4.0,1233.0,23.775818315419272,1397.75,230.0,612.75,159.0,1975.0,1833.75,32.550000190735,20.599999904633,0.9938646008389236
2004-07-06 21:00:00,2004-07-06,21:00:00,2.5,1086.0,14.87033616202426,1144.5,154.0,736.75,125.0,1717.0,1426.25,30.400000572205,23.150000095367,0.9889450944877766
2004-07-06 22:00:00,2004-07-06,22:00:00,2.1,1055.5,12.838714944132592,1078.25,137.0,764.5,108.0,1668.0,1271.75,28.799999713898,25.125000476837,0.979302195783186
2004-07-06 23:00:00,2004-07-06,23:00:00,2.4,1138.0,14.344689997841458,1127.75,133.0,681.25,110.0,1737.0,1489.5,27.800000190735,29.949999809265,1.1018205001278163
2004-07-07 00:00:00,2004-07-07,00:00:00,2.1,1112.25,14.344689997841458,1127.75,117.0,675.0,99.0,1770.75,1440.0,26.924999713898,32.550000667572,1.1380679035096288
2004-07-07 01:00:00,2004-07-07,01:00:00,1.6,992.25,9.222346639802016,948.0,106.0,772.75,95.0,1608.75,1271.0,26.324999809265,33.699999809265,1.137680436905352
2004-07-07 02:00:00,2004-07-07,02:00:00,0.8,895.0,5.061121320382599,766.5,55.0,931.25,69.0,1462.75,985.0,25.72500038147,33.949999809265,1.1064765938065138
2004-07-07 03:00:00,2004-07-07,03:00:00,0.5,842.75,3.0399028565473483,654.5,41.0,1046.25,57.0,1377.0,825.75,24.77499961853,36.049999237061,1.1109020659102775
2004-07-07 04:00:00,2004-07-07,04:00:00,0.4,828.25,2.6004452699114715,626.25,27.0,1073.25,45.0,1362.0,754.0,25.47500038147,34.550001144409,1.10958966043621
2004-07-07 05:00:00,2004-07-07,05:00:00,0.5,893.5,3.959876432723153,708.5,46.0,996.5,53.0,1431.5,853.25,23.950000286102,37.750000953674,1.1077221521237677
2004-07-07 06:00:00,2004-07-07,06:00:00,1.3,1072.0,9.949964658366447,975.75,144.0,739.75,88.0,1672.5,1339.75,23.924999713898,39.324998855591,1.152223139258218
2004-07-07 07:00:00,2004-07-07,07:00:00,4.1,1425.0,27.28808122233113,1486.0,392.0,512.0,136.0,2305.0,1869.0,24.75,38.375000953674,1.1808004586546212
2004-07-07 08:00:00,2004-07-07,08:00:00,4.1,1428.0,27.874470117164243,1500.25,358.0,496.25,141.0,2275.25,2020.75,26.949999809265,34.375,1.2036300173062884
2004-07-07 09:00:00,2004-07-07,09:00:00,4.0,1358.75,24.455875047644177,1415.25,381.0,571.5,189.0,2080.5,1902.25,29.574999809265,28.72500038147,1.1705945280887182
2004-07-07 10:00:00,2004-07-07,10:00:00,2.2,1181.5,14.166106517351905,1122.0,261.0,729.5,166.0,1707.25,1526.75,34.575000286102,21.099999904633,1.1398133352256807
2004-07-07 11:00:00,2004-07-07,11:00:00,2.0,1117.0,11.86017851848332,1044.75,207.0,760.75,154.0,1622.5,1260.25,38.25,16.974999904633,1.121556273892637
2004-07-07 12:00:00,2004-07-07,12:00:00,2.0,1118.75,13.122210701282372,1087.75,155.0,741.25,149.0,1640.25,1123.75,40.39999961853,14.475000143051,1.0736084588980142
2004-07-07 13:00:00,2004-07-07,13:00:00,2.2,1067.5,15.116269928363256,1152.25,193.0,739.0,142.0,1682.75,1308.75,42.625,9.5999999046326,0.8012093916041847
2004-07-07 14:00:00,2004-07-07,14:00:00,2.2,1089.5,14.096485799877708,1119.75,195.0,742.5,130.0,1628.75,1283.0,42.5,10.224999904633,0.8477703211283106
2004-07-07 15:00:00,2004-07-07,15:00:00,1.8,1055.75,11.2777540500341,1024.25,159.0,791.5,121.0,1555.0,1068.25,40.974999427795,11.599999904633,0.8871532533442948
2004-07-07 16:00:00,2004-07-07,16:00:00,1.8,1097.5,10.790487862803053,1006.75,120.0,799.25,116.0,1545.5,936.75,41.300000190735,13.049999952316,1.0154406945448051
2004-07-07 17:00:00,2004-07-07,17:00:00,3.3,1318.0,21.543635720255526,1338.75,228.0,634.5,177.0,1925.0,1416.25,39.175000190735,14.549999713898,1.0105635822105197
2004-07-07 18:00:00,2004-07-07,18:00:00,4.3,1347.75,21.84079771213806,1346.75,348.0,599.25,233.0,1903.25,1610.75,36.85000038147,17.900000333786,1.0959503153803496
2004-07-07 19:00:00,2004-07-07,19:00:00,5.3,1501.75,29.78224403109624,1545.75,337.0,538.0,223.0,2198.75,1919.0,35.574999809265,20.400000095367,1.164625753668924
2004-07-07 20:00:00,2004-07-07,20:00:00,4.3,1373.0,22.478019332398,1363.75,282.0,596.75,184.0,2004.5,1744.5,33.72500038147,22.625,1.1657692481504576
2004-07-07 21:00:00,2004-07-07,21:00:00,3.6,1396.75,21.822174257010754,1346.25,228.0,579.75,165.0,2017.25,1837.0,31.525000095367,27.825000286102,1.2670613255966734
2004-07-07 22:00:00,2004-07-07,22:00:00,2.4,1285.5,17.145240955366976,1214.25,168.0,619.75,132.0,1879.5,1759.25,31.125000476837,29.324999809265,1.305450564348955
2004-07-07 23:00:00,2004-07-07,23:00:00,2.1,1222.3333333333,15.406701080642666,1161.3333333333,173.0,661.0,122.0,1827.0,1593.0,30.166666666667,30.900000254313,1.302567159359784
2004-07-08 00:00:00,2004-07-08,00:00:00,1.2,1069.0,10.150649865204098,983.25,87.0,748.5,88.0,1626.5,1356.5,29.849999904633,30.199999809265,1.2502322277826774
2004-07-08 01:00:00,2004-07-08,01:00:00,0.9,1011.25,7.171164351301327,864.25,65.0,808.75,79.0,1531.75,1230.75,28.375000476837,32.500000953674,1.2360849586452696
2004-07-08 02:00:00,2004-07-08,02:00:00,0.6,961.5,5.812362008803251,803.0,43.0,852.5,60.0,1507.0,1065.75,27.549999713898,33.950000762939,1.230987228369255
2004-07-08 03:00:00,2004-07-08,03:00:00,0.5,919.0,4.224369335658102,723.0,54.5,910.0,67.0,1442.5,991.75,26.775000095367,35.324999809265,1.224329657159156
2004-07-08 05:00:00,2004-07-08,05:00:00,0.6,985.5,5.415775467693622,784.0,66.0,839.0,74.0,1502.75,1204.0,25.599999904633,38.77499961853,1.2544735887562444
2004-07-08 06:00:00,2004-07-08,06:00:00,0.6,989.75,6.20448714915602,821.25,57.0,848.25,62.0,1511.0,1079.25,27.5,34.625,1.2518210187224157
2004-07-08 07:00:00,2004-07-08,07:00:00,2.2,1296.25,16.94414092000853,1208.25,231.0,602.75,115.0,1914.25,1593.0,25.875,37.375,1.228885413043138
2004-07-08 08:00:00,2004-07-08,08:00:00,3.2,1370.5,23.247234184275804,1384.0,219.0,545.25,119.0,2081.5,1744.75,28.499999523163,32.474999904633,1.2440799542957264
2004-07-08 09:00:00,2004-07-08,09:00:00,3.0,1384.75,18.02833094709875,1240.25,288.0,595.75,155.0,1918.75,1847.25,29.474999904633,32.650000572205,1.322940367854379
2004-07-08 10:00:00,2004-07-08,10:00:00,2.7,1380.5,17.584422512200096,1227.25,312.0,594.75,162.0,1903.0,1844.5,29.849999904633,33.074999809265,1.3692526806825636
2004-07-08 11:00:00,2004-07-08,11:00:00,3.2,1396.0,20.336245340449008,1305.75,361.0,587.25,189.0,1934.25,1886.25,33.39999961853,26.849999904633,1.358593443105272
2004-07-08 12:00:00,2004-07-08,12:00:00,1.4,1069.75,10.611844460473735,1000.25,147.0,800.5,115.0,1537.75,1039.0,40.275000572205,15.75,1.1603987736354184
2004-07-08 13:00:00,2004-07-08,13:00:00,1.3,1075.75,9.850263360273429,972.0,111.0,818.75,109.0,1525.25,922.5,41.77499961853,15.025000095367,1.1989390912501097
2004-07-08 14:00:00,2004-07-08,14:00:00,1.4,1126.0,10.721628410296905,1004.25,98.0,787.5,108.0,1609.25,925.75,41.074999809265,15.700000047684,1.207120736109923
2004-07-08 15:00:00,2004-07-08,15:00:00,2.1,1225.25,16.544979890401567,1196.25,156.0,673.0,145.0,1774.75,1277.25,41.925000190735,14.849999904633,1.19441854914484
2004-07-08 16:00:00,2004-07-08,16:00:00,2.4,1202.0,16.877332470396162,1206.25,213.0,670.5,167.0,1807.0,1300.5,40.900000572205,14.624999761581,1.1140451800611997
2004-07-08 17:00:00,2004-07-08,17:00:00,3.1,1307.75,20.481012912278647,1309.75,250.0,628.25,200.0,1891.25,1384.5,39.14999961853,16.874999761581,1.1704689889514692
2004-07-08 18:00:00,2004-07-08,18:00:00,3.5,1440.25,19.43252866555312,1280.5,253.0,580.0,178.0,2021.0,1474.25,36.39999961853,27.300000190735,1.630820401126135
2004-07-08 19:00:00,2004-07-08,19:00:00,5.1,1610.5,30.02716039333441,1551.5,317.0,487.0,206.0,2370.75,1948.0,34.924999237061,29.25,1.611003907162821
2004-07-08 20:00:00,2004-07-08,20:00:00,4.5,1386.5,24.59286659394091,1418.75,309.0,558.5,192.0,2112.75,1676.75,33.574999809265,26.449999809265,1.351497946169792
2004-07-08 21:00:00,2004-07-08,21:00:00,2.9,1268.25,16.852308316808735,1205.5,201.0,648.0,137.0,1899.5,1433.5,32.200000286102,27.574999809265,1.3044414336795715
2004-07-08 22:00:00,2004-07-08,22:00:00,2.6,1236.75,15.839989355585663,1174.75,173.0,659.75,128.0,1833.5,1424.0,30.474999904633,29.699999809265,1.2741877672079638
2004-07-08 23:00:00,2004-07-08,23:00:00,2.7,1301.5,16.586369795055898,1197.5,156.0,628.0,121.0,1933.75,1503.5,29.424999713898,35.60000038147,1.4383406983197409
2004-07-09 00:00:00,2004-07-09,00:00:00,3.2,1347.25,19.47685467747145,1281.75,190.0,574.5,136.0,1996.25,1660.5,29.099999904633,34.800000190735,1.3800235351486805
2004-07-09 01:00:00,2004-07-09,01:00:00,2.3,1355.0,16.611224897423497,1198.25,129.0,563.5,109.0,1905.0,1713.5,27.749999523163,41.899998664856,1.5369820800144178
2004-07-09 02:00:00,2004-07-09,02:00:00,1.0,1023.25,6.220834934310584,822.0,65.0,822.75,74.0,1585.25,1049.75,27.925000190735,41.625,1.5424619955596142
2004-07-09 03:00:00,2004-07-09,03:00:00,0.5,902.5,2.676090587829464,631.25,47.0,1070.25,57.0,1457.75,550.0,27.75,43.72500038147,1.6039271130075232
2004-07-09 04:00:00,2004-07-09,04:00:00,0.4,875.75,2.2929014229629385,605.25,29.0,1144.0,40.0,1431.75,455.75,27.400000095367,42.224999427795,1.5177429875068806
2004-07-09 05:00:00,2004-07-09,05:00:00,0.6,932.0,3.928448868489377,706.75,58.0,1011.25,61.0,1508.75,554.0,26.625,42.824999809265,1.4713255656117266
2004-07-09 06:00:00,2004-07-09,06:00:00,1.0,1020.0,7.200154258626809,865.5,92.0,846.5,83.0,1636.0,744.0,26.875,40.27499961853,1.404061575452621
2004-07-09 07:00:00,2004-07-09,07:00:00,2.9,1263.75,18.054084903589523,1241.0,228.0,608.5,129.0,1988.5,1280.0,27.0,37.25,1.3081047517868472
2004-07-09 08:00:00,2004-07-09,08:00:00,2.7,1179.25,15.13219565446863,1152.75,172.0,654.0,122.0,1876.5,1096.0,27.000000476837,35.300000190735,1.2396268260673666
2004-07-09 09:00:00,2004-07-09,09:00:00,1.8,1078.75,9.698220270852254,966.25,154.0,784.5,115.0,1639.75,926.5,27.449999809265,32.025000095367,1.1544625881789496
2004-07-09 10:00:00,2004-07-09,10:00:00,1.8,1036.25,9.390665192516412,954.5,166.0,828.75,130.0,1527.0,839.5,30.450000286102,24.724999904633,1.0592410150155072
2004-07-09 11:00:00,2004-07-09,11:00:00,1.7,1001.75,9.645572227732076,964.25,149.0,827.5,137.0,1545.5,785.5,32.900000572205,20.125000476837,0.9902099466754704
2004-07-09 12:00:00,2004-07-09,12:00:00,1.5,995.0,9.514487084856562,959.25,111.0,856.0,116.0,1543.75,690.25,33.949999809265,18.375,0.9587295102318448
2004-07-09 13:00:00,2004-07-09,13:00:00,1.7,1008.25,9.57338076470358,961.5,145.0,844.75,129.0,1545.25,741.75,34.399998664856,19.300000190735,1.0325037336775904
2004-07-09 14:00:00,2004-07-09,14:00:00,1.3,978.0,9.579934069156192,961.75,105.0,846.0,117.0,1527.25,679.5,34.249999046326,19.60000038147,1.0398533064095945
2004-07-09 15:00:00,2004-07-09,15:00:00,1.5,989.25,10.332725294089729,990.0,113.0,822.0,138.0,1577.25,705.0,33.200000762939,20.375,1.0194973202431734
2004-07-09 16:00:00,2004-07-09,16:00:00,1.5,961.25,10.184263392187276,984.5,115.0,844.75,139.0,1553.5,676.75,32.425000190735,19.099999904633,0.915043439993895
2004-07-09 17:00:00,2004-07-09,17:00:00,2.3,1009.25,13.96537920780899,1115.5,202.0,779.25,180.0,1602.0,877.0,32.249999046326,17.125,0.812385905755257
2004-07-09 18:00:00,2004-07-09,18:00:00,2.2,970.25,14.0038857484108,1116.75,180.0,785.75,162.0,1579.0,843.75,30.950000286102,17.074999809265,0.7526099352202537
2004-07-09 19:00:00,2004-07-09,19:00:00,2.8,1096.75,16.644389712822854,1199.25,190.0,699.25,158.0,1737.5,1006.25,28.25,24.924999713898,0.9411596232112902
2004-07-09 20:00:00,2004-07-09,20:00:00,2.7,1065.25,13.636091225089844,1104.75,207.0,722.75,162.0,1672.0,986.5,26.550000190735,30.200000286102,1.0330338222428492
2004-07-09 21:00:00,2004-07-09,21:00:00,1.7,1036.25,10.217924283877052,985.75,113.0,776.25,112.0,1613.5,867.5,24.800000190735,36.800000190735,1.1356922254707558
2004-07-09 22:00:00,2004-07-09,22:00:00,1.5,1048.5,9.475310738258395,957.75,98.0,794.0,104.0,1647.5,861.25,23.650000095367,43.35000038147,1.249522172761372
2004-07-09 23:00:00,2004-07-09,23:00:00,2.3,1146.75,11.802806788281838,1042.75,152.0,726.75,125.0,1718.75,1042.25,23.02499961853,46.150000572205,1.281478873560444
2004-07-10 00:00:00,2004-07-10,00:00:00,2.3,1117.5,12.95775981119476,1082.25,161.0,694.25,127.0,1791.75,1080.0,22.674999713898,47.72500038147,1.2977029109923068
2004-07-10 01:00:00,2004-07-10,01:00:00,1.5,1016.25,9.619294035713365,963.25,91.0,775.75,95.0,1661.25,810.75,22.199999809265,49.499999046326,1.3080846733705564
2004-07-10 02:00:00,2004-07-10,02:00:00,1.0,940.0,6.736676120001603,845.25,57.0,845.0,70.0,1538.5,704.0,21.624999523163,51.925001144409,1.325393275472316
2004-07-10 03:00:00,2004-07-10,03:00:00,0.5,836.0,2.86139703513053,643.25,39.5,1113.75,51.5,1404.5,521.75,22.275000095367,50.39999961853,1.3378935026001164
2004-07-10 04:00:00,2004-07-10,04:00:00,0.3,831.25,2.5891783027743425,625.5,22.0,1125.5,33.0,1405.5,483.75,22.449999809265,49.699999809265,1.33326856969522
2004-07-10 05:00:00,2004-07-10,05:00:00,0.4,876.5,4.000440065012457,710.75,41.0,1018.0,45.0,1474.5,580.25,21.675000190735,51.999999046326,1.3313238419740057
2004-07-10 06:00:00,2004-07-10,06:00:00,0.5,871.5,4.252145961052515,724.5,53.0,976.0,56.0,1470.75,667.75,21.125000476837,53.22500038147,1.3180695484351397
2004-07-10 07:00:00,2004-07-10,07:00:00,0.9,958.0,5.85480151426304,805.0,92.0,886.0,74.0,1551.0,834.75,21.974999904633,51.0,1.329578095815344
2004-07-10 08:00:00,2004-07-10,08:00:00,1.1,958.75,6.787523688906004,847.5,91.0,858.5,84.0,1572.25,738.5,25.025000095367,41.599999427795,1.3010141746204962
2004-07-10 09:00:00,2004-07-10,09:00:00,1.4,997.0,8.845219157196645,933.25,89.0,799.0,93.0,1611.5,763.25,26.724999904633,36.449999809265,1.2596383885216564
2004-07-10 10:00:00,2004-07-10,10:00:00,1.1,915.5,6.691615196197922,843.25,81.0,891.25,97.0,1510.75,613.5,29.074999809265,29.675000190735,1.1750972973068117
2004-07-10 11:00:00,2004-07-10,11:00:00,0.9,895.0,6.41843653094434,831.0,66.0,945.75,83.0,1473.0,566.25,31.224999904633,23.425000190735,1.048731809356706
2004-07-10 12:00:00,2004-07-10,12:00:00,0.8,854.5,6.0097465240887775,812.25,53.0,981.75,71.0,1416.25,508.0,32.375,20.525000095367,0.9805509111387142
2004-07-10 13:00:00,2004-07-10,13:00:00,0.8,860.75,5.982908820688995,811.0,61.0,996.75,78.0,1408.75,508.75,33.25,19.200000286102,0.9633951998588758
2004-07-10 14:00:00,2004-07-10,14:00:00,0.6,821.0,5.044488899526043,765.66666666667,48.0,1070.6666666667,62.0,1323.3333333333,456.66666666667,33.13333384196,16.833333333333,0.839147394975232
2004-07-10 15:00:00,2004-07-10,15:00:00,0.6,835.25,4.364027443457045,730.5,39.0,1108.0,54.0,1322.75,437.5,33.10000038147,18.25,0.9080725747617712
2004-07-10 16:00:00,2004-07-10,16:00:00,0.5,813.0,4.396892654309599,732.25,41.0,1117.5,59.0,1303.25,427.25,32.39999961853,17.974999904633,0.8599369265284988
2004-07-10 17:00:00,2004-07-10,17:00:00,0.7,832.5,5.4518029314463465,785.75,48.0,1063.5,69.0,1328.0,453.25,31.75,18.699999809265,0.8624377079298845
2004-07-10 18:00:00,2004-07-10,18:00:00,0.8,858.5,5.801772704966261,802.5,50.0,1032.0,67.0,1362.75,479.25,30.250000476837,21.400000095367,0.9064013978195838
2004-07-10 19:00:00,2004-07-10,19:00:00,0.9,886.5,5.287938393096692,777.75,51.0,977.5,58.0,1387.0,500.25,27.174999713898,28.22500038147,1.0013309910445172
2004-07-10 20:00:00,2004-07-10,20:00:00,1.3,969.75,8.01984793446924,900.0,70.0,855.5,77.0,1558.5,646.5,26.099999904633,33.699999809265,1.1227795624264547
2004-07-10 21:00:00,2004-07-10,21:00:00,1.3,990.25,7.200154258626809,865.5,89.0,866.0,94.0,1551.25,727.75,24.724999904633,38.825000762939,1.1928808482686148
2004-07-10 22:00:00,2004-07-10,22:00:00,1.4,1022.0,8.00162898062799,899.25,100.0,845.75,97.0,1588.0,820.0,23.449999809265,43.150000572205,1.2290067378285066
2004-07-10 23:00:00,2004-07-10,23:00:00,1.9,1075.0,10.40051058236348,992.5,139.0,780.5,110.0,1681.5,945.75,23.074999809265,44.224999427795,1.2317067146340908
2004-07-11 00:00:00,2004-07-11,00:00:00,2.3,1088.25,11.567403475017644,1034.5,176.0,751.25,116.0,1712.5,1018.25,22.650000095367,45.300000190735,1.2299175072941824
2004-07-11 01:00:00,2004-07-11,01:00:00,1.0,925.0,6.407389602778555,830.5,71.0,879.5,74.0,1513.0,788.75,21.625,47.47500038147,1.2118063877735217
2004-07-11 02:00:00,2004-07-11,02:00:00,0.5,853.25,4.086652431771937,715.5,37.0,993.75,51.0,1422.5,646.5,22.0,45.825000762939,1.196466967106147
2004-07-11 03:00:00,2004-07-11,03:00:00,1.0,917.75,6.396350788469592,830.0,33.5,874.5,45.5,1548.25,785.25,20.35000038147,51.349999427795,1.2131062032402884
2004-07-11 04:00:00,2004-07-11,04:00:00,0.4,796.0,2.744960463816399,635.75,30.0,1092.0,40.0,1386.5,576.0,20.550000190735,50.349999427795,1.2040632241541338
2004-07-11 05:00:00,2004-07-11,05:00:00,0.3,796.25,2.61926987611744,627.5,29.0,1136.25,36.0,1385.25,554.75,20.575000286102,50.599999427795,1.2118845820176545
2004-07-11 06:00:00,2004-07-11,06:00:00,0.2,795.0,2.307171234084184,606.25,25.0,1151.5,35.0,1369.25,551.5,21.25,48.849999427795,1.2189272804850035
2004-07-11 07:00:00,2004-07-11,07:00:00,0.4,842.25,3.055992511572793,655.5,40.0,1080.25,48.0,1427.25,619.75,20.400000095367,52.625,1.247021725073383
2004-07-11 08:00:00,2004-07-11,08:00:00,0.3,849.5,3.1166508612230346,659.25,32.0,1077.0,38.0,1401.75,557.25,23.525000095367,44.025000572205,1.2595536718934868
2004-07-11 09:00:00,2004-07-11,09:00:00,0.6,884.25,3.959876432723153,708.5,43.0,1026.5,54.0,1441.75,556.25,25.700000286102,37.89999961853,1.2333982490063622
2004-07-11 10:00:00,2004-07-11,10:00:00,0.6,907.25,4.567570831187788,741.25,44.0,983.25,57.0,1486.25,572.75,27.874999523163,33.64999961853,1.243331984183734
2004-07-11 11:00:00,2004-07-11,11:00:00,0.6,846.0,3.857015773299712,702.75,35.0,1033.5,54.0,1379.5,513.5,28.950000286102,28.275000095367,1.1116381355891265
2004-07-11 12:00:00,2004-07-11,12:00:00,0.5,827.25,3.755311504247508,697.0,32.0,1069.75,46.0,1371.0,477.5,29.5,25.85000038147,1.0489145971487204
2004-07-11 13:00:00,2004-07-11,13:00:00,0.4,803.75,2.7526586895578395,636.25,21.0,1185.0,36.0,1320.75,424.0,31.849999904633,22.349999904633,1.0366114681316887
2004-07-11 14:00:00,2004-07-11,14:00:00,0.2,774.5,2.4960995565192428,619.25,10.0,1253.5,19.0,1272.0,386.0,32.249999046326,20.0,0.9487718607360666
2004-07-11 15:00:00,2004-07-11,15:00:00,0.4,802.0,2.9798895042342077,650.75,22.0,1205.75,34.0,1281.5,402.5,32.375,19.299999713898,0.922028366212352
2004-07-11 16:00:00,2004-07-11,16:00:00,0.6,843.5,4.7458694818484775,750.5,46.0,1063.5,63.0,1326.5,461.5,33.02499961853,17.674999713898,0.8757758531149998
2004-07-11 17:00:00,2004-07-11,17:00:00,0.9,880.5,5.036181443461722,765.25,66.0,1029.25,86.0,1359.25,488.5,31.999999046326,19.825000286102,0.9273147687431345
2004-07-11 18:00:00,2004-07-11,18:00:00,0.7,877.25,4.458206702990225,735.5,49.0,1076.75,65.0,1346.75,462.75,29.574999809265,24.125,0.9831363834674774
2004-07-11 19:00:00,2004-07-11,19:00:00,1.2,931.0,7.664791387485363,885.25,86.0,892.0,101.0,1466.75,584.5,26.949999809265,27.074999809265,0.9480227633161712
2004-07-11 20:00:00,2004-07-11,20:00:00,1.6,1010.5,9.711401368340608,966.75,111.0,818.0,116.0,1565.25,748.25,25.275000095367,30.925000190735,0.9815350950892836
2004-07-11 21:00:00,2004-07-11,21:00:00,1.8,1035.25,11.019055904913763,1015.0,143.0,756.5,124.0,1651.0,939.75,24.174999713898,35.925000190735,1.0683649048735375
2004-07-11 22:00:00,2004-07-11,22:00:00,2.4,1152.75,11.774165410493625,1041.75,184.0,732.5,136.0,1699.5,1021.75,23.174999713898,43.199999809265,1.2103789298388574
2004-07-11 23:00:00,2004-07-11,23:00:00,1.5,1019.5,8.744106167164562,929.25,134.0,805.0,108.0,1614.5,928.75,22.700000286102,43.925000190735,1.196169111914549
2004-07-12 00:00:00,2004-07-12,00:00:00,0.9,954.25,7.522326710746406,879.25,78.0,837.0,82.0,1550.0,833.5,21.624999523163,44.049999237061,1.1243826959385197
2004-07-12 01:00:00,2004-07-12,01:00:00,0.8,902.5,5.743678765887553,799.75,50.0,911.25,68.0,1477.75,750.75,20.700000286102,46.39999961853,1.1197772942146391
2004-07-12 02:00:00,2004-07-12,02:00:00,0.2,778.75,1.9518462020878005,580.5,13.0,1204.0,22.0,1322.75,504.5,21.175000190735,46.224999427795,1.1481962738007905
2004-07-12 03:00:00,2004-07-12,03:00:00,0.1,761.25,1.4451454370417751,540.0,28.0,1268.5,32.5,1303.25,486.0,22.650000095367,42.325000762939,1.1491447950418578
2004-07-12 05:00:00,2004-07-12,05:00:00,0.5,835.0,3.3183308378132934,671.5,43.0,1052.75,43.0,1423.0,627.75,20.0,51.75,1.1967165871108578
2004-07-12 06:00:00,2004-07-12,06:00:00,1.4,1003.75,9.397164889581603,954.75,146.0,757.75,84.0,1670.5,1042.5,18.474999427795,57.35000038147,1.2076228328661682
2004-07-12 07:00:00,2004-07-12,07:00:00,3.3,1271.75,21.128691785644097,1327.5,333.0,567.25,108.0,2084.75,1463.0,19.625,54.325000762939,1.2277670786964898
2004-07-12 08:00:00,2004-07-12,08:00:00,3.6,1172.75,17.2461700813682,1217.25,298.0,625.0,112.0,1945.0,1357.75,21.324999809265,49.675001144409,1.245157042065839
2004-07-12 09:00:00,2004-07-12,09:00:00,1.7,985.5,8.54961206733408,921.5,178.0,819.75,104.0,1585.75,970.5,21.674999713898,46.349999427795,1.186670358995316
2004-07-12 10:00:00,2004-07-12,10:00:00,1.5,942.0,6.827184440761592,849.25,177.0,907.0,107.0,1495.5,893.5,23.375,39.400000572205,1.1171844051267654
2004-07-12 11:00:00,2004-07-12,11:00:00,1.6,957.0,7.427984010652609,875.25,172.0,891.25,102.0,1524.5,871.0,25.72500038147,33.02499961853,1.0763295815512877
2004-07-12 12:00:00,2004-07-12,12:00:00,2.1,1024.25,12.076377763385809,1052.25,183.0,778.75,104.0,1689.5,952.25,28.549999713898,27.275000095367,1.047892798846359
2004-07-12 13:00:00,2004-07-12,13:00:00,2.1,962.25,9.612729263697018,963.0,164.0,835.25,96.0,1592.25,842.5,27.025000572205,27.89999961853,0.9811903512836756
2004-07-12 14:00:00,2004-07-12,14:00:00,1.6,958.0,7.369277782824489,872.75,122.0,868.0,80.0,1549.75,749.5,24.175000190735,36.875000953674,1.0966167792016848
2004-07-12 15:00:00,2004-07-12,15:00:00,1.3,932.75,6.412912052758098,830.75,105.0,888.25,72.0,1514.0,709.5,25.950000286102,34.85000038147,1.1509207314022545
2004-07-12 16:00:00,2004-07-12,16:00:00,1.6,942.0,8.301413416761816,911.5,144.0,841.5,106.0,1550.5,814.0,24.825000286102,33.075000286102,1.0222447426582733
2004-07-12 17:00:00,2004-07-12,17:00:00,3.1,1072.75,14.0038857484108,1116.75,220.0,693.25,119.0,1762.25,1052.25,24.049999713898,36.27499961853,1.070789561208534
2004-07-12 18:00:00,2004-07-12,18:00:00,3.3,1085.75,15.323861661259553,1158.75,207.0,685.5,119.0,1782.0,1060.25,23.574999809265,35.499999046326,1.0186875323025368
2004-07-12 19:00:00,2004-07-12,19:00:00,3.4,1091.0,15.387978763390306,1160.75,210.0,682.0,128.0,1796.75,1152.75,23.624999523163,35.724999427795,1.0282051735541666
2004-07-12 20:00:00,2004-07-12,20:00:00,2.8,979.5,10.859535166937013,1009.25,175.0,786.0,112.0,1625.0,985.75,23.349999904633,34.5,0.9767855695300692
2004-07-12 21:00:00,2004-07-12,21:00:00,1.5,903.5,7.463303030999023,876.75,117.0,890.0,95.0,1487.75,780.5,22.474999904633,36.775000572205,0.9880215012217566
2004-07-12 22:00:00,2004-07-12,22:00:00,1.3,865.0,5.181562928768256,772.5,93.0,991.0,85.0,1413.5,652.75,21.300000190735,38.700000762939,0.9685893003078028
2004-07-12 23:00:00,2004-07-12,23:00:00,1.6,898.25,7.148008335517996,863.25,118.0,910.5,101.0,1493.25,776.5,20.85000038147,39.400000572205,0.9595546612921882
2004-07-13 00:00:00,2004-07-13,00:00:00,1.5,945.25,7.617176567782048,883.25,132.0,837.25,94.0,1562.75,1014.5,19.849999904633,47.699998855591,1.092990782814505
2004-07-13 01:00:00,2004-07-13,01:00:00,1.0,853.75,5.001353896939433,763.5,88.0,932.25,76.0,1475.75,922.25,19.299999713898,51.39999961853,1.1387347772957577
2004-07-13 02:00:00,2004-07-13,02:00:00,0.5,750.75,2.0425361955350976,587.25,43.0,1165.0,50.0,1352.75,678.25,18.375,53.375,1.1170000048088042
2004-07-13 03:00:00,2004-07-13,03:00:00,0.4,722.75,1.4863605619161424,543.5,43.5,1274.0,50.5,1314.5,583.75,18.825000286102,51.125,1.1000335297554575
2004-07-13 04:00:00,2004-07-13,04:00:00,0.6,753.75,2.5034923538874008,619.75,44.0,1101.5,51.0,1372.25,724.5,16.349999666214,59.849999427795,1.1042246613957096
2004-07-13 05:00:00,2004-07-13,05:00:00,0.7,758.33333333333,3.2878047846726752,669.66666666667,50.0,1070.3333333333,42.0,1365.3333333333,687.66666666667,16.566666285197,56.833333333333,1.0628892405866854
2004-07-13 06:00:00,2004-07-13,06:00:00,1.3,873.0,7.31661206728073,870.5,101.0,871.0,62.0,1528.25,886.5,16.249999761581,57.35000038147,1.0514885461844166
2004-07-13 07:00:00,2004-07-13,07:00:00,4.0,1175.75,23.795134967433917,1398.25,339.0,566.75,111.0,2119.75,1494.0,17.299999713898,54.300000190735,1.0630660097425912
2004-07-13 08:00:00,2004-07-13,08:00:00,5.0,1257.25,27.647514822119327,1494.75,379.0,523.5,129.0,2244.75,1646.5,19.224999904633,48.75,1.075062328177628
2004-07-13 09:00:00,2004-07-13,09:00:00,3.6,1136.5,16.65268532275731,1199.5,321.0,647.75,135.0,1820.75,1489.0,21.700000286102,42.35000038147,1.0858996227986486
2004-07-13 10:00:00,2004-07-13,10:00:00,2.8,1063.5,14.282465834661188,1125.75,272.0,711.25,139.0,1656.25,1360.5,26.400000095367,29.89999961853,1.0138373049339509
2004-07-13 11:00:00,2004-07-13,11:00:00,2.6,1026.0,13.31770051337886,1094.25,278.0,768.5,134.0,1628.75,1223.5,31.349999427795,19.14999961853,0.8634344442736279
2004-07-13 12:00:00,2004-07-13,12:00:00,2.7,985.75,14.500754620232732,1132.75,253.0,772.75,141.0,1618.5,1174.0,33.675000190735,15.400000095367,0.7912863890638397
2004-07-13 13:00:00,2004-07-13,13:00:00,2.3,907.5,11.475224454288908,1031.25,187.0,856.5,112.0,1468.75,900.5,34.474999427795,13.325000047684,0.7158291767267702
2004-07-13 14:00:00,2004-07-13,14:00:00,2.0,888.0,10.79738414281125,1007.0,149.0,869.5,105.0,1447.5,794.25,33.750000476837,13.899999856949,0.7172064262747223
2004-07-13 15:00:00,2004-07-13,15:00:00,1.3,842.5,6.385320090079159,829.5,89.0,995.25,72.0,1338.5,576.5,30.099999904633,19.425000190735,0.8157362136849515
2004-07-13 16:00:00,2004-07-13,16:00:00,1.7,905.0,8.775650731240786,930.5,124.0,875.5,90.0,1460.25,775.75,28.27499961853,21.300000190735,0.805443893695596
2004-07-13 17:00:00,2004-07-13,17:00:00,2.8,1023.0,14.313563500912604,1126.75,206.0,760.0,126.0,1635.25,981.5,31.875,18.349999904633,0.8522899918152408
2004-07-13 18:00:00,2004-07-13,18:00:00,3.8,1125.0,19.370544598978416,1278.75,241.0,661.5,154.0,1840.0,1255.75,31.950000762939,20.075000286102,0.9363642144477994
2004-07-13 19:00:00,2004-07-13,19:00:00,4.9,1210.75,27.14486956999846,1482.5,303.0,586.0,173.0,2091.5,1483.0,28.949999809265,24.14999961853,0.949462766518565
2004-07-13 20:00:00,2004-07-13,20:00:00,4.3,1140.25,19.716958666054,1288.5,294.0,633.75,162.0,1884.0,1389.75,27.275000095367,27.099999904633,0.967031590621584
2004-07-13 21:00:00,2004-07-13,21:00:00,2.6,1029.25,13.628473245617029,1104.5,203.0,736.5,128.0,1665.5,1194.75,26.049999713898,28.549999713898,0.9484122066100248
2004-07-13 22:00:00,2004-07-13,22:00:00,2.4,980.75,12.127063681879465,1054.0,176.0,767.5,120.0,1592.0,1134.5,25.174999713898,28.550000190735,0.9008252469402892
2004-07-13 23:00:00,2004-07-13,23:00:00,1.9,970.75,10.991241944664454,1014.0,155.0,787.75,111.0,1585.0,1115.25,24.325000286102,31.050000190735,0.9316487847427748
2004-07-14 00:00:00,2004-07-14,00:00:00,1.4,927.0,8.750411205541294,929.5,108.0,840.0,89.0,1522.25,1026.25,23.550000190735,33.799999237061,0.968460093903669
2004-07-14 01:00:00,2004-07-14,01:00:00,1.1,867.75,6.742317799023325,845.5,72.0,925.0,69.0,1448.0,836.0,23.049999713898,33.825000286102,0.9406487232526768
2004-07-14 02:00:00,2004-07-14,02:00:00,0.9,862.75,6.259051060090584,823.75,65.0,904.5,70.0,1468.5,925.25,22.174999713898,38.375,1.0125707675969065
2004-07-14 03:00:00,2004-07-14,03:00:00,0.7,820.0,4.09577297636083,716.0,52.0,994.25,64.5,1380.25,932.75,20.39999961853,42.550000190735,1.008280723949446
2004-07-14 04:00:00,2004-07-14,04:00:00,0.5,777.0,2.884931454505132,644.75,39.0,1075.5,59.0,1334.0,781.0,20.500000476837,42.324999809265,1.0090777002891065
2004-07-14 05:00:00,2004-07-14,05:00:00,0.8,855.25,4.971583761462568,762.0,79.0,941.75,73.0,1444.0,958.5,18.775000095367,48.974999427795,1.050531725079609
2004-07-14 06:00:00,2004-07-14,06:00:00,1.3,959.75,9.863532129621102,972.5,140.0,769.25,89.0,1615.75,1155.25,18.799999713898,49.449999809265,1.0623558313023482
2004-07-14 07:00:00,2004-07-14,07:00:00,4.7,1310.0,27.544614921582617,1492.25,427.0,526.75,142.0,2194.25,1685.5,19.925000190735,46.52499961853,1.0709678610325362
2004-07-14 08:00:00,2004-07-14,08:00:00,4.6,1339.25,30.43367677171354,1561.0,366.0,497.75,145.0,2357.0,1791.0,22.14999961853,41.675000190735,1.097991117948522
2004-07-14 09:00:00,2004-07-14,09:00:00,3.7,1211.0,19.761559943817087,1289.75,311.0,605.75,156.0,1913.0,1642.75,24.0,36.375,1.0705538370960923
2004-07-14 10:00:00,2004-07-14,10:00:00,2.8,1067.5,15.702182283122928,1170.5,275.0,711.0,148.0,1716.5,1360.25,30.174999713898,22.800000190735,0.9615747482508494
2004-07-14 11:00:00,2004-07-14,11:00:00,1.8,932.0,11.319946086587374,1025.75,195.0,851.0,122.0,1523.25,943.75,33.400000572205,17.050000190735,0.8627195449079026
2004-07-14 12:00:00,2004-07-14,12:00:00,1.9,949.25,12.550508140328832,1068.5,144.0,819.25,106.0,1547.25,904.75,35.125,15.049999952316,0.8381268948145792
2004-07-14 13:00:00,2004-07-14,13:00:00,2.0,943.75,11.867358322901142,1045.0,162.0,828.75,106.0,1525.25,883.75,34.050000190735,16.025000095367,0.8407833972196471
2004-07-14 14:00:00,2004-07-14,14:00:00,2.0,965.5,14.43824238050227,1130.75,200.0,799.75,127.0,1612.25,967.5,35.674999237061,13.649999856949,0.7835754015298938
2004-07-14 15:00:00,2004-07-14,15:00:00,2.1,940.0,12.374538402775087,1062.5,176.0,847.5,113.0,1539.0,929.25,35.349999427795,13.775000095367,0.7767124784961241
2004-07-14 16:00:00,2004-07-14,16:00:00,2.1,933.5,11.738405416264689,1040.5,203.0,864.5,136.0,1495.5,935.5,32.250000953674,16.749999523163,0.7945964960743567
2004-07-14 17:00:00,2004-07-14,17:00:00,3.2,1052.0,18.424945508834465,1251.75,237.0,738.75,153.0,1729.25,1106.5,36.0,13.300000190735,0.7772539316732575
2004-07-14 18:00:00,2004-07-14,18:00:00,4.0,1108.5,22.865995939119948,1374.0,263.0,676.25,172.0,1794.75,1224.75,35.75,13.650000095367,0.7868170429093178
2004-07-14 19:00:00,2004-07-14,19:00:00,4.6,1168.75,25.04527628172083,1430.25,300.0,635.75,190.0,1900.75,1371.75,32.275000572205,18.424999952316,0.87528717309075
2004-07-14 20:00:00,2004-07-14,20:00:00,3.0,1092.75,15.460246884230616,1163.0,189.0,716.75,160.0,1704.5,1138.75,29.675000190735,24.999999523163,1.024646792895026
2004-07-14 21:00:00,2004-07-14,21:00:00,2.9,1084.25,16.66098269486679,1199.75,185.0,685.75,159.0,1753.0,1505.0,27.75,26.575000286102,0.9748282016053512
2004-07-14 22:00:00,2004-07-14,22:00:00,1.9,969.75,11.228614928035205,1022.5,134.0,787.0,123.0,1552.0,1073.5,26.349999904633,27.324999809265,0.9238175955464236
2004-07-14 23:00:00,2004-07-14,23:00:00,1.4,950.5,8.991436424812344,939.0,96.0,848.75,101.0,1488.0,868.0,25.250000476837,30.000000476837,0.9507736444642492
2004-07-15 00:00:00,2004-07-15,00:00:00,2.1,1038.25,12.09085021877653,1052.75,122.0,743.5,116.0,1630.5,1095.25,24.0,34.900000572205,1.0271430797863887
2004-07-15 01:00:00,2004-07-15,01:00:00,1.2,949.75,8.92773812560085,936.5,64.0,802.25,80.0,1566.0,989.25,23.400000095367,38.625,1.096845647732128
2004-07-15 02:00:00,2004-07-15,02:00:00,0.6,831.0,3.720208003769157,695.0,30.0,1033.0,51.0,1354.75,657.75,23.525000095367,38.349999427795,1.0971920946865077
2004-07-15 03:00:00,2004-07-15,03:00:00,0.4,813.0,3.0600205820759325,655.75,33.0,1070.0,48.5,1331.75,602.75,22.025000095367,42.625,1.1145949457208495
2004-07-15 05:00:00,2004-07-15,05:00:00,0.4,823.5,3.12477702038371,659.75,36.0,1032.5,46.0,1341.5,618.0,21.425000667572,45.574999809265,1.149322909292338
2004-07-15 06:00:00,2004-07-15,06:00:00,0.7,879.25,5.664861806391042,796.0,58.0,912.25,64.0,1454.0,746.75,21.075000286102,47.14999961853,1.1640920447317726
2004-07-15 07:00:00,2004-07-15,07:00:00,2.3,1132.0,15.564888908802702,1166.25,168.0,652.25,108.0,1827.25,1228.75,21.325000286102,48.35000038147,1.2119445155585795
2004-07-15 08:00:00,2004-07-15,08:00:00,4.0,1291.0,25.18366354028219,1433.75,306.0,526.25,151.0,2238.75,1493.5,22.89999961853,47.925000190735,1.320841244259702
2004-07-15 09:00:00,2004-07-15,09:00:00,2.8,1192.5,15.355905945517009,1159.75,231.0,630.0,153.0,1926.5,1281.25,24.400000095367,45.52499961853,1.37205961097786
2004-07-15 10:00:00,2004-07-15,10:00:00,1.6,1056.5,8.369357194834848,914.25,157.0,796.0,116.0,1664.5,953.5,27.60000038147,38.0,1.3818415949452096
2004-07-15 11:00:00,2004-07-15,11:00:00,1.6,1026.5,7.9894928266871235,898.75,132.0,822.25,116.0,1562.75,810.25,31.099999904633,29.64999961853,1.3180480029977124
2004-07-15 12:00:00,2004-07-15,12:00:00,2.0,1084.25,12.054682937785309,1051.5,136.0,736.25,130.0,1677.0,881.5,33.424999237061,24.699999809265,1.2515517690739033
2004-07-15 13:00:00,2004-07-15,13:00:00,2.0,1031.5,12.609399984135925,1070.5,127.0,742.25,131.0,1619.25,840.0,35.724999427795,18.875,1.0865019276998444
2004-07-15 14:00:00,2004-07-15,14:00:00,1.7,977.0,10.550302795333629,998.0,125.0,809.75,131.0,1553.5,742.75,36.224998474121,18.125000476837,1.0723935067526758
2004-07-15 15:00:00,2004-07-15,15:00:00,2.0,1038.75,12.572578807441328,1069.25,138.0,773.0,135.0,1646.25,880.25,37.075000762939,17.650000095367,1.0940018825933666
2004-07-15 16:00:00,2004-07-15,16:00:00,2.2,1056.0,14.313563500912604,1126.75,163.0,734.25,152.0,1693.5,928.0,36.474999427795,18.14999961853,1.0886910391284572
2004-07-15 17:00:00,2004-07-15,17:00:00,3.2,1164.25,20.32721190634612,1305.5,259.0,648.25,198.0,1885.5,1217.5,35.525000572205,19.125,1.088832637779635
2004-07-15 18:00:00,2004-07-15,18:00:00,3.6,1124.25,20.45383564824016,1309.0,236.0,654.5,183.0,1845.25,1169.75,33.650000572205,20.025000572205,1.027495326187952
2004-07-15 19:00:00,2004-07-15,19:00:00,3.8,1152.0,22.1490618802482,1355.0,245.0,628.25,175.0,1878.75,1620.25,30.5,22.724999904633,0.9763359465814386
2004-07-15 20:00:00,2004-07-15,20:00:00,4.8,1222.5,23.8241224844565,1399.0,344.0,592.25,193.0,1940.0,1508.0,28.699999809265,26.174999713898,1.014367113087152
2004-07-15 21:00:00,2004-07-15,21:00:00,2.8,1057.6666666667,14.696846905473556,1139.0,188.0,696.0,140.0,1699.3333333333,1318.0,26.733332951864,28.866666793823,0.9980592525658198
2004-07-15 22:00:00,2004-07-15,22:00:00,2.6,1049.0,15.100351352212376,1151.75,149.0,692.75,128.0,1730.25,1188.75,25.675000190735,31.64999961853,1.0284883838141057
2004-07-15 23:00:00,2004-07-15,23:00:00,1.9,1010.0,10.769810294579814,1006.0,102.0,778.5,100.0,1589.25,999.5,24.474999904633,35.699999809265,1.080743628122288
2004-07-16 00:00:00,2004-07-16,00:00:00,1.7,980.75,10.1977220663889,985.0,99.0,779.25,97.0,1571.5,1019.75,24.275000095367,36.275000572205,1.0851985782896494
2004-07-16 01:00:00,2004-07-16,01:00:00,1.0,885.75,6.484888375798436,834.0,48.0,904.0,67.0,1439.5,767.0,23.824999809265,36.900000572205,1.0747543725264248
2004-07-16 02:00:00,2004-07-16,02:00:00,0.7,821.25,3.915012606226969,706.0,36.0,1020.75,58.0,1360.0,674.0,23.674999713898,37.27499961853,1.0760183620711428
2004-07-16 03:00:00,2004-07-16,03:00:00,0.5,784.0,2.818464253455941,640.5,33.0,1113.5,51.5,1319.25,587.5,22.199999809265,40.60000038147,1.0728937224450603
2004-07-16 04:00:00,2004-07-16,04:00:00,0.4,770.5,2.117726231154335,592.75,30.0,1154.75,45.0,1291.0,544.5,21.60000038147,42.22500038147,1.0761720574878288
2004-07-16 05:00:00,2004-07-16,05:00:00,0.6,819.0,3.4148505243554346,677.25,56.0,1048.0,62.0,1378.5,685.0,20.275000572205,46.77499961853,1.0999831309624448
2004-07-16 06:00:00,2004-07-16,06:00:00,0.7,835.75,4.682892421913301,747.25,51.0,961.0,59.0,1384.25,701.75,20.724999904633,45.874999046326,1.1087917533249705
2004-07-16 07:00:00,2004-07-16,07:00:00,2.4,1114.25,15.815633162146003,1174.0,172.0,667.0,102.0,1818.75,1187.75,20.549999713898,47.749999046326,1.1418871259080092
2004-07-16 08:00:00,2004-07-16,08:00:00,4.4,1318.5,26.61575640173954,1469.5,316.0,519.75,154.0,2275.5,1588.5,22.400000095367,46.625,1.2470241760725096
2004-07-16 09:00:00,2004-07-16,09:00:00,3.1,1210.75,14.807148739274531,1142.5,269.0,632.25,157.0,1860.25,1331.25,24.199999809265,48.525000572205,1.4452177422363042
2004-07-16 10:00:00,2004-07-16,10:00:00,2.0,1050.75,9.2739987056744,950.0,196.0,801.5,138.0,1592.5,1039.75,28.750000476837,33.0,1.2825482939387016
2004-07-16 11:00:00,2004-07-16,11:00:00,2.1,1107.75,11.975277581182963,1048.75,206.0,748.5,142.0,1701.0,1137.25,32.775000572205,25.22500038147,1.232474351558191
2004-07-16 12:00:00,2004-07-16,12:00:00,2.1,1013.5,10.92183820793345,1011.5,156.0,795.0,125.0,1548.0,851.25,34.424999237061,19.875,1.064741496386637
2004-07-16 13:00:00,2004-07-16,13:00:00,2.1,1003.0,11.924863429687202,1047.0,120.0,768.5,120.0,1578.25,782.25,36.52499961853,16.700000047684,1.0044624880162931
2004-07-16 14:00:00,2004-07-16,14:00:00,2.2,1021.0,13.24989150784934,1092.0,161.0,764.0,150.0,1606.0,907.5,37.52499961853,14.325000286102,0.9099464105141256
2004-07-16 15:00:00,2004-07-16,15:00:00,1.6,986.25,8.92773812560085,936.5,114.0,833.0,120.0,1472.75,805.75,38.000000953674,15.525000095367,1.011949370283073
2004-07-16 16:00:00,2004-07-16,16:00:00,2.4,1097.75,12.995057360004209,1083.5,191.0,753.5,173.0,1647.5,985.25,38.125000953674,16.5,1.0828152615818325
2004-07-16 17:00:00,2004-07-16,17:00:00,3.3,1157.25,18.191703938587548,1245.0,236.0,664.5,187.0,1782.0,1211.25,37.300000190735,17.275000095367,1.0839747998722802
2004-07-16 18:00:00,2004-07-16,18:00:00,4.0,1190.0,23.66005888778677,1394.75,287.0,606.25,206.0,1914.25,1411.25,35.925000190735,17.724999427795,1.0315908382763943
2004-07-16 19:00:00,2004-07-16,19:00:00,4.1,1183.25,21.62703708737063,1341.0,266.0,627.75,187.0,1880.5,1395.25,32.449999809265,21.474999904633,1.030272337498475
2004-07-16 20:00:00,2004-07-16,20:00:00,4.2,1230.75,21.60849157827296,1340.5,274.0,626.0,170.0,1936.75,1577.5,30.325000286102,25.575000286102,1.0878777338412045
2004-07-16 21:00:00,2004-07-16,21:00:00,2.9,1102.0,16.487108109675482,1194.5,196.0,689.5,149.0,1762.0,1324.5,28.525000095367,27.799999713898,1.0665235997905322
2004-07-16 22:00:00,2004-07-16,22:00:00,2.3,1040.5,12.308823018501508,1060.25,144.0,747.5,124.0,1629.0,1185.0,26.949999809265,30.47500038147,1.067072734154411
2004-07-16 23:00:00,2004-07-16,23:00:00,2.2,1089.5,13.575198217297782,1102.75,142.0,694.75,119.0,1685.5,1235.25,25.724999904633,33.5,1.0918104583711654
2004-07-17 00:00:00,2004-07-17,00:00:00,2.1,1073.75,12.823867281040249,1077.75,124.0,684.75,108.0,1672.75,1316.5,24.650000095367,36.949999809265,1.1302430257358556
2004-07-17 01:00:00,2004-07-17,01:00:00,1.6,977.0,9.416675483049591,955.5,93.0,764.5,93.0,1581.0,1114.25,23.64999961853,39.22500038147,1.1306229729806627
2004-07-17 02:00:00,2004-07-17,02:00:00,1.2,949.0,8.270607965023949,910.25,71.0,815.5,77.0,1552.0,1015.0,22.200000286102,42.999999046326,1.1363160081967851
2004-07-17 03:00:00,2004-07-17,03:00:00,1.2,912.0,6.657904148776321,841.75,63.5,863.0,76.5,1489.25,1015.0,21.150000095367,45.775000572205,1.135296617936607
2004-07-17 04:00:00,2004-07-17,04:00:00,0.9,863.0,4.649130358347195,745.5,56.0,918.75,76.0,1415.0,960.75,21.275000095367,45.89999961853,1.1470535719149728
2004-07-17 05:00:00,2004-07-17,05:00:00,0.6,834.0,3.607094002427365,688.5,46.0,988.0,58.0,1367.0,795.75,21.64999961853,45.02499961853,1.1510073004444976
2004-07-17 06:00:00,2004-07-17,06:00:00,0.7,864.75,5.016267371189959,764.25,51.0,916.5,63.0,1430.0,826.25,21.27499961853,46.450000762939,1.1607982177410243
2004-07-17 07:00:00,2004-07-17,07:00:00,1.3,973.75,8.221420840094932,908.25,83.0,793.0,75.0,1546.25,1056.5,21.074999809265,46.924999237061,1.1585369495820648
2004-07-17 08:00:00,2004-07-17,08:00:00,2.0,1079.25,10.714752803704044,1004.0,175.0,713.0,111.0,1628.0,1301.75,22.75,42.950000762939,1.1731311491026886
2004-07-17 09:00:00,2004-07-17,09:00:00,1.9,1083.5,10.319190917231056,989.5,148.0,733.5,116.0,1633.0,1283.5,25.049999713898,38.25,1.1980125257013654
2004-07-17 10:00:00,2004-07-17,10:00:00,2.2,1106.5,12.875866141999705,1079.5,167.0,714.25,138.0,1675.25,1347.75,30.949999809265,26.85000038147,1.1834598375599945
2004-07-17 11:00:00,2004-07-17,11:00:00,1.9,1040.0,11.02601407721886,1015.25,120.0,775.25,117.0,1542.5,1024.75,35.10000038147,19.175000190735,1.0663718901867527
2004-07-17 12:00:00,2004-07-17,12:00:00,1.5,1019.25,8.332267681511919,912.75,78.0,839.5,94.0,1427.5,758.5,36.875,17.249999761581,1.0575968036360277
2004-07-17 13:00:00,2004-07-17,13:00:00,1.4,1002.5,8.178484755708308,906.5,76.0,862.25,91.0,1427.0,680.25,39.324998855591,13.875,0.9714908348824958
2004-07-17 14:00:00,2004-07-17,14:00:00,1.0,925.0,5.161405497498095,771.5,45.0,1000.75,60.0,1308.0,515.75,40.275000572205,12.625,0.930160921723629
2004-07-17 15:00:00,2004-07-17,15:00:00,1.0,910.25,4.591495033754221,742.5,54.0,1039.0,66.0,1282.25,500.0,39.675000190735,13.525000095367,0.9649581655276004
2004-07-17 16:00:00,2004-07-17,16:00:00,1.4,1012.25,7.246641780738701,867.5,70.0,884.0,87.0,1434.5,700.0,41.099999427795,13.149999856949,1.0124047218960754
2004-07-17 17:00:00,2004-07-17,17:00:00,1.6,1100.0,9.364685579922574,953.5,87.0,808.75,106.0,1512.0,1360.25,40.050001144409,14.875000238419,1.0828209744987964
2004-07-17 18:00:00,2004-07-17,18:00:00,1.6,1046.0,8.032003716425482,900.5,69.0,848.5,94.0,1463.5,722.0,37.39999961853,17.049999713898,1.0756993706943916
2004-07-17 19:00:00,2004-07-17,19:00:00,2.1,1082.75,10.680402981289363,1002.75,95.0,787.25,112.0,1524.0,841.5,34.025000572205,19.22500038147,1.0072754935981545
2004-07-17 20:00:00,2004-07-17,20:00:00,2.0,1049.75,9.57338076470358,961.5,107.0,809.5,120.0,1496.0,878.75,31.72500038147,21.625,0.9959302433595072
2004-07-17 21:00:00,2004-07-17,21:00:00,1.9,1049.5,8.674878673990467,926.5,88.0,830.25,106.0,1475.0,835.5,29.724999904633,24.150000095367,0.9926463782117736
2004-07-17 22:00:00,2004-07-17,22:00:00,2.3,1142.25,11.58161276263785,1035.0,100.0,746.25,112.0,1611.25,1062.25,27.949999809265,27.624999523163,1.0251594562484565
2004-07-17 23:00:00,2004-07-17,23:00:00,2.4,1165.25,11.795643662631909,1042.5,125.0,716.75,120.0,1644.0,1187.5,26.824999809265,29.925000190735,1.0402022108895093
2004-07-18 00:00:00,2004-07-18,00:00:00,2.2,1135.5,10.461678833610192,994.75,132.0,726.5,114.0,1590.5,1235.5,25.849999904633,32.974999904633,1.082623121692205
2004-07-18 01:00:00,2004-07-18,01:00:00,1.2,985.75,5.544912138895297,790.25,57.0,868.5,70.0,1422.25,853.25,26.349999904633,33.125,1.1199069740560197
2004-07-18 02:00:00,2004-07-18,02:00:00,1.1,970.75,5.534533486623454,789.75,46.0,871.25,64.0,1446.75,874.5,24.27499961853,38.10000038147,1.1397950220333664
2004-07-18 03:00:00,2004-07-18,03:00:00,0.8,908.25,3.82150898514276,700.75,39.5,970.5,57.0,1381.0,704.0,24.674999713898,36.425000190735,1.1158345138876609
2004-07-18 05:00:00,2004-07-18,05:00:00,0.6,899.5,3.3559588840673533,673.75,33.0,974.0,50.0,1354.75,679.0,21.075000286102,45.550000190735,1.1245894652929476
2004-07-18 06:00:00,2004-07-18,06:00:00,0.7,935.0,4.086652431771937,715.5,50.0,915.0,62.0,1414.75,876.75,20.150000095367,48.5,1.1318827590205225
2004-07-18 07:00:00,2004-07-18,07:00:00,0.4,938.75,4.1369226386396285,718.25,39.0,927.25,53.0,1394.5,825.75,21.325000286102,45.5,1.140506205229503
2004-07-18 08:00:00,2004-07-18,08:00:00,0.6,982.25,4.731304485603308,749.75,84.0,892.75,85.0,1416.75,881.0,22.575000286102,30.97500038147,0.837208710281414
2004-07-18 09:00:00,2004-07-18,09:00:00,0.9,1087.5,7.113334197638295,861.75,93.0,786.25,102.0,1518.75,1110.0,25.650000095367,34.800000190735,1.1291883300769845
2004-07-18 10:00:00,2004-07-18,10:00:00,0.9,1064.5,7.351704652120824,872.0,82.0,830.5,97.0,1480.75,926.75,31.550000190735,23.775000095367,1.0841693679538078
2004-07-18 11:00:00,2004-07-18,11:00:00,0.8,1015.5,7.264107476149063,868.25,73.0,889.25,91.0,1407.0,665.0,36.324999809265,16.349999666214,0.9726930795161652
2004-07-18 12:00:00,2004-07-18,12:00:00,0.4,929.66666666667,4.224369335658102,723.0,43.0,1034.6666666667,62.0,1263.3333333333,474.0,37.86666615804,15.033333142598,0.9728375904911944
2004-07-18 13:00:00,2004-07-18,13:00:00,0.3,927.5,4.09121162052864,715.75,39.0,1059.75,57.0,1251.75,459.25,39.449999809265,13.674999952316,0.9639431201405396
2004-07-18 14:00:00,2004-07-18,14:00:00,0.1,888.75,3.768511538317719,697.75,27.0,1131.5,40.0,1233.75,437.0,40.150000572205,12.274999856949,0.8983492633401823
2004-07-18 15:00:00,2004-07-18,15:00:00,0.5,965.75,5.785904187585162,801.75,46.0,967.5,60.0,1383.25,607.0,41.324998855591,11.875,0.9252395342628564
2004-07-18 16:00:00,2004-07-18,16:00:00,0.4,973.25,5.581302679176529,792.0,53.0,977.25,70.0,1356.0,620.25,41.425000190735,11.849999904633,0.9282055975134148
2004-07-18 17:00:00,2004-07-18,17:00:00,0.3,949.75,4.818980517172968,754.25,38.0,1002.5,53.0,1325.0,551.0,40.14999961853,13.599999904633,0.9953197079282728
2004-07-18 18:00:00,2004-07-18,18:00:00,0.4,982.25,5.333809739533331,780.0,39.0,973.75,54.0,1373.5,531.5,37.625,16.375000238419,1.0458381967856003
2004-07-18 19:00:00,2004-07-18,19:00:00,0.6,990.0,6.052793316140268,814.25,49.0,929.25,58.0,1398.75,577.5,33.875,20.25,1.052155061566971
2004-07-18 20:00:00,2004-07-18,20:00:00,0.8,1017.25,7.375139467546298,873.0,68.0,874.0,73.0,1463.5,721.0,31.574999332428,22.924999713898,1.046887387075342
2004-07-18 21:00:00,2004-07-18,21:00:00,1.2,1067.0,8.965933937610119,938.0,102.0,825.0,99.0,1519.75,911.5,29.650000095367,24.825000286102,1.0160186184871538
2004-07-18 22:00:00,2004-07-18,22:00:00,1.6,1146.75,11.716971682644164,1039.75,123.0,745.25,102.0,1635.25,1154.75,28.974999427795,27.0,1.0630390760484154
2004-07-18 23:00:00,2004-07-18,23:00:00,1.2,1131.75,10.991241944664454,1014.0,106.0,728.25,101.0,1628.25,1278.75,27.89999961853,30.400000095367,1.1248762961595185
2004-07-19 00:00:00,2004-07-19,00:00:00,0.5,975.75,6.04201933944382,813.75,66.0,854.5,77.0,1447.75,1017.75,28.02499961853,30.574999809265,1.1395719590267213
2004-07-19 01:00:00,2004-07-19,01:00:00,0.3,919.5,4.3499745447216265,729.75,43.0,944.25,55.0,1392.5,842.25,26.849999904633,32.275000572205,1.1235267615650633
2004-07-19 02:00:00,2004-07-19,02:00:00,0.1,879.0,2.845753102030184,642.25,33.0,1031.25,51.0,1343.25,740.25,26.625,33.0,1.1337710188309815
2004-07-19 04:00:00,2004-07-19,04:00:00,0.1,880.0,2.944126630396109,648.5,33.0,1022.0,50.0,1373.5,738.5,22.200000286102,42.825000762939,1.1316915115635324
2004-07-19 05:00:00,2004-07-19,05:00:00,0.3,925.25,4.118612249212145,717.25,75.0,936.25,75.0,1455.0,970.0,21.174999713898,46.300000190735,1.1500592064330115
2004-07-19 06:00:00,2004-07-19,06:00:00,0.8,1043.75,8.319920119759203,912.25,111.0,758.0,89.0,1604.25,1177.0,21.425000190735,46.47500038147,1.1720193380133055
2004-07-19 07:00:00,2004-07-19,07:00:00,2.3,1278.75,16.578088287183164,1197.25,250.0,598.5,112.0,1905.5,1517.75,22.875,42.97500038147,1.1826434191908224
2004-07-19 08:00:00,2004-07-19,08:00:00,3.4,1403.25,25.55096491371321,1443.0,313.0,508.25,142.0,2233.75,1811.0,25.22500038147,38.60000038147,1.221526276685169
2004-07-19 09:00:00,2004-07-19,09:00:00,2.5,1281.75,17.66091504876288,1229.5,263.0,593.5,145.0,1923.5,1695.75,27.10000038147,34.85000038147,1.230976192949955
2004-07-19 10:00:00,2004-07-19,10:00:00,2.4,1262.0,16.231858861206987,1186.75,282.0,632.75,165.0,1842.0,1602.5,32.449999332428,24.775000572205,1.1885912540184145
2004-07-19 11:00:00,2004-07-19,11:00:00,2.1,1195.0,15.124231897740982,1152.5,226.0,678.0,159.0,1732.25,1369.75,36.77499961853,17.950000286102,1.0945158097221972
2004-07-21 18:00:00,2004-07-21,18:00:00,4.1,1300.5,17.011061860886493,1210.25,124.0,623.25,140.0,1812.75,1153.25,39.64999961853,18.825000047684,1.3412926363350763
2004-07-21 19:00:00,2004-07-21,19:00:00,3.8,1415.5,21.53437738309015,1338.5,165.0,544.25,163.0,1997.75,1491.5,36.074999809265,25.474999427795,1.4949085586275397
2004-07-21 20:00:00,2004-07-21,20:00:00,3.4,1301.25,18.572450768419948,1256.0,164.0,592.5,144.0,1914.25,1382.25,33.324999809265,29.925000190735,1.507852436282946
2004-07-21 21:00:00,2004-07-21,21:00:00,2.9,1261.0,15.307850221981177,1158.25,122.0,627.5,120.0,1837.0,1303.0,31.199999809265,33.175000190735,1.483133728217381
2004-07-21 22:00:00,2004-07-21,22:00:00,3.1,1295.0,17.01943488478336,1210.5,134.0,601.5,120.0,1916.75,1404.0,30.099999904633,35.800001144409,1.5033903267288535
2004-07-21 23:00:00,2004-07-21,23:00:00,3.5,1238.75,14.375845316221508,1128.75,121.0,636.5,106.0,1838.75,1308.0,28.924999713898,39.14999961853,1.536978535194912
2004-07-22 00:00:00,2004-07-22,00:00:00,2.4,1228.5,13.56759476190408,1102.5,112.0,627.0,95.0,1866.25,1320.0,27.799999713898,43.300000190735,1.5929491435903824
2004-07-22 01:00:00,2004-07-22,01:00:00,1.6,1125.0,9.606166402460245,962.75,62.0,712.75,70.0,1719.0,1178.75,26.875,46.125,1.608003495497386
2004-07-22 02:00:00,2004-07-22,02:00:00,1.3,1043.5,6.4460893359755085,832.25,50.0,793.5,67.0,1579.5,1160.25,26.375,47.10000038147,1.5947130093307338
2004-07-22 03:00:00,2004-07-22,03:00:00,0.9,976.25,4.804320198215755,753.5,61.0,842.0,68.5,1545.25,1070.0,25.150000095367,51.449999809265,1.6209855119666283
2004-07-22 04:00:00,2004-07-22,04:00:00,1.0,1015.25,5.35425120194834,781.0,72.0,795.75,70.0,1595.25,1181.0,23.77499961853,55.35000038147,1.6073383376443358
2004-07-22 05:00:00,2004-07-22,05:00:00,0.8,954.25,4.068437354625373,714.5,48.0,866.5,50.0,1526.75,1010.0,24.949999809265,50.599999427795,1.575487225181272
2004-07-22 06:00:00,2004-07-22,06:00:00,1.1,1031.5,6.297366924277402,825.5,58.0,781.0,60.0,1627.0,1074.5,25.049999713898,49.22500038147,1.5417560009060274
2004-07-22 07:00:00,2004-07-22,07:00:00,4.4,1518.0,26.859410699088343,1475.5,306.0,469.25,127.0,2388.25,1839.0,24.675000190735,50.89999961853,1.5592581369163885
2004-07-22 10:00:00,2004-07-22,10:00:00,3.3,1393.5,19.9224801270344,1294.25,266.0,555.25,190.0,2030.75,1834.0,33.950000286102,29.924999713898,1.5613595146182149
2004-07-22 11:00:00,2004-07-22,11:00:00,2.1,1204.5,12.579939370051848,1069.5,159.0,682.25,127.0,1735.0,1267.5,37.324998855591,22.874999523163,1.4373207277016398
2004-07-22 12:00:00,2004-07-22,12:00:00,2.1,1209.75,14.034723520982585,1117.75,144.0,657.5,130.0,1741.75,1422.25,40.050000190735,19.025000095367,1.3849188410916058
2004-07-22 13:00:00,2004-07-22,13:00:00,2.0,1138.0,12.156067689808504,1055.0,117.0,712.0,125.0,1623.5,1028.0,42.0,15.800000190735,1.2758795134519838
2004-07-22 14:00:00,2004-07-22,14:00:00,1.5,1078.5,11.130611270278596,1019.0,108.0,749.25,113.0,1559.25,929.25,42.799999237061,14.250000238419,1.2002997690038963
2004-07-22 15:00:00,2004-07-22,15:00:00,2.1,1157.75,14.29023754784293,1126.0,153.0,692.75,143.0,1653.5,1150.0,44.349999427795,12.950000047684,1.182990341116842
2004-07-22 16:00:00,2004-07-22,16:00:00,2.3,1186.0,15.06853565421518,1150.75,166.0,680.0,157.0,1686.0,1234.75,44.60000038147,12.625,1.1684064481710046
2004-07-22 17:00:00,2004-07-22,17:00:00,2.8,1261.0,18.633333923865287,1257.75,179.0,629.25,170.0,1813.0,1315.25,43.424999237061,14.800000190735,1.2882092181021951
2004-07-22 18:00:00,2004-07-22,18:00:00,3.6,1338.75,22.03675272325216,1352.0,225.0,569.0,187.0,1990.0,1468.75,40.64999961853,18.199999809265,1.36802215050202
2004-07-22 19:00:00,2004-07-22,19:00:00,4.0,1341.75,22.97056849706705,1376.75,261.0,566.75,181.0,2016.5,1515.0,37.125,21.275000095367,1.3222924856684084
2004-07-22 20:00:00,2004-07-22,20:00:00,3.7,1316.75,21.10115125059068,1326.75,228.0,575.0,158.0,1996.0,1509.75,34.450000762939,25.5,1.3679803960193733
2004-07-22 21:00:00,2004-07-22,21:00:00,2.5,1209.75,14.9891216112347,1148.25,137.0,638.75,112.0,1849.25,1326.75,32.249999046326,30.424999713898,1.443319179572465
2004-07-22 22:00:00,2004-07-22,22:00:00,2.3,1220.25,13.628473245617029,1104.5,116.0,642.75,100.0,1837.5,1318.0,30.400000572205,35.449999809265,1.5143889100018362
2004-07-22 23:00:00,2004-07-22,23:00:00,2.5,1275.5,14.563381962119688,1134.75,143.0,625.0,105.0,1887.0,1436.25,29.374999523163,38.675000190735,1.5581037409481038
2004-07-23 00:00:00,2004-07-23,00:00:00,2.7,1270.0,16.28934734607158,1188.5,157.0,591.75,107.0,1916.75,1607.5,28.599999427795,38.72500038147,1.4920935726118616
2004-07-23 01:00:00,2004-07-23,01:00:00,1.3,1052.5,8.83888507899354,933.0,72.0,742.75,72.0,1658.0,1256.75,27.724999904633,40.499999046326,1.4834743926618723
2004-07-23 02:00:00,2004-07-23,02:00:00,0.8,955.5,6.031253547102022,813.25,42.0,845.75,59.0,1543.75,1093.5,28.0,39.77499961853,1.480324311548164
2004-07-23 03:00:00,2004-07-23,03:00:00,0.9,954.25,5.544912138895297,790.25,38.0,825.75,57.0,1564.25,1065.75,24.775000095367,48.525000572205,1.495326658684368
2004-07-23 04:00:00,2004-07-23,04:00:00,0.5,911.75,3.919489179626252,706.25,34.0,890.75,55.0,1499.5,1022.25,25.60000038147,45.75,1.4801333039430764
2004-07-23 05:00:00,2004-07-23,05:00:00,0.8,973.25,5.780618799798874,801.5,74.0,805.5,70.0,1596.75,1138.5,23.64999961853,51.52499961853,1.4851586407899668
2004-07-23 06:00:00,2004-07-23,06:00:00,1.0,1036.5,8.166234911142775,906.0,75.0,742.5,59.0,1706.5,1157.5,25.099999904633,46.525000572205,1.4614987211905106
2004-07-23 07:00:00,2004-07-23,07:00:00,2.9,1305.75,20.08395637109161,1298.75,199.0,518.5,95.0,2115.75,1601.5,24.450000286102,48.27499961853,1.4592612557416689
2004-07-23 08:00:00,2004-07-23,08:00:00,3.8,1366.5,25.451470719520028,1440.5,262.0,469.75,120.0,2283.0,1769.5,26.599999904633,42.77499961853,1.467462195580995
2004-07-23 09:00:00,2004-07-23,09:00:00,3.5,1335.0,21.58068603351193,1339.75,236.0,519.25,133.0,2141.25,1651.0,29.02499961853,37.64999961853,1.4866182629858211
2004-07-23 10:00:00,2004-07-23,10:00:00,2.4,1249.5,15.548770550484695,1165.75,186.0,626.0,133.0,1924.5,1435.0,34.174999713898,28.525000095367,1.5070622034562218
2004-07-23 11:00:00,2004-07-23,11:00:00,1.8,1141.75,11.179567315102029,1020.75,132.0,712.25,120.0,1669.5,1158.5,37.300001144409,22.900000095367,1.4369333819511267
2004-07-23 12:00:00,2004-07-23,12:00:00,2.1,1167.75,15.371938788300142,1160.25,140.0,670.75,132.0,1783.75,1192.5,40.050000190735,17.474999666214,1.272087052010206
2004-07-23 13:00:00,2004-07-23,13:00:00,2.1,1125.25,14.633975213822607,1137.0,143.0,691.0,135.0,1695.5,1094.0,42.174999237061,14.625000238419,1.1919674242489515
2004-07-23 14:00:00,2004-07-23,14:00:00,1.5,1083.25,12.477058689205466,1066.0,99.0,725.25,121.0,1621.25,911.75,41.875,15.174999952316,1.2173346989321223
2004-07-23 15:00:00,2004-07-23,15:00:00,1.5,1079.75,12.272378949151358,1059.0,107.0,733.25,123.0,1622.0,908.0,43.125000953674,13.774999856949,1.1802756215896797
2004-07-23 16:00:00,2004-07-23,16:00:00,1.8,1084.75,13.21228361975492,1090.75,130.0,723.0,129.0,1637.5,1009.75,42.824999809265,13.849999904633,1.1681421920789994
2004-07-23 17:00:00,2004-07-23,17:00:00,2.1,1114.5,14.712582780369386,1139.5,133.0,682.0,129.0,1745.75,1020.0,41.125,16.474999666214,1.270080112992928
2004-07-23 18:00:00,2004-07-23,18:00:00,3.0,1258.75,19.931436447584986,1294.5,188.0,599.5,156.0,1990.0,1279.75,38.700000762939,20.299999713898,1.3742792877296577
2004-07-23 19:00:00,2004-07-23,19:00:00,2.8,1241.3333333333,19.08533373107605,1270.6666666667,155.0,606.0,131.0,1970.6666666667,1286.6666666667,35.766666412354,24.133333206177,1.3923766116784275
2004-07-23 20:00:00,2004-07-23,20:00:00,2.5,1155.5,14.846627436024868,1143.75,154.0,650.75,115.0,1831.5,1215.75,33.14999961853,28.299999713898,1.4120812532243598
2004-07-23 21:00:00,2004-07-23,21:00:00,1.4,1054.75,8.555856942940972,921.75,95.0,784.25,79.0,1634.25,990.25,30.10000038147,33.949999809265,1.4257011470353038
2004-07-23 22:00:00,2004-07-23,22:00:00,1.7,1143.75,10.977346204363998,1013.5,110.0,712.25,86.0,1744.25,1145.75,29.0,36.599999427795,1.443082361521457
2004-07-23 23:00:00,2004-07-23,23:00:00,1.8,1168.5,13.002522353660073,1083.75,116.0,655.25,91.0,1830.5,1273.25,28.474999904633,38.375000953674,1.4679826027537717
2004-07-24 00:00:00,2004-07-24,00:00:00,2.4,1194.75,15.219914903957571,1155.5,153.0,620.5,99.0,1897.25,1345.5,27.824999332428,39.85000038147,1.4681545730817938
2004-07-24 01:00:00,2004-07-24,01:00:00,1.9,1158.25,12.061912698436554,1051.75,111.0,649.25,83.0,1785.25,1352.75,27.0,42.799999237061,1.5030035537845083
2004-07-24 02:00:00,2004-07-24,02:00:00,1.4,1074.75,9.87016936970222,972.75,79.0,694.5,74.0,1748.25,1230.75,26.424999713898,44.525000572205,1.5119462709914806
2004-07-24 03:00:00,2004-07-24,03:00:00,0.8,973.25,5.956122343665647,809.75,63.0,820.0,69.0,1598.5,1002.0,25.825000286102,46.574999809265,1.5268893635187448
2004-07-24 04:00:00,2004-07-24,04:00:00,0.7,989.0,6.29188712636252,825.25,47.0,774.0,64.0,1601.5,1125.5,25.125000476837,48.525001525879,1.5265763426010748
2004-07-24 05:00:00,2004-07-24,05:00:00,0.8,967.0,5.513801056881632,788.75,61.0,810.25,61.0,1597.25,995.0,24.575000286102,52.150000572205,1.5881171775195213
2004-07-24 06:00:00,2004-07-24,06:00:00,0.7,968.0,5.817659747566895,803.25,56.0,805.75,62.0,1586.0,1002.75,24.425000190735,50.5,1.5242574746204167
2004-07-24 07:00:00,2004-07-24,07:00:00,1.0,1062.0,8.056338823005872,901.5,69.0,732.75,65.0,1715.25,1054.5,25.22500038147,49.125,1.5545978691483546
2004-07-24 08:00:00,2004-07-24,08:00:00,1.7,1143.25,10.036718472630536,979.0,109.0,677.25,79.0,1829.0,1156.0,26.60000038147,50.775000572205,1.7419145893933368
2004-07-24 09:00:00,2004-07-24,09:00:00,1.9,1151.75,9.949964658366447,975.75,111.0,671.5,90.0,1800.0,1178.75,28.025000572205,46.900000572205,1.748027107591856
2004-07-24 10:00:00,2004-07-24,10:00:00,2.3,1237.5,13.122210701282372,1087.75,150.0,635.75,116.0,1882.5,1306.0,32.699999809265,34.525001049042,1.6797799355620118
2004-07-24 11:00:00,2004-07-24,11:00:00,1.7,1103.25,9.170817613167577,946.0,87.0,736.5,89.0,1686.0,934.25,36.60000038147,26.47500038147,1.5989553974943649
2004-07-24 12:00:00,2004-07-24,12:00:00,1.3,1043.25,6.691615196197922,843.25,64.0,798.5,68.0,1628.0,689.0,37.775000572205,26.324999809265,1.695085942466396
2004-07-24 13:00:00,2004-07-24,13:00:00,1.2,1057.5,6.468248061517456,833.25,47.0,804.0,53.0,1623.0,625.5,38.300000190735,27.125,1.7970358181142163
2004-07-24 14:00:00,2004-07-24,14:00:00,0.8,960.0,3.385350108425627,675.5,34.0,982.5,34.0,1487.5,487.75,35.449999809265,32.39999961853,1.836999839358796
2004-07-24 15:00:00,2004-07-24,15:00:00,0.9,971.75,3.7861422905558166,698.75,37.0,981.75,38.0,1505.0,495.0,37.300000190735,28.824999809265,1.8087162504818928
2004-07-24 16:00:00,2004-07-24,16:00:00,1.1,1011.5,5.221978232928398,774.5,49.0,899.0,53.0,1547.25,562.0,36.550000190735,28.174999713898,1.6969757988334748
2004-07-24 17:00:00,2004-07-24,17:00:00,1.2,1020.5,6.04201933944382,813.75,54.0,858.0,62.0,1544.5,615.0,35.075000762939,29.625,1.6452488889309484
2004-07-24 18:00:00,2004-07-24,18:00:00,1.3,1034.25,5.999005297727464,811.75,70.0,865.5,82.0,1563.25,659.75,32.325000286102,33.374999523163,1.5899610762885374
2004-07-24 19:00:00,2004-07-24,19:00:00,1.4,1026.25,5.5656943067991325,791.25,76.0,875.0,88.0,1548.5,664.0,29.89999961853,37.925000190735,1.574530746660322
2004-07-24 20:00:00,2004-07-24,20:00:00,1.2,966.25,4.448750215974709,735.0,59.0,931.75,70.0,1494.0,567.0,28.199999809265,41.89999961853,1.57756290645804
2004-07-24 21:00:00,2004-07-24,21:00:00,0.9,948.25,3.7465224539215742,696.5,44.0,982.5,53.0,1474.5,505.75,27.200000286102,45.925000190735,1.6316422998075024
2004-07-24 22:00:00,2004-07-24,22:00:00,1.1,983.75,4.961677225509212,761.5,47.0,870.0,57.0,1556.5,560.0,27.275000095367,45.699999809265,1.630750688652377
2004-07-24 23:00:00,2004-07-24,23:00:00,1.5,1076.75,7.0557037905723865,859.25,71.0,789.5,73.0,1673.25,723.75,27.02499961853,47.125,1.6572972532809784
2004-07-25 00:00:00,2004-07-25,00:00:00,1.7,1162.75,7.856513903479742,893.25,90.0,706.0,83.0,1760.25,977.25,23.699999809265,69.324998855591,2.004190423612531
2004-07-25 01:00:00,2004-07-25,01:00:00,0.9,965.0,3.667816531500541,692.0,45.0,927.25,52.0,1549.25,652.5,23.825000286102,63.500000953674,1.849509608665757
2004-07-25 02:00:00,2004-07-25,02:00:00,0.7,940.75,3.5725896205436136,686.5,44.0,948.75,52.0,1529.5,641.75,24.650000095367,56.85000038147,1.7389530927176295
2004-07-25 03:00:00,2004-07-25,03:00:00,0.4,851.25,2.0663345607992847,589.0,27.0,1119.0,34.5,1431.5,500.5,24.950000286102,53.125000953674,1.6541060008930173
2004-07-25 05:00:00,2004-07-25,05:00:00,0.3,834.25,1.2936197573720989,526.75,10.0,1242.25,17.0,1458.25,426.75,22.474999904633,69.14999961853,1.8578296497491364
2004-07-25 06:00:00,2004-07-25,06:00:00,0.4,858.5,1.6966582576513225,560.75,19.0,1161.5,28.0,1476.25,470.0,23.449999809265,64.425000190735,1.8349654291782096
2004-07-25 07:00:00,2004-07-25,07:00:00,0.4,842.75,1.4863605619161424,543.5,20.0,1241.75,29.0,1442.25,446.5,24.425000190735,57.89999961853,1.7476140039418542
2004-07-25 08:00:00,2004-07-25,08:00:00,0.5,850.75,1.5793744737026894,551.25,30.0,1223.5,37.0,1443.25,462.5,24.474999904633,56.89999961853,1.722529757883295
2004-07-25 09:00:00,2004-07-25,09:00:00,0.5,853.25,1.6530319772529791,557.25,24.0,1215.25,31.0,1435.0,453.5,24.949999809265,54.800000190735,1.7062589173273546
2004-07-25 10:00:00,2004-07-25,10:00:00,0.7,907.5,2.687517070046752,632.0,35.0,1095.0,46.0,1494.0,500.25,27.02499961853,47.375,1.6660892811498431
2004-07-25 11:00:00,2004-07-25,11:00:00,0.9,928.25,3.5812024590957425,687.0,48.0,1025.0,66.0,1490.5,528.25,27.574999809265,43.724999427795,1.5877205670341157
2004-07-25 12:00:00,2004-07-25,12:00:00,0.8,904.75,2.995843171964047,651.75,41.0,1076.0,54.0,1445.75,490.25,28.224999427795,42.60000038147,1.606238529297518
2004-07-25 13:00:00,2004-07-25,13:00:00,0.8,900.75,2.908548009422834,646.25,37.0,1104.75,50.0,1445.5,488.0,29.125,40.800000190735,1.6202851742098192
2004-07-25 14:00:00,2004-07-25,14:00:00,0.7,869.25,2.4960995565192428,619.25,32.0,1163.25,44.0,1416.5,474.5,29.775000095367,38.599999427795,1.5911369671251303
2004-07-25 15:00:00,2004-07-25,15:00:00,0.8,890.75,3.051966703328714,655.25,43.0,1106.5,52.0,1452.25,486.0,31.450000286102,34.549999237061,1.5666336976477675
2004-07-25 16:00:00,2004-07-25,16:00:00,0.7,855.25,2.296465336979625,605.5,28.0,1214.25,37.0,1402.75,437.5,31.174999713898,36.324999809265,1.6216586255812735
2004-07-25 17:00:00,2004-07-25,17:00:00,0.8,910.75,3.0238494258396966,653.5,38.0,1102.0,51.0,1466.25,476.5,30.02499961853,41.275000572205,1.725899005281309
2004-07-25 18:00:00,2004-07-25,18:00:00,1.2,988.75,4.036644484467239,712.75,72.0,954.0,78.0,1551.5,625.5,27.574999809265,47.549999237061,1.7266120695051872
2004-07-25 19:00:00,2004-07-25,19:00:00,1.6,1047.5,6.3083326207889066,826.0,89.0,853.0,90.0,1636.5,747.25,28.849999904633,41.349999427795,1.6163545463836029
2004-07-25 20:00:00,2004-07-25,20:00:00,1.6,1049.0,6.585112722073304,838.5,103.0,845.5,110.0,1635.75,858.0,28.525000095367,41.60000038147,1.5959490149186009
2004-07-25 21:00:00,2004-07-25,21:00:00,1.5,1034.5,7.25246168751516,867.75,77.0,832.75,86.0,1653.0,775.25,27.675000190735,43.35000038147,1.5832675577594542
2004-07-25 22:00:00,2004-07-25,22:00:00,1.5,1033.5,6.849891943840394,850.25,84.0,831.0,88.0,1642.5,803.0,27.299999713898,44.075000762939,1.5750536211719377
2004-07-25 23:00:00,2004-07-25,23:00:00,1.5,1021.75,6.3083326207889066,826.0,82.0,857.0,91.0,1627.25,777.25,26.924999713898,45.549999237061,1.592595731902147
2004-07-26 00:00:00,2004-07-26,00:00:00,1.5,1006.5,5.940075060201868,809.0,81.0,876.25,93.0,1610.75,770.0,26.574999809265,47.174999237061,1.6160477890039626
2004-07-26 01:00:00,2004-07-26,01:00:00,1.2,944.5,4.823871521429194,754.5,50.0,935.25,68.0,1552.75,662.75,26.0,47.950000762939,1.5882017044932992
2004-07-26 02:00:00,2004-07-26,02:00:00,0.8,879.75,2.9480911901525007,648.75,30.0,1056.25,48.0,1464.5,528.5,26.200000286102,45.72500038147,1.5323719309514112
2004-07-31 05:00:00,2004-07-31,05:00:00,0.8,916.0,4.687724073925867,747.5,40.0,878.25,49.0,1559.25,742.25,23.72500038147,54.64999961853,1.5822906247410975
2004-07-31 06:00:00,2004-07-31,06:00:00,1.2,974.75,7.33414941150519,871.25,72.0,770.75,71.0,1665.5,942.25,22.599999904633,58.75,1.5903114210849656
2004-07-31 07:00:00,2004-07-31,07:00:00,1.0,948.25,6.368789264357057,828.75,68.0,800.5,71.0,1599.75,926.25,24.049999713898,53.35000038147,1.574820788413405
2004-07-31 08:00:00,2004-07-31,08:00:00,1.5,1068.75,9.203008830704247,947.25,89.0,727.5,86.0,1763.0,1039.25,25.199999809265,51.049999237061,1.613135158638034
2004-07-31 09:00:00,2004-07-31,09:00:00,2.8,1210.25,12.506416413613422,1067.0,151.0,642.25,125.0,1879.0,1158.0,27.275000095367,47.10000038147,1.680708060791669
2004-07-31 10:00:00,2004-07-31,10:00:00,3.4,1272.0,15.694091975784271,1170.25,215.0,619.75,160.0,1957.0,1347.0,32.800000190735,33.375000476837,1.6329658947290775
2004-07-31 11:00:00,2004-07-31,11:00:00,3.3,1239.75,15.85623569417234,1175.25,196.0,613.75,174.0,1895.25,1262.0,35.950000762939,27.974999904633,1.6303773376729225
2004-07-31 12:00:00,2004-07-31,12:00:00,2.9,1170.5,14.579056773736026,1135.25,161.0,654.25,146.0,1797.25,1072.75,38.52499961853,23.775000095367,1.5943859219470211
2004-07-31 13:00:00,2004-07-31,13:00:00,2.2,1072.0,11.681285912573529,1038.5,120.0,744.5,127.0,1611.25,816.75,39.77499961853,20.47500038147,1.4686717669988176
2004-07-31 14:00:00,2004-07-31,14:00:00,1.6,969.5,7.3634180851910065,872.5,88.0,858.75,114.0,1422.75,606.25,38.10000038147,21.97500038147,1.4401603199677255
2004-07-31 15:00:00,2004-07-31,15:00:00,0.9,938.0,6.085164330889835,815.75,38.0,917.25,65.0,1417.75,506.0,39.950000762939,20.049999713898,1.4517388510810132
2004-07-31 16:00:00,2004-07-31,16:00:00,1.1,975.75,6.878321514411395,851.5,47.0,865.75,77.0,1467.0,559.25,40.425001144409,19.825000286102,1.472381802758625
2004-07-31 17:00:00,2004-07-31,17:00:00,1.0,957.66666666667,6.17003540425968,819.66666666667,40.0,886.33333333333,68.0,1452.3333333333,530.33333333333,39.06666692098,20.666666666667,1.4270446002285777
2004-07-31 18:00:00,2004-07-31,18:00:00,1.3,1013.5,8.086801830707312,902.75,58.0,815.5,92.0,1554.25,611.75,37.25,24.324999809265,1.5221963784401256
2004-07-31 19:00:00,2004-07-31,19:00:00,1.6,1091.0,10.238143544370322,986.5,71.0,736.75,104.0,1711.25,774.25,33.974999427795,30.924999237061,1.615782559246968
2004-07-31 20:00:00,2004-07-31,20:00:00,1.8,1080.25,10.701007232094556,1003.5,90.0,724.25,114.0,1704.0,898.75,31.75,34.5,1.5911284078644323
2004-07-31 21:00:00,2004-07-31,21:00:00,2.2,1127.5,12.95775981119476,1082.25,95.0,675.25,105.0,1817.0,1066.0,30.075000286102,37.675000190735,1.5798721672535143
2004-07-31 22:00:00,2004-07-31,22:00:00,1.8,1104.75,11.355157414476496,1027.0,85.0,684.0,85.0,1757.75,1040.0,28.550000190735,42.300000190735,1.6251463485044582
2004-07-31 23:00:00,2004-07-31,23:00:00,2.3,1141.25,13.325243955182158,1094.5,119.0,642.25,92.0,1815.75,1139.25,27.699999809265,44.575000762939,1.630371330393207
2004-08-01 00:00:00,2004-08-01,00:00:00,2.0,1104.25,11.158574937163834,1020.0,106.0,680.5,82.0,1770.5,1085.5,26.550000190735,47.549999237061,1.626515132256836
2004-08-01 01:00:00,2004-08-01,01:00:00,1.8,1064.5,9.784033778967515,969.5,77.0,698.25,70.0,1723.5,1048.75,25.700000286102,50.675000190735,1.649141349149012
2004-08-01 02:00:00,2004-08-01,02:00:00,0.9,970.75,6.199041963295953,821.0,28.0,819.5,40.0,1636.5,811.0,25.050000190735,53.925000190735,1.6889628103558572
2004-08-01 03:00:00,2004-08-01,03:00:00,0.5,890.75,3.64173967489039,690.5,24.5,940.5,33.0,1553.0,628.5,24.775000095367,58.700000762939,1.808875321392436
2004-08-01 04:00:00,2004-08-01,04:00:00,0.6,935.5,4.036644484467239,712.75,21.0,883.25,26.0,1584.25,723.25,23.549999713898,63.599999427795,1.8223094987099988
2004-08-01 05:00:00,2004-08-01,05:00:00,0.4,844.75,2.5816785814911887,625.0,17.0,992.5,21.0,1512.75,646.25,24.325000286102,59.449999809265,1.7837848545903294
2004-08-01 06:00:00,2004-08-01,06:00:00,0.4,872.25,2.6079681657119167,626.75,24.0,996.75,30.0,1529.5,669.5,23.349999904633,61.975002288818,1.7546750118060992
2004-08-01 07:00:00,2004-08-01,07:00:00,0.4,903.0,2.9362043355061678,648.0,19.0,974.75,21.0,1559.25,602.75,24.050000190735,63.075000762939,1.861889869472907
2004-08-01 08:00:00,2004-08-01,08:00:00,0.8,970.75,4.205894718223859,722.0,39.0,875.75,35.0,1624.0,687.0,24.974999904633,60.675000190735,1.891976384564611
2004-08-01 09:00:00,2004-08-01,09:00:00,0.8,1006.25,5.51898105425066,789.0,46.0,824.0,36.0,1657.25,732.5,27.275000095367,52.425000190735,1.8707244096379587
2004-08-01 10:00:00,2004-08-01,10:00:00,0.9,1011.75,5.828261397403407,803.75,53.0,831.75,48.0,1637.75,765.5,32.375,37.275000572205,1.7807569112763098
2004-08-01 11:00:00,2004-08-01,11:00:00,0.7,975.0,4.481885361504611,736.75,32.0,895.75,39.0,1531.0,620.75,35.424999237061,31.325000286102,1.7736032289035306
2004-08-01 12:00:00,2004-08-01,12:00:00,0.6,944.0,4.345294539851805,729.5,30.0,932.75,34.0,1494.5,560.0,37.449999809265,28.150000095367,1.7808489498946882
2004-08-01 13:00:00,2004-08-01,13:00:00,0.5,856.75,3.546804176479148,685.0,24.0,1055.25,33.0,1331.0,450.5,39.249999046326,20.224999904633,1.4103994351894538
2004-08-01 14:00:00,2004-08-01,14:00:00,0.6,823.5,3.512547535780659,683.0,34.0,1118.75,42.0,1270.0,393.0,38.074999809265,18.549999713898,1.2140519972556731
2004-08-01 15:00:00,2004-08-01,15:00:00,0.7,868.25,3.93741727766051,707.25,63.0,1063.25,85.0,1324.75,416.5,40.175000190735,17.724999904633,1.2989449172496554
2004-08-01 16:00:00,2004-08-01,16:00:00,0.9,907.5,4.697393749776276,748.0,69.0,1019.5,92.0,1373.25,451.25,39.724999427795,19.075000286102,1.3645854820790355
2004-08-01 17:00:00,2004-08-01,17:00:00,0.9,912.25,5.257451382616683,776.25,61.0,990.75,84.0,1378.5,460.5,38.5,19.800000190735,1.3260233642282444
2004-08-01 18:00:00,2004-08-01,18:00:00,1.2,986.0,6.385320090079159,829.5,73.0,906.0,100.0,1482.0,536.0,36.599998474121,24.625,1.4872246264668068
2004-08-01 19:00:00,2004-08-01,19:00:00,1.4,1037.25,8.013772987090615,899.75,75.0,816.75,95.0,1583.75,618.5,33.050001144409,32.650000095367,1.6200369304583584
2004-08-01 20:00:00,2004-08-01,20:00:00,1.5,1087.5,9.209452844252333,947.5,69.0,742.75,77.0,1667.25,765.5,30.650000095367,38.724999427795,1.6780120924051392
2004-08-01 21:00:00,2004-08-01,21:00:00,1.7,1093.25,9.125830725364114,944.25,71.0,710.75,85.0,1655.0,784.75,29.5,42.675000190735,1.731622049238859
2004-08-01 22:00:00,2004-08-01,22:00:00,1.7,1142.0,9.132251648807031,944.5,73.0,681.5,83.0,1736.0,793.25,27.849999904633,52.575000762939,1.9397783115289668
2004-08-01 23:00:00,2004-08-01,23:00:00,1.7,1169.75,9.514487084856562,959.25,86.0,666.25,88.0,1797.5,837.75,27.449999809265,55.474999427795,1.9998067518476943
2004-08-02 00:00:00,2004-08-02,00:00:00,1.9,1141.75,9.132251648807031,944.5,65.0,671.75,68.0,1774.5,798.5,27.324999332428,57.074999809265,2.0425865660729747
2004-08-02 01:00:00,2004-08-02,01:00:00,1.2,986.25,4.966629440466607,761.75,74.0,821.25,97.0,1572.5,552.75,26.650000095367,60.074999809265,2.066995770051054
2004-08-02 02:00:00,2004-08-02,02:00:00,0.7,941.5,3.742131221611116,696.25,45.0,916.25,51.0,1541.5,464.5,26.150000095367,61.574999809265,2.057511007441752
2004-08-02 03:00:00,2004-08-02,03:00:00,0.3,881.75,2.152285949452151,595.25,23.5,1096.5,28.0,1462.75,406.25,25.525000095367,62.824999809265,2.0236029492489718
2004-08-02 04:00:00,2004-08-02,04:00:00,0.2,854.0,1.600709989625091,553.0,2.0,1203.25,5.0,1417.5,395.75,25.474999904633,61.75,1.9831304584233664
2004-08-02 05:00:00,2004-08-02,05:00:00,0.4,910.0,2.6608875776716525,630.25,29.0,1060.75,35.0,1504.25,467.75,25.10000038147,62.39999961853,1.960183150786224
2004-08-02 06:00:00,2004-08-02,06:00:00,0.8,1005.0,5.555299079715608,790.75,42.0,829.25,56.0,1649.75,638.0,24.625000476837,62.724999427795,1.9158218453902955
2004-08-02 07:00:00,2004-08-02,07:00:00,1.9,1193.25,13.03240060277446,1084.75,146.0,610.0,110.0,1947.25,1096.5,25.675000190735,58.949999809265,1.915620561150855
2004-08-02 09:00:00,2004-08-02,09:00:00,1.9,1179.75,11.475224454288908,1031.25,163.0,633.25,124.0,1866.0,1067.0,28.425000190735,50.674999237061,1.932914693769532
2004-08-02 10:00:00,2004-08-02,10:00:00,1.9,1133.5,11.081746852795824,1017.25,144.0,688.75,115.0,1774.25,963.5,32.699998855591,36.89999961853,1.7953330566189554
2004-08-02 11:00:00,2004-08-02,11:00:00,1.9,1113.0,10.970401144780768,1013.25,125.0,702.25,119.0,1780.75,902.75,34.025000572205,32.724999904633,1.714595046963443
2004-08-02 12:00:00,2004-08-02,12:00:00,1.7,1084.0,10.707879077577324,1003.75,90.0,705.5,107.0,1760.5,838.5,35.575000762939,29.224999904633,1.668440645545257
2004-08-02 13:00:00,2004-08-02,13:00:00,1.4,1009.25,8.52465200763202,920.5,76.0,778.25,99.0,1635.25,692.25,37.074999809265,25.60000038147,1.5867675355853332
2004-08-02 14:00:00,2004-08-02,14:00:00,1.2,1001.75,8.712610043859888,928.0,73.0,798.25,95.0,1636.25,629.0,36.125,26.35000038147,1.5505057215301792
2004-08-02 15:00:00,2004-08-02,15:00:00,1.4,1006.5,9.436203325826618,956.25,73.0,763.25,105.0,1654.25,665.5,37.875,23.775000095367,1.5392248275052136
2004-08-02 16:00:00,2004-08-02,16:00:00,1.4,995.75,9.494890297408064,958.5,80.0,778.75,117.0,1636.25,683.5,37.974999427795,22.249999523163,1.4483322755433954
2004-08-02 17:00:00,2004-08-02,17:00:00,1.9,1050.0,12.935403223060518,1081.5,121.0,704.5,157.0,1731.0,815.5,36.875,22.650000095367,1.3886706106841342
2004-08-02 18:00:00,2004-08-02,18:00:00,2.2,1099.75,13.689467888468911,1106.5,129.0,675.5,173.0,1801.25,875.5,35.5,25.724999904633,1.4625699068213511
2004-08-02 19:00:00,2004-08-02,19:00:00,1.9,1084.5,12.221434672355231,1057.25,103.0,689.0,139.0,1775.25,835.5,32.800001144409,32.249999046326,1.5779221157381058
2004-08-02 20:00:00,2004-08-02,20:00:00,1.7,1078.75,11.767009701937964,1041.5,87.0,696.75,116.0,1773.25,845.5,30.450000286102,38.224999427795,1.637593017150135
2004-08-02 21:00:00,2004-08-02,21:00:00,1.2,1085.75,9.896737361674324,973.75,58.0,706.5,91.0,1732.75,794.75,28.824999809265,43.52499961853,1.6989269797316904
2004-08-02 22:00:00,2004-08-02,22:00:00,0.3,1091.75,10.72850589717818,1004.5,64.0,669.25,98.0,1746.25,836.0,28.025000095367,46.175000190735,1.721005305192369
2004-08-02 23:00:00,2004-08-02,23:00:00,0.1,1096.75,9.42969212863617,956.0,58.0,707.75,93.0,1723.5,817.75,27.050000190735,49.400000572205,1.739837635849511
2004-08-03 00:00:00,2004-08-03,00:00:00,0.1,1074.5,8.105103157913927,903.5,44.0,720.0,74.0,1692.25,776.75,26.400000095367,52.224999427795,1.7708245266076668
2004-08-06 05:00:00,2004-08-06,05:00:00,0.7,938.25,4.425146462846976,733.75,65.0,846.75,57.0,1607.0,946.75,21.449999809265,75.5,1.9068622387902507
2004-08-06 06:00:00,2004-08-06,06:00:00,1.2,1065.25,7.748421496443901,888.75,94.0,722.25,56.0,1760.25,1081.0,21.875,74.850002288818,1.9396178436319829
2004-08-06 07:00:00,2004-08-06,07:00:00,2.3,1239.5,13.552393299818334,1102.0,205.0,588.0,72.0,1988.5,1256.5,22.0,75.89999961853,1.98170956541226
2004-08-06 08:00:00,2004-08-06,08:00:00,3.0,1307.25,19.061891730527957,1270.0,240.0,515.5,84.0,2191.0,1403.75,22.525000095367,74.925001144409,2.0190405512196103
2004-08-06 09:00:00,2004-08-06,09:00:00,2.9,1228.75,16.272913223148343,1188.0,237.0,556.75,97.0,2033.25,1412.0,24.450000286102,66.199999809265,2.0010998573822025
2004-08-06 10:00:00,2004-08-06,10:00:00,2.6,1220.0,14.150622610386955,1121.5,245.0,600.75,107.0,1974.25,1428.0,25.599999427795,61.22500038147,1.980790317239009
2004-08-06 11:00:00,2004-08-06,11:00:00,2.6,1218.25,15.621359219570662,1168.0,206.0,607.0,117.0,2000.25,1450.75,29.275000095367,48.350001335144,1.936733578020887
2004-08-06 12:00:00,2004-08-06,12:00:00,2.6,1170.5,14.383638648088446,1129.0,156.0,630.75,120.0,1911.0,1346.25,33.549999237061,36.049999237061,1.8394538838683976
2004-08-06 13:00:00,2004-08-06,13:00:00,2.1,1066.75,10.4752925410855,995.25,126.0,716.5,110.0,1729.75,1092.75,35.625,29.775000095367,1.704528080783003
2004-08-06 14:00:00,2004-08-06,14:00:00,1.7,1053.75,10.204454244911034,985.25,108.0,735.0,104.0,1741.75,939.75,33.699999809265,33.400000095367,1.718561171689951
2004-08-06 15:00:00,2004-08-06,15:00:00,1.9,1051.0,10.680402981289363,1002.75,102.0,711.25,110.0,1715.0,909.25,34.074999809265,33.325000286102,1.7508958985004088
2004-08-06 16:00:00,2004-08-06,16:00:00,2.5,1102.75,11.58872019508255,1035.25,110.0,672.0,111.0,1833.75,1004.5,31.525000572205,43.47500038147,1.9797122204192168
2004-08-06 17:00:00,2004-08-06,17:00:00,1.1,969.75,7.880621095138315,894.25,57.0,761.0,64.0,1649.25,756.0,32.474999904633,40.550000190735,1.948139997370358
2004-08-06 18:00:00,2004-08-06,18:00:00,2.1,1100.25,11.66702460019206,1038.0,109.0,668.25,92.0,1873.25,1080.0,29.77499961853,45.22500038147,1.8642271774187693
2004-08-06 19:00:00,2004-08-06,19:00:00,2.6,1129.25,14.626124333097598,1136.75,151.0,606.25,114.0,1951.5,1219.75,27.650000095367,49.875,1.8189385856772329
2004-08-06 20:00:00,2004-08-06,20:00:00,2.6,1125.5,13.152205818323605,1088.75,153.0,620.25,116.0,1886.0,1207.5,26.35000038147,54.60000038147,1.8459448427952887
2004-08-06 21:00:00,2004-08-06,21:00:00,1.7,1018.5,9.823748670124626,971.0,103.0,691.75,94.0,1759.75,1057.25,25.47500038147,57.950000762939,1.86109173774175
2004-08-06 22:00:00,2004-08-06,22:00:00,1.5,1010.5,8.76933794439815,930.25,76.0,727.5,77.0,1722.75,1008.75,25.075000286102,59.925000190735,1.8796591190963492
2004-08-06 23:00:00,2004-08-06,23:00:00,1.8,1038.75,10.366594317711751,991.25,93.0,684.5,74.0,1819.5,1087.75,24.125000476837,63.500000953674,1.882809854089888
2004-08-07 00:00:00,2004-08-07,00:00:00,1.4,973.75,8.499723066346661,919.5,75.0,717.75,62.0,1755.0,1061.5,23.799999713898,64.974999427795,1.8896553453447693
2004-08-07 01:00:00,2004-08-07,01:00:00,1.2,924.75,6.423963037079952,831.25,57.0,789.25,57.0,1662.0,974.75,23.400000095367,64.900000572205,1.842984677422283
2004-08-07 02:00:00,2004-08-07,02:00:00,0.7,810.0,3.3643452265751663,674.25,32.0,975.5,45.0,1530.0,793.0,24.449999809265,58.60000038147,1.7713663055651492
2004-08-07 03:00:00,2004-08-07,03:00:00,0.6,800.25,2.615500324411001,627.25,37.0,1032.25,47.0,1519.25,786.75,23.324999809265,63.299999237061,1.789514569384235
2004-08-07 04:00:00,2004-08-07,04:00:00,0.7,812.5,2.881003344747363,644.5,42.0,989.75,49.0,1530.0,802.25,21.900000095367,67.10000038147,1.7414133752478942
2004-08-07 05:00:00,2004-08-07,05:00:00,0.5,787.75,2.275117264830333,604.0,37.0,1067.75,45.0,1506.75,753.5,23.60000038147,61.200000762939,1.7587803407015583
2004-08-07 06:00:00,2004-08-07,06:00:00,0.6,815.0,3.2891897227614906,669.75,44.0,970.5,44.0,1538.0,774.25,22.574999809265,63.399998664856,1.713608682503936
2004-08-07 07:00:00,2004-08-07,07:00:00,0.9,867.75,5.1412815724,770.5,51.0,839.5,43.0,1607.5,860.0,22.900000572205,62.60000038147,1.7252929950971398
2004-08-07 08:00:00,2004-08-07,08:00:00,1.2,951.25,7.682679548673003,886.0,74.0,742.25,51.0,1705.0,987.75,23.349999427795,61.825000762939,1.7504280249660458
2004-08-07 09:00:00,2004-08-07,09:00:00,2.0,1075.25,10.502542595459966,996.25,115.0,649.25,84.0,1838.0,1113.0,25.400000095367,56.175001144409,1.7961346635462925
2004-08-07 10:00:00,2004-08-07,10:00:00,1.9,1057.5,10.935703959526428,1012.0,109.0,676.25,96.0,1781.75,1062.75,30.599999904633,41.89999961853,1.810431077922035
2004-08-07 11:00:00,2004-08-07,11:00:00,1.7,1011.75,8.369357194834848,914.25,80.0,759.75,88.0,1653.25,858.0,33.500000953674,34.0,1.7300162779989765
2004-08-07 12:00:00,2004-08-07,12:00:00,1.2,929.0,5.972188080819656,810.5,57.0,861.5,67.0,1541.0,641.75,35.549999237061,29.824999332428,1.7003503752582032
2004-08-07 13:00:00,2004-08-07,13:00:00,1.1,901.5,6.020495941265782,812.75,56.0,874.5,64.0,1517.75,587.5,37.5,24.650000095367,1.5636781723110953
2004-08-07 14:00:00,2004-08-07,14:00:00,1.0,835.5,4.731304485603308,749.75,43.0,959.5,54.0,1390.0,483.5,35.124999046326,25.175000190735,1.4019829695548407
2004-08-07 15:00:00,2004-08-07,15:00:00,1.0,857.5,5.257451382616683,776.25,43.0,947.25,56.0,1430.75,498.0,38.125000953674,21.124999523163,1.3863316293690806
2004-08-07 16:00:00,2004-08-07,16:00:00,1.0,886.25,5.801772704966261,802.5,51.0,939.0,68.0,1459.75,537.75,38.52499961853,21.849999427795,1.4652925906408525
2004-08-07 17:00:00,2004-08-07,17:00:00,1.2,973.5,6.462705341030986,833.0,46.0,863.75,67.0,1577.0,565.25,36.825000762939,29.500000476837,1.803709301444932
2004-08-07 18:00:00,2004-08-07,18:00:00,1.6,1007.5,8.375545607247027,914.5,71.0,783.0,95.0,1642.5,671.5,34.89999961853,33.424999713898,1.8384058312338551
2004-08-07 19:00:00,2004-08-07,19:00:00,1.6,990.25,8.319920119759203,912.25,65.0,777.25,86.0,1647.75,688.75,32.174999237061,37.375,1.7655446725390125
2004-08-07 20:00:00,2004-08-07,20:00:00,1.6,980.5,8.437536944416262,917.0,78.0,739.5,93.0,1649.25,713.75,29.675000190735,41.675000190735,1.708086244152597
2004-08-07 21:00:00,2004-08-07,21:00:00,1.3,953.5,6.352276711074662,828.0,51.0,792.75,68.0,1589.25,630.75,27.724999427795,47.35000038147,1.7343830313465067
2004-08-07 22:00:00,2004-08-07,22:00:00,1.9,1030.0,10.285388069339872,988.25,84.0,686.0,95.0,1750.5,828.75,27.25,49.400000572205,1.7602184401295655
2004-08-07 23:00:00,2004-08-07,23:00:00,1.9,1032.5,10.901053644755171,1010.75,89.0,681.0,93.0,1767.75,875.0,26.27499961853,51.25,1.725093354038103
2004-08-08 00:00:00,2004-08-08,00:00:00,1.5,962.75,7.351704652120824,872.0,65.0,767.0,69.0,1617.0,802.5,25.650000095367,54.074999809265,1.7546223677836
2004-08-08 01:00:00,2004-08-08,01:00:00,1.1,917.75,5.844179298793487,804.5,43.0,816.25,55.0,1571.0,758.5,25.424999713898,55.050000190735,1.76275816269754
2004-08-08 02:00:00,2004-08-08,02:00:00,0.8,868.0,4.467671749279885,736.0,32.0,893.5,39.0,1548.0,637.5,24.925000190735,57.324999809265,1.7822424756244704
2004-08-08 03:00:00,2004-08-08,03:00:00,0.9,886.0,4.610672747689357,743.5,27.0,868.75,36.0,1589.5,699.75,24.125,61.849998474121,1.833886323684321
2004-08-08 04:00:00,2004-08-08,04:00:00,0.6,813.25,2.350206890480214,609.25,22.0,1016.5,33.0,1472.5,615.0,23.875,61.175000190735,1.7871029186120817
2004-08-08 05:00:00,2004-08-08,05:00:00,0.6,815.25,2.444611245499507,615.75,21.0,1079.5,29.0,1532.0,595.75,23.849999904633,61.300000190735,1.7880915323552569
2004-08-08 06:00:00,2004-08-08,06:00:00,0.7,814.5,2.6042055597030904,626.5,27.0,1048.5,36.0,1518.0,649.5,23.375,61.700000762939,1.7494994326800168
2004-08-08 07:00:00,2004-08-08,07:00:00,0.6,835.0,2.7719444496798484,637.5,31.0,1023.5,38.0,1506.25,655.25,24.325000286102,58.35000038147,1.7507796010048962
2004-08-08 08:00:00,2004-08-08,08:00:00,1.0,920.5,4.505617473756352,738.0,46.0,901.25,47.0,1585.0,779.0,25.125000476837,56.574999809265,1.7798259366447244
2004-08-08 09:00:00,2004-08-08,09:00:00,1.2,963.25,5.206806806608315,773.75,62.0,839.25,64.0,1621.25,758.25,27.299999713898,51.349999427795,1.835031222822656
2004-08-08 10:00:00,2004-08-08,10:00:00,1.0,934.75,4.233619587003934,723.5,43.0,936.0,49.0,1574.25,597.5,29.525000095367,45.925000190735,1.866169724325261
2004-08-08 11:00:00,2004-08-08,11:00:00,1.3,1006.75,4.755590080852426,751.0,53.0,848.5,64.0,1648.75,643.25,27.60000038147,52.400000572205,1.905486851732254
2004-08-08 12:00:00,2004-08-08,12:00:00,1.4,1031.5,4.620274381419234,744.0,87.0,813.25,79.0,1694.5,777.75,25.449999809265,68.000000953674,2.1806393191997318
2004-08-08 13:00:00,2004-08-08,13:00:00,0.8,900.75,3.6157421823428297,689.0,36.0,964.25,45.0,1542.75,522.0,32.150000572205,40.275000572205,1.899859414197525
2004-08-08 14:00:00,2004-08-08,14:00:00,0.6,850.66666666667,2.6117330874452755,627.0,21.0,1129.3333333333,30.0,1433.3333333333,418.66666666667,31.63333384196,38.93333307902,1.7837936799530902
2004-08-08 15:00:00,2004-08-08,15:00:00,0.7,877.0,3.0399028565473483,654.5,27.0,1060.5,35.0,1471.25,443.5,33.000000953674,37.349999427795,1.8480594768587368
2004-08-08 16:00:00,2004-08-08,16:00:00,0.8,908.75,3.633065021681544,690.0,29.0,1038.75,37.0,1488.0,473.5,35.075000762939,32.124999523163,1.784088431135567
2004-08-08 17:00:00,2004-08-08,17:00:00,0.9,907.75,4.068437354625373,714.5,38.0,987.75,46.0,1479.0,495.0,34.999999046326,31.050000190735,1.7172519101633976
2004-08-08 18:00:00,2004-08-08,18:00:00,1.0,925.75,4.991422099648152,763.0,41.0,948.75,54.0,1490.5,504.25,33.800000190735,32.074999332428,1.659611608364035
2004-08-08 19:00:00,2004-08-08,19:00:00,1.5,1010.25,6.518223669074141,835.5,66.0,847.75,79.0,1576.5,616.0,31.125000476837,38.849999427795,1.7294715774200276
2004-08-08 20:00:00,2004-08-08,20:00:00,1.5,1030.5,7.258283586063776,868.0,63.0,798.25,79.0,1634.25,689.5,28.974999904633,46.075000762939,1.814056577169264
2004-08-08 21:00:00,2004-08-08,21:00:00,1.7,1069.5,8.13564455537747,904.75,88.0,745.0,98.0,1701.75,846.25,28.125,50.599999427795,1.896877224351506
2004-08-08 22:00:00,2004-08-08,22:00:00,1.9,1124.0,10.373373792087865,991.5,87.0,659.5,93.0,1791.25,1012.5,27.074999809265,54.675000190735,1.9284267661458312
2004-08-08 23:00:00,2004-08-08,23:00:00,1.7,1066.25,9.016969786956228,940.0,86.0,683.25,89.0,1743.5,977.75,26.60000038147,56.39999961853,1.934888844315962
2004-08-09 00:00:00,2004-08-09,00:00:00,1.2,1001.0,6.529351622974581,836.0,49.0,770.5,57.0,1662.0,820.5,25.77499961853,60.449999809265,1.9759460409544052
2004-08-09 01:00:00,2004-08-09,01:00:00,1.1,967.25,6.259051060090584,823.75,40.0,774.0,51.0,1637.25,862.0,25.5,61.574999809265,1.980423349158931
2004-08-09 02:00:00,2004-08-09,02:00:00,0.8,900.75,4.40159626389495,732.5,27.0,888.0,39.0,1604.5,755.0,24.85000038147,63.47500038147,1.9647162203952904
2004-08-09 03:00:00,2004-08-09,03:00:00,0.5,834.75,2.775808488627036,637.75,42.5,996.5,42.5,1525.5,714.75,24.275000095367,65.099999427795,1.9475237963147425
2004-08-09 05:00:00,2004-08-09,05:00:00,0.7,895.5,3.698339727006534,693.75,58.0,940.75,46.0,1582.75,853.25,23.174999713898,67.97500038147,1.904525661592113
2004-08-09 06:00:00,2004-08-09,06:00:00,1.2,996.0,7.357560374878767,872.25,87.0,755.75,55.0,1727.25,989.75,23.249999523163,67.474998474121,1.89901301855135
2004-08-09 07:00:00,2004-08-09,07:00:00,2.3,1159.25,15.084439927126038,1151.25,143.0,578.5,63.0,2004.75,1206.25,24.275000572205,63.275000572205,1.89292740241948
2004-08-09 08:00:00,2004-08-09,08:00:00,2.5,1184.75,15.108309746474148,1152.0,96.0,578.0,42.0,2002.75,1274.0,25.500000476837,59.675001144409,1.9193141585291005
2004-08-09 09:00:00,2004-08-09,09:00:00,2.4,1167.5,14.665396695794612,1138.0,16.0,585.0,5.0,1945.75,1336.25,27.650000095367,52.474999427795,1.9137604259169327
2004-08-09 10:00:00,2004-08-09,10:00:00,1.4,1043.75,9.797264454790868,970.0,54.0,714.75,39.0,1751.25,1068.25,31.824999809265,38.875,1.8005116935495666
2004-08-09 11:00:00,2004-08-09,11:00:00,1.2,982.5,7.953131497568524,897.25,42.0,800.0,39.0,1608.25,803.75,32.674999237061,34.14999961853,1.6592042259347457
2004-08-09 12:00:00,2004-08-09,12:00:00,1.6,1031.75,8.301413416761816,911.5,72.0,763.5,71.0,1661.25,825.75,34.300000190735,31.47500038147,1.6745120272243024
2004-08-09 13:00:00,2004-08-09,13:00:00,1.4,1018.5,7.748421496443901,888.75,54.0,786.75,65.0,1629.75,745.25,34.224999427795,31.474999904633,1.6675480064771908
2004-08-09 14:00:00,2004-08-09,14:00:00,1.2,981.75,6.70849793298091,844.0,52.0,834.5,71.0,1566.75,638.25,33.875,32.349999904633,1.680850179819785
2004-08-09 15:00:00,2004-08-09,15:00:00,1.5,1016.25,7.545991665728901,880.25,64.0,782.5,72.0,1616.5,683.75,34.35000038147,31.875,1.7005086090748682
2004-08-09 16:00:00,2004-08-09,16:00:00,1.4,1031.26666666666,7.762564812462337,889.133333333334,70.0,772.0,76.0,1630.2,751.06666666666,33.4333337148032,33.8333333333334,1.7037528283267545
2004-08-09 17:00:00,2004-08-09,17:00:00,1.5,1046.2833333333201,7.979137959195771,898.016666666668,65.0,761.5,75.0,1643.9,818.38333333332,32.5166670481364,35.7916666666668,1.7069970475786407
2004-08-09 18:00:00,2004-08-09,18:00:00,1.7,1061.29999999998,8.195711105929206,906.900000000002,80.0,751.0,86.0,1657.6,885.6999999999799,31.6000003814696,37.7500000000002,1.7102412668305271
2004-08-09 19:00:00,2004-08-09,19:00:00,2.2,1076.31666666664,8.412284252662642,915.783333333336,88.0,740.5,96.0,1671.3,953.0166666666399,30.6833337148028,39.7083333333336,1.7134854860824134
2004-08-09 20:00:00,2004-08-09,20:00:00,1.9,1091.3333333333,8.628857399396077,924.66666666667,81.0,730.0,95.0,1685.0,1020.3333333333,29.766667048136,41.666666666667,1.7167297053342996
2004-08-09 21:00:00,2004-08-09,21:00:00,1.6,1109.25,9.652146550765297,964.5,59.0,695.5,74.0,1741.75,1099.5,28.775000095367,45.949999809265,1.788425214569656
2004-08-09 22:00:00,2004-08-09,22:00:00,1.5,1097.75,9.119411727391192,944.0,69.0,686.75,76.0,1771.5,1086.0,28.199999809265,51.050000190735,1.9220665252694535
2004-08-09 23:00:00,2004-08-09,23:00:00,1.4,1087.75,9.132251648807031,944.5,58.0,673.5,66.0,1764.5,1059.75,27.525000095367,54.424999237061,1.970523407234727
2004-08-10 00:00:00,2004-08-10,00:00:00,1.0,1034.75,7.049951745139518,859.0,33.0,731.75,49.0,1679.75,995.5,27.449999809265,55.0,1.982683595964392
2004-08-10 01:00:00,2004-08-10,01:00:00,0.7,941.75,4.897490221739576,758.25,17.0,824.25,29.0,1567.25,856.0,28.074999809265,51.550000190735,1.9269075597171552
2004-08-10 02:00:00,2004-08-10,02:00:00,0.5,901.5,3.4656763020974166,680.25,6.0,919.0,11.0,1535.25,722.25,26.27499961853,56.52499961853,1.9026517303206325
2004-08-10 03:00:00,2004-08-10,03:00:00,0.5,918.5,3.870366897754184,703.5,13.0,860.75,18.0,1603.0,859.75,24.425000190735,64.975001335144,1.9611610187834612
2004-08-10 04:00:00,2004-08-10,04:00:00,0.5,874.75,3.2106455804355614,665.0,20.0,919.0,25.0,1558.5,772.25,24.449999809265,63.574998855591,1.9217510258711
2004-08-10 05:00:00,2004-08-10,05:00:00,0.7,927.0,4.682892421913301,747.25,58.0,830.25,34.0,1632.75,909.75,23.549999713898,67.374998092651,1.9304732720822708
2004-08-10 06:00:00,2004-08-10,06:00:00,1.2,1031.5,7.599353631659464,882.5,106.0,717.5,42.0,1741.5,1051.25,23.449999809265,65.72500038147,1.8719922883301143
2004-08-10 07:00:00,2004-08-10,07:00:00,2.2,1193.25,14.696846905473556,1139.0,143.0,563.25,47.0,2009.25,1257.25,24.450000286102,61.27499961853,1.8522264856649449
2004-08-10 08:00:00,2004-08-10,08:00:00,2.9,1268.25,18.676873891519502,1259.0,167.0,518.5,62.0,2113.75,1410.25,26.049999713898,55.800000190735,1.853639293872669
2004-08-10 09:00:00,2004-08-10,09:00:00,2.6,1237.75,14.846627436024868,1143.75,188.0,564.75,81.0,1939.25,1432.75,28.525000095367,48.5,1.8606616950424408
2004-08-10 10:00:00,2004-08-10,10:00:00,2.6,1229.5,14.492934294116354,1132.5,164.0,603.5,90.0,1908.75,1413.25,33.550000190735,35.724999427795,1.8228708415515105
2004-08-10 11:00:00,2004-08-10,11:00:00,2.2,1161.25,12.720138818767603,1074.25,128.0,646.0,95.0,1776.75,1206.0,36.5,28.900000095367,1.7358833703374397
2004-08-10 12:00:00,2004-08-10,12:00:00,1.5,1048.0,9.23524812530208,948.5,88.0,763.5,86.0,1607.25,830.5,39.025000572205,23.724999904633,1.6345508224121696
2004-08-10 13:00:00,2004-08-10,13:00:00,0.9,929.25,4.775056710975748,752.0,51.0,954.5,64.0,1385.0,544.0,38.775000572205,23.674999713898,1.6092638613578705
2004-08-10 14:00:00,2004-08-10,14:00:00,1.0,950.0,5.384975875149092,782.5,52.0,914.0,62.0,1443.0,524.5,38.049999237061,24.0,1.5686135367661478
2004-08-10 15:00:00,2004-08-10,15:00:00,1.1,1012.75,7.159582352292757,863.75,59.0,818.75,75.0,1544.25,644.25,40.52499961853,23.324999809265,1.7415957285970405
2004-08-10 16:00:00,2004-08-10,16:00:00,1.2,1033.5,6.719763165176905,844.5,67.0,841.25,88.0,1565.75,701.5,39.75,25.425000190735,1.821291803308232
2004-08-10 17:00:00,2004-08-10,17:00:00,1.8,1081.5,9.652146550765297,964.5,105.0,760.0,126.0,1648.75,843.5,39.575000762939,23.300000190735,1.6534688726683031
2004-08-10 18:00:00,2004-08-10,18:00:00,1.8,1110.0,10.935703959526428,1012.0,91.0,720.25,96.0,1724.75,905.0,38.77499961853,24.674999713898,1.6772369062170978
2004-08-10 19:00:00,2004-08-10,19:00:00,1.7,1117.75,10.56396553223368,998.5,69.0,705.5,79.0,1766.0,878.25,34.700000762939,35.899998664856,1.9527870031002432
2004-08-10 20:00:00,2004-08-10,20:00:00,1.7,1135.75,9.724590097455224,967.25,65.0,702.5,67.0,1800.75,926.75,32.27499961853,43.574998855591,2.0700480660462883
2004-08-10 21:00:00,2004-08-10,21:00:00,1.6,1105.5,8.599625488406302,923.5,58.0,725.0,62.0,1756.5,909.5,30.650000095367,48.050000190735,2.082078309916028
2004-08-10 22:00:00,2004-08-10,22:00:00,1.7,1151.0,10.157368780317263,983.5,67.0,678.0,64.0,1822.75,1023.75,29.474999904633,50.574998855591,2.0492406253496056
2004-08-10 23:00:00,2004-08-10,23:00:00,1.8,1144.25,10.529822826107193,997.25,64.0,669.25,63.0,1816.0,1021.25,28.824999332428,52.0,2.0297346650079167
2004-08-11 00:00:00,2004-08-11,00:00:00,1.5,1118.25,8.76933794439815,930.25,65.0,697.25,60.0,1747.5,1026.5,28.175000190735,55.049999237061,2.0696747958394504
2004-08-11 01:00:00,2004-08-11,01:00:00,1.2,1065.75,6.590699947825004,838.75,47.0,739.5,49.0,1699.5,992.5,27.199999809265,59.10000038147,2.0997290683487915
2004-08-11 02:00:00,2004-08-11,02:00:00,0.8,990.5,5.287938393096692,777.75,29.0,796.75,36.0,1665.25,909.5,26.724999427795,60.699999809265,2.0976693611535504
2004-08-11 03:00:00,2004-08-11,03:00:00,0.5,905.75,2.95999851325686,649.5,22.5,961.0,30.0,1580.75,767.5,26.924999713898,60.274998664856,2.1074359434007097
2004-08-11 04:00:00,2004-08-11,04:00:00,0.5,903.25,3.157371816589352,661.75,16.0,932.0,24.0,1589.5,760.0,26.449999809265,61.550001144409,2.0931277514051776
2004-08-11 05:00:00,2004-08-11,05:00:00,0.7,941.0,3.546804176479148,685.0,50.0,895.0,32.0,1631.75,834.25,25.949999809265,63.64999961853,2.1020402083907213
2004-08-11 06:00:00,2004-08-11,06:00:00,1.1,1073.6666666667,7.211764180499058,866.0,78.0,717.0,42.0,1768.0,1075.3333333333,26.06666692098,63.666666666667,2.1170334653200427
2004-08-11 07:00:00,2004-08-11,07:00:00,1.4,1113.5,9.468788047958288,957.5,89.0,663.25,42.0,1835.75,1166.5,26.800000190735,60.525000572205,2.100800282550735
2004-08-11 08:00:00,2004-08-11,08:00:00,1.7,1161.75,11.130611270278596,1019.0,97.0,622.25,51.0,1904.0,1177.5,27.874999523163,56.549999237061,2.089462809927818
2004-08-11 09:00:00,2004-08-11,09:00:00,1.8,1164.5,9.704809865547722,966.5,93.0,651.0,58.0,1824.75,1120.0,29.75,51.14999961853,2.105448062861967
2004-08-11 10:00:00,2004-08-11,10:00:00,1.8,1179.0,9.462267272690143,957.25,105.0,679.75,67.0,1818.5,1130.75,33.625,40.974999427795,2.09952233043519
2004-08-11 11:00:00,2004-08-11,11:00:00,1.7,1143.5,8.326092924802344,912.5,89.0,714.5,68.0,1781.75,972.0,35.050000190735,38.125,2.1143793804722746
2004-08-11 12:00:00,2004-08-11,12:00:00,1.3,1066.0,6.025873720736165,813.0,63.0,791.75,56.0,1657.25,764.0,36.175000190735,34.875000953674,2.057779762545392
2004-08-11 13:00:00,2004-08-11,13:00:00,1.3,1056.25,5.79119163455987,802.0,52.0,823.75,47.0,1620.25,670.0,38.025000572205,30.675000190735,2.0021682842131243
2004-08-11 14:00:00,2004-08-11,14:00:00,1.0,995.0,5.101134317941586,768.5,48.0,881.5,46.0,1575.75,615.25,36.599999427795,30.824999809265,1.8616731459886855
2004-08-11 15:00:00,2004-08-11,15:00:00,1.0,966.75,4.538932154052378,739.75,50.0,925.75,50.0,1525.75,557.25,38.77499961853,25.424999713898,1.728216751981972
2004-08-11 16:00:00,2004-08-11,16:00:00,1.4,1048.25,6.585112722073304,838.5,80.0,845.25,65.0,1607.25,699.75,38.675000190735,25.77499961853,1.742574408285679
2004-08-11 17:00:00,2004-08-11,17:00:00,1.6,1091.5,8.038084550565204,900.75,78.0,777.25,69.0,1691.0,734.25,37.400000572205,29.875,1.8848399359222203
2004-08-11 18:00:00,2004-08-11,18:00:00,1.4,1056.0,7.611233611346394,883.0,64.0,798.5,63.0,1671.5,683.75,36.22500038147,31.050000190735,1.8371211695217973
2004-08-11 19:00:00,2004-08-11,19:00:00,1.7,1100.25,10.117083726005204,982.0,84.0,720.25,69.0,1760.25,822.75,33.750000953674,34.474999427795,1.7788267659867538
2004-08-11 20:00:00,2004-08-11,20:00:00,1.4,1056.5,7.766392552688361,889.5,72.0,777.5,57.0,1700.5,800.5,31.374999523163,40.699999809265,1.8376798828473584
2004-08-11 21:00:00,2004-08-11,21:00:00,1.5,1067.75,8.425123087441506,916.5,70.0,735.5,59.0,1727.5,915.75,30.849999904633,45.02499961853,1.973313331576685
2004-08-11 22:00:00,2004-08-11,22:00:00,1.4,1050.25,7.7005854842460435,886.75,59.0,770.25,54.0,1695.5,820.0,29.425000190735,49.950000762939,2.0181213531902715
2004-08-11 23:00:00,2004-08-11,23:00:00,1.5,1073.5,7.640968165500885,884.25,63.0,764.0,57.0,1725.5,838.25,28.125,54.124999046326,2.029021326482983
2004-08-12 00:00:00,2004-08-12,00:00:00,1.6,1053.0,7.886652812465704,894.5,58.0,744.75,46.0,1726.5,882.0,27.300000190735,57.77499961853,2.064633540814028
2004-08-12 01:00:00,2004-08-12,01:00:00,1.2,1003.25,6.29188712636252,825.25,68.0,793.5,65.0,1716.0,800.5,26.724999427795,60.60000038147,2.094213582957873
2004-08-12 02:00:00,2004-08-12,02:00:00,0.9,932.5,3.817080483026031,700.5,57.0,906.0,62.0,1638.0,689.5,25.89999961853,64.52499961853,2.1246909707324746
2004-08-12 03:00:00,2004-08-12,03:00:00,0.6,868.5,2.422685018412186,614.25,52.0,1000.5,49.5,1565.25,674.0,25.625,63.474999427795,2.056606416955655
2004-08-12 05:00:00,2004-08-12,05:00:00,0.7,930.5,4.192061415723198,721.25,47.0,888.0,37.0,1651.25,798.5,25.825000286102,64.649997711182,2.1194502256783325
2004-08-12 06:00:00,2004-08-12,06:00:00,0.7,921.0,4.496118217071737,737.5,39.0,892.75,41.0,1623.0,818.25,26.474999427795,60.574999809265,2.0629857096402184
2004-08-12 07:00:00,2004-08-12,07:00:00,1.7,1139.25,10.956516647621989,1012.75,87.0,672.25,60.0,1931.5,1033.75,26.400000572205,61.72500038147,2.092946842090887
2004-08-12 08:00:00,2004-08-12,08:00:00,2.2,1205.0,14.05015325074239,1118.25,122.0,585.0,65.0,2019.0,1188.75,27.500000476837,60.074999809265,2.1719321168014907
2004-08-12 09:00:00,2004-08-12,09:00:00,1.9,1125.5,9.45574841264837,957.0,122.0,694.0,71.0,1840.5,1033.5,29.35000038147,53.10000038147,2.1361786927009403
2004-08-12 10:00:00,2004-08-12,10:00:00,1.5,1066.25,6.946757178144978,854.5,101.0,802.75,61.0,1711.75,928.75,33.400000095367,39.875,2.017650472242843
2004-08-12 11:00:00,2004-08-12,11:00:00,1.6,1069.0,7.223382076068705,866.5,92.0,785.25,65.0,1716.5,879.5,33.224999427795,39.200000762939,1.9641830498620856
2004-08-12 12:00:00,2004-08-12,12:00:00,1.3,974.75,5.487932183616301,787.5,70.0,850.5,54.0,1629.25,701.0,34.474999427795,35.10000038147,1.885598820732765
2004-08-12 13:00:00,2004-08-12,13:00:00,1.1,955.0,5.056129143379375,766.25,58.0,897.5,58.0,1596.5,620.25,37.099999427795,30.549999713898,1.896168352918682
2004-08-12 14:00:00,2004-08-12,14:00:00,1.0,949.25,5.01129410974165,764.0,44.0,898.0,56.0,1578.75,572.5,35.925000190735,32.125,1.8696675176001285
2004-08-12 15:00:00,2004-08-12,15:00:00,1.0,941.25,5.576097817863698,791.75,44.0,896.75,60.0,1581.75,544.25,37.250000953674,28.02499961853,1.7537330103552948
2004-08-12 16:00:00,2004-08-12,16:00:00,1.1,941.5,5.743678765887553,799.75,52.0,877.0,69.0,1567.25,581.0,38.10000038147,26.324999809265,1.7252432077512114
2004-08-12 17:00:00,2004-08-12,17:00:00,1.3,974.0,6.963911210659508,855.25,53.0,835.75,67.0,1607.0,610.0,37.075000762939,27.174999713898,1.6843909737021698
2004-08-12 18:00:00,2004-08-12,18:00:00,1.5,1011.5,8.123422119877722,904.25,65.0,793.5,79.0,1653.0,695.25,35.224999427795,31.22500038147,1.7485362821369257
2004-08-12 19:00:00,2004-08-12,19:00:00,1.6,1017.0,8.744106167164562,929.25,67.0,772.0,86.0,1702.25,708.75,32.075000286102,38.724999427795,1.819038224249105
2004-08-12 20:00:00,2004-08-12,20:00:00,1.5,1006.25,7.910799352772567,895.5,67.0,796.5,79.0,1697.25,735.5,30.275000095367,45.099999427795,1.9129456816649175
2004-08-12 21:00:00,2004-08-12,21:00:00,1.3,1008.25,7.498693453031173,878.25,53.0,792.0,67.0,1690.75,722.0,29.299999713898,50.174999237061,2.0127233199985857
2004-08-12 22:00:00,2004-08-12,22:00:00,1.2,989.25,6.047405304882035,814.0,53.0,845.25,65.0,1657.25,679.75,28.599999904633,53.699999809265,2.069087823856317
2004-08-12 23:00:00,2004-08-12,23:00:00,1.6,1079.75,8.518416854434964,920.25,60.0,739.25,67.0,1760.5,771.75,27.799999713898,57.375,2.1107495776190386
2004-08-13 00:00:00,2004-08-13,00:00:00,1.4,1033.25,6.981083276680047,856.0,60.0,774.0,62.0,1735.75,768.5,27.449999809265,59.350001335144,2.139495892139178
2004-08-13 01:00:00,2004-08-13,01:00:00,1.1,967.75,5.623016070883024,794.0,39.0,835.5,48.0,1687.75,653.75,27.199999809265,59.275000572205,2.105946546945764
2004-08-13 02:00:00,2004-08-13,02:00:00,0.7,853.25,2.5891783027743425,625.5,22.0,1044.5,33.0,1556.5,515.5,26.650000572205,61.049999237061,2.10054255681802
2004-08-13 03:00:00,2004-08-13,03:00:00,0.4,810.25,1.4952565950446082,544.25,14.5,1264.0,22.0,1484.5,446.75,25.97500038147,62.699999809265,2.0737071804655485
2004-08-13 04:00:00,2004-08-13,04:00:00,0.5,816.5,1.6654471775619182,558.25,7.0,1232.0,11.0,1485.25,451.75,25.400000572205,63.125000953674,2.018353417440187
2004-08-13 05:00:00,2004-08-13,05:00:00,0.5,840.25,2.0289899306000905,586.25,25.0,1153.75,34.0,1498.5,492.25,26.124999523163,60.300000190735,2.0119562317132056
2004-08-13 06:00:00,2004-08-13,06:00:00,0.8,940.0,3.9643747977514256,708.75,47.0,955.5,52.0,1640.75,588.0,25.174999713898,67.075000762939,2.1163871706523825
2004-08-13 07:00:00,2004-08-13,07:00:00,1.6,1075.5,8.6058859089994,923.75,101.0,719.5,80.0,1806.0,908.75,25.999999523163,61.925000190735,2.0510820967039627
2004-08-13 08:00:00,2004-08-13,08:00:00,1.6,1085.75,10.096966798243283,981.25,100.0,688.0,86.0,1818.25,1006.5,27.0,57.47500038147,2.018344190817497
2004-08-13 09:00:00,2004-08-13,09:00:00,1.4,1031.25,8.737803066418483,929.0,79.0,758.5,77.0,1722.0,809.25,30.5,44.400000572205,1.907560693896525
2004-08-13 10:00:00,2004-08-13,10:00:00,1.5,1016.0,7.910799352772567,895.5,91.0,766.25,93.0,1704.25,820.0,33.449998855591,35.10000038147,1.781006619040555
2004-08-13 11:00:00,2004-08-13,11:00:00,1.2,952.75,5.770054202900989,801.0,83.0,867.5,109.0,1572.5,656.5,35.749999046326,29.0,1.671625852558487
2004-08-13 12:00:00,2004-08-13,12:00:00,1.1,917.5,5.303210072458306,778.5,65.0,896.0,89.0,1537.25,551.0,35.849999427795,27.675000190735,1.6040501907792222
2004-08-13 13:00:00,2004-08-13,13:00:00,0.8,892.0,4.238247947117017,723.75,55.0,970.5,71.0,1490.0,511.25,36.300000190735,27.375,1.6263607510323443
2004-08-13 14:00:00,2004-08-13,14:00:00,0.7,840.75,3.347581466611277,673.25,40.0,1061.0,56.0,1394.25,450.75,33.550000190735,28.800000190735,1.4695222232396568
2004-08-13 15:00:00,2004-08-13,15:00:00,0.7,799.25,3.959876432723153,708.5,48.0,1077.75,68.0,1332.0,461.75,35.150000572205,20.47500038147,1.14181853746434
2004-08-13 16:00:00,2004-08-13,16:00:00,0.7,837.5,4.27535240882218,725.75,46.0,1056.0,61.0,1382.25,440.25,34.97500038147,22.400000095367,1.2371432501301065
2004-08-13 17:00:00,2004-08-13,17:00:00,1.0,870.0,4.629884529509057,744.5,54.0,998.25,70.0,1400.25,471.5,33.97500038147,25.150000572205,1.3140480339409162
2004-08-13 18:00:00,2004-08-13,18:00:00,1.0,891.5,5.146309411416802,770.75,55.0,964.75,76.0,1464.5,493.5,32.049999713898,28.150000095367,1.3204341828871404
2004-08-13 19:00:00,2004-08-13,19:00:00,1.2,925.75,5.860115705535284,805.25,60.0,901.25,78.0,1510.75,524.0,29.39999961853,34.449999332428,1.3898827838864511
2004-08-13 20:00:00,2004-08-13,20:00:00,1.1,918.75,5.664861806391042,796.0,62.0,870.25,80.0,1537.75,559.5,28.050000190735,41.125,1.5350047559684303
2004-08-13 21:00:00,2004-08-13,21:00:00,1.0,931.66666666667,4.658766033894581,746.0,51.0,911.66666666667,71.0,1527.6666666667,534.0,26.900000254313,47.533332824707,1.6595189669226886
2004-08-13 22:00:00,2004-08-13,22:00:00,1.2,956.75,5.0711119746790105,767.0,57.0,866.5,74.0,1533.5,577.0,26.550000190735,50.400000572205,1.7240034681756915
2004-08-13 23:00:00,2004-08-13,23:00:00,1.4,993.75,5.881393021131512,806.25,72.0,830.0,90.0,1579.75,674.25,25.949999809265,52.924999237061,1.7478472441807031
2004-08-14 00:00:00,2004-08-14,00:00:00,1.3,984.0,5.633465103186379,794.5,63.0,838.25,78.0,1569.5,675.75,25.425000190735,54.60000038147,1.748348750693404
2004-08-14 01:00:00,2004-08-14,01:00:00,1.0,919.25,4.481885361504611,736.75,49.0,899.0,63.0,1533.75,611.0,25.075000286102,55.700000762939,1.7471341515977017
2004-08-14 02:00:00,2004-08-14,02:00:00,0.6,846.5,2.4776583598193884,618.0,30.0,1074.5,42.0,1442.0,528.75,25.075000286102,55.25,1.7330190404593393
2004-08-14 03:00:00,2004-08-14,03:00:00,0.4,801.75,1.674784556310966,559.0,24.0,1232.25,34.5,1413.5,478.25,24.950000286102,55.97500038147,1.7428439034140903
2004-08-14 04:00:00,2004-08-14,04:00:00,0.4,794.75,1.8014016634528234,569.0,18.0,1178.25,27.0,1425.5,497.25,25.22500038147,55.0,1.7405166982831453
2004-08-14 05:00:00,2004-08-14,05:00:00,0.4,808.75,1.9187037837803504,578.0,22.0,1169.75,29.0,1445.25,513.0,25.575000286102,53.52499961853,1.7291295680642365
2004-08-14 06:00:00,2004-08-14,06:00:00,0.5,834.5,2.5966872968302512,626.0,39.0,1088.0,41.0,1471.25,562.75,24.650000095367,55.949999809265,1.7114234749870794
2004-08-14 07:00:00,2004-08-14,07:00:00,1.1,967.25,6.302848755839772,825.75,68.0,820.5,61.0,1639.25,822.0,24.0,57.200000762939,1.6834551284856016
2004-08-14 08:00:00,2004-08-14,08:00:00,1.2,968.5,6.810174913240995,848.5,84.0,799.75,68.0,1626.0,889.5,25.025000095367,53.174999237061,1.6630151128470192
2004-08-14 09:00:00,2004-08-14,09:00:00,0.9,913.25,4.711914188280806,748.75,54.0,910.5,58.0,1535.0,742.25,28.0,43.425000190735,1.6161680484688448
2004-08-14 10:00:00,2004-08-14,10:00:00,0.9,933.0,4.687724073925867,747.5,51.0,947.5,52.0,1550.75,628.75,31.64999961853,35.474999427795,1.6268764071764108
2004-08-14 11:00:00,2004-08-14,11:00:00,1.0,922.0,4.027580344201121,712.25,52.0,923.75,57.0,1494.0,608.75,34.97500038147,29.0,1.6016586652244509
2004-08-14 12:00:00,2004-08-14,12:00:00,0.8,913.5,4.284650061791204,726.25,44.0,958.5,51.0,1495.5,533.5,35.27499961853,27.625,1.5512199062589374
2004-08-14 13:00:00,2004-08-14,13:00:00,0.8,872.75,3.7949708199494,699.25,47.0,998.75,53.0,1413.25,527.5,36.175000190735,24.124999523163,1.4234819909001946
2004-08-14 14:00:00,2004-08-14,14:00:00,0.7,831.0,3.385350108425627,675.5,37.0,1041.0,49.0,1349.75,463.25,34.799999237061,24.450000286102,1.3373492453485136
2004-08-14 15:00:00,2004-08-14,15:00:00,0.7,839.5,3.551096219905272,685.25,33.0,1051.0,44.0,1339.25,461.75,38.199999809265,19.599999904633,1.2914906966738098
2004-08-14 16:00:00,2004-08-14,16:00:00,0.7,874.0,3.559686944640014,685.75,36.0,1031.75,48.0,1401.5,500.5,38.85000038147,20.25,1.3820373012288418
2004-08-14 17:00:00,2004-08-14,17:00:00,0.7,896.25,3.576894934619673,686.75,33.0,1005.5,46.0,1437.5,492.5,36.949999809265,27.10000038147,1.6683202046424914
2004-08-14 18:00:00,2004-08-14,18:00:00,0.9,963.75,5.106145385761624,768.75,40.0,872.75,56.0,1546.25,571.75,35.175000190735,32.050000190735,1.7897854769856254
2004-08-14 19:00:00,2004-08-14,19:00:00,1.2,1001.25,6.579527516625024,838.25,56.0,800.75,73.0,1613.75,668.25,32.0,38.22500038147,1.787975222383776
2004-08-14 20:00:00,2004-08-14,20:00:00,1.4,1004.75,7.264107476149063,868.25,71.0,778.75,85.0,1632.75,771.0,29.824999809265,41.77499961853,1.7269475281401396
2004-08-14 21:00:00,2004-08-14,21:00:00,1.2,978.75,6.139279509279001,818.25,57.0,797.0,72.0,1589.5,731.5,28.199999809265,45.875,1.727224319633576
2004-08-14 22:00:00,2004-08-14,22:00:00,1.0,935.25,5.211861857678675,774.0,43.0,825.25,53.0,1562.25,686.75,27.14999961853,48.199999809265,1.707491525257095
2004-08-14 23:00:00,2004-08-14,23:00:00,0.9,938.5,4.897490221739576,758.25,40.0,858.25,47.0,1543.5,663.75,26.674999713898,49.474999427795,1.704770367735446
2004-08-15 00:00:00,2004-08-15,00:00:00,0.7,878.25,3.5296581382548093,684.0,26.0,946.5,37.0,1475.0,587.5,26.074999809265,50.849999427795,1.6916823537301724
2004-08-15 01:00:00,2004-08-15,01:00:00,0.5,847.5,2.963972167403005,649.75,24.0,989.25,34.0,1479.25,609.75,25.700000286102,52.474999427795,1.70771960586533
2004-08-15 02:00:00,2004-08-15,02:00:00,0.5,825.5,2.676090587829464,631.25,24.0,1028.0,33.0,1473.0,593.25,24.75,55.424999237061,1.705429651951264
2004-08-15 03:00:00,2004-08-15,03:00:00,0.4,804.25,2.1766195262225123,597.0,21.0,1077.0,30.0,1453.5,566.25,23.800000190735,57.5,1.6722614297755631
2004-08-15 05:00:00,2004-08-15,05:00:00,0.4,784.5,2.38632864280939,611.75,18.0,1054.25,27.0,1443.0,613.75,22.52499961853,61.800001144409,1.6653547266763575
2004-08-15 06:00:00,2004-08-15,06:00:00,0.4,771.5,1.9919360621192284,583.5,19.0,1148.5,27.0,1413.5,565.5,22.724999904633,59.174999237061,1.6138769203283407
2004-08-15 07:00:00,2004-08-15,07:00:00,0.5,795.5,2.5443192057017083,622.5,22.0,1064.0,28.0,1425.0,593.5,23.02499961853,58.424999237061,1.6223272217069336
2004-08-15 08:00:00,2004-08-15,08:00:00,0.7,875.25,3.4954723944380346,682.0,34.0,983.0,36.0,1457.0,610.5,23.924999713898,56.275000572205,1.6488584795431034
2004-08-15 09:00:00,2004-08-15,09:00:00,1.1,954.5,5.977547426091629,810.75,61.0,841.25,59.0,1562.0,758.5,26.299999713898,50.100001335144,1.6888549558446249
2004-08-15 10:00:00,2004-08-15,10:00:00,1.0,937.5,5.293026866602364,778.0,46.0,896.0,56.0,1519.75,699.75,32.14999961853,34.0,1.6038538968193805
2004-08-15 11:00:00,2004-08-15,11:00:00,1.2,953.75,6.302848755839772,825.75,56.0,870.25,70.0,1530.75,691.25,35.825000762939,25.675000190735,1.486084982782973
2004-08-15 12:00:00,2004-08-15,12:00:00,1.1,875.0,4.794557233587375,753.0,31.0,978.25,36.0,1402.0,578.75,38.27499961853,19.75,1.3066710631948186
2004-08-15 13:00:00,2004-08-15,13:00:00,0.6,809.75,3.190110702966785,663.75,11.0,1122.75,17.0,1312.25,478.0,37.25,20.549999713898,1.2859665112731746
2004-08-15 14:00:00,2004-08-15,14:00:00,0.4,746.0,2.566706973107863,624.0,8.0,1226.5,14.0,1209.0,410.0,36.325000762939,18.449999809265,1.0976262040538731
2004-08-15 15:00:00,2004-08-15,15:00:00,0.4,738.25,2.3646274029643117,610.25,14.0,1281.0,24.0,1203.75,404.25,36.849999427795,16.900000095367,1.0347239734022502
2004-08-15 16:00:00,2004-08-15,16:00:00,0.5,771.0,3.0038336209830145,652.25,21.0,1222.75,36.0,1239.25,440.0,37.85000038147,15.925000190735,1.029607221171202
2004-08-15 17:00:00,2004-08-15,17:00:00,0.6,799.25,3.1004256149760825,658.25,26.0,1216.25,43.0,1254.0,460.5,36.724999427795,17.099999904633,1.039839675419833
2004-08-15 18:00:00,2004-08-15,18:00:00,0.8,830.75,3.4359890246922533,678.5,37.0,1142.5,60.0,1291.0,526.25,33.77499961853,21.875,1.1302712630396932
2004-08-15 19:00:00,2004-08-15,19:00:00,1.0,884.75,4.605875124524935,743.25,53.0,1015.75,81.0,1379.0,646.5,32.575000762939,24.599999904633,1.1885163352873012
2004-08-15 20:00:00,2004-08-15,20:00:00,1.1,882.75,4.378099661241634,731.25,56.0,987.5,87.0,1384.0,692.5,30.550000190735,28.425000190735,1.2247074762896268
2004-08-15 21:00:00,2004-08-15,21:00:00,1.1,906.25,5.529347269408193,789.5,51.0,936.25,85.0,1429.5,728.75,29.375,30.5,1.2287566946277422
2004-08-15 22:00:00,2004-08-15,22:00:00,1.6,981.5,8.166234911142775,906.0,79.0,783.5,91.0,1560.75,1002.25,28.449999809265,34.39999961853,1.31402675142956
2004-08-15 23:00:00,2004-08-15,23:00:00,0.9,892.0,5.046151091189926,765.75,38.0,879.75,55.0,1399.25,796.5,28.324999809265,34.14999961853,1.2950937943344951
2004-08-16 00:00:00,2004-08-16,00:00:00,0.7,841.25,3.9959242929204266,710.5,25.0,956.25,42.0,1366.75,684.5,27.800000190735,35.249999046326,1.2968003948605409
2004-08-16 01:00:00,2004-08-16,01:00:00,0.7,859.25,3.676526439069904,692.5,24.0,988.25,43.0,1376.75,710.0,25.349999904633,39.699999809265,1.265629977276036
2004-08-16 02:00:00,2004-08-16,02:00:00,0.5,810.0,3.076155477904867,656.75,11.0,1016.25,20.0,1336.5,629.0,24.5,41.525000572205,1.2589477852817277
2004-08-16 03:00:00,2004-08-16,03:00:00,0.4,759.25,1.756638462509187,565.5,13.5,1175.25,21.5,1266.75,502.75,24.75,39.75,1.2231092394807483
2004-08-16 04:00:00,2004-08-16,04:00:00,0.3,748.5,1.4834002480253918,543.25,16.0,1237.75,23.0,1243.5,461.75,23.349999904633,41.875,1.1855911804078738
2004-08-16 05:00:00,2004-08-16,05:00:00,0.4,765.75,2.448273802348856,616.0,43.0,1163.25,43.0,1306.0,529.75,21.500000476837,45.624999046326,1.155816583183578
2004-08-16 06:00:00,2004-08-16,06:00:00,0.9,864.75,5.400366310442631,783.25,86.0,893.25,68.0,1445.5,838.0,21.349999904633,46.974999427795,1.17926246990968
2004-08-16 07:00:00,2004-08-16,07:00:00,1.3,923.5,8.51218364634849,920.0,92.0,766.75,62.0,1534.25,945.75,22.175000190735,44.97500038147,1.1867197906558435
2004-08-16 08:00:00,2004-08-16,08:00:00,1.6,973.25,10.86645022238897,1009.5,102.0,722.25,65.0,1615.5,1014.0,23.64999961853,40.75,1.1745796227124314
2004-08-16 09:00:00,2004-08-16,09:00:00,2.1,1027.75,11.96086428593333,1048.25,171.0,719.25,93.0,1624.25,1134.5,27.099999904633,32.449999809265,1.146203032415651
2004-08-16 10:00:00,2004-08-16,10:00:00,2.0,979.0,10.58447377011375,999.25,148.0,795.5,110.0,1515.0,1026.5,33.350000858307,20.099999904633,1.0142095838424925
2004-08-16 11:00:00,2004-08-16,11:00:00,1.4,892.25,7.4044776893376385,874.25,119.0,923.25,106.0,1369.25,749.0,35.27499961853,17.0,0.9545968653901152
2004-08-16 12:00:00,2004-08-16,12:00:00,1.4,891.66666666667,7.281591093272267,869.0,71.0,953.33333333333,77.0,1363.0,632.0,37.399998982747,14.733333269755,0.9295388295490524
2004-08-16 13:00:00,2004-08-16,13:00:00,0.9,835.5,4.558016073200626,740.75,53.0,1065.0,60.0,1276.5,478.5,38.550000190735,14.625,0.9820999034844912
2004-08-16 14:00:00,2004-08-16,14:00:00,0.8,824.0,3.950886235587856,708.0,61.0,1090.5,67.0,1255.5,463.0,35.77499961853,17.799999713898,1.027444905070994
2004-08-16 15:00:00,2004-08-16,15:00:00,0.8,825.25,3.848125952943005,702.25,53.0,1076.5,57.0,1267.25,458.0,38.400000572205,16.449999809265,1.0957289777112729
2004-08-16 16:00:00,2004-08-16,16:00:00,1.0,871.0,4.956727116899973,761.25,61.0,1014.5,60.0,1346.0,520.25,39.724999427795,15.325000047684,1.0963183362658584
2004-08-16 17:00:00,2004-08-16,17:00:00,1.3,903.0,6.906801269418972,852.75,72.0,930.0,69.0,1420.0,605.5,38.77499961853,15.75,1.0705767610623484
2004-08-16 18:00:00,2004-08-16,18:00:00,1.3,944.25,6.992541336076682,856.5,67.0,879.5,77.0,1463.25,631.0,35.174999237061,22.324999809265,1.2467069606760048
2004-08-16 19:00:00,2004-08-16,19:00:00,1.3,969.0,6.849891943840394,850.25,70.0,857.0,77.0,1502.75,695.25,31.675000190735,28.224999904633,1.2962231350130655
2004-08-16 20:00:00,2004-08-16,20:00:00,1.6,1005.0,8.481046789922036,918.75,81.0,788.0,87.0,1542.75,870.75,30.425000190735,30.900000095367,1.3218992696710108
2004-08-16 21:00:00,2004-08-16,21:00:00,1.4,971.5,7.97130332309673,898.0,79.0,806.75,88.0,1507.75,878.75,29.5,32.050000190735,1.300491781144395
2004-08-16 22:00:00,2004-08-16,22:00:00,1.3,960.0,5.712096271148231,798.25,73.0,853.5,84.0,1459.25,780.25,28.0,34.89999961853,1.2988892119124795
2004-08-16 23:00:00,2004-08-16,23:00:00,1.0,945.5,5.0711119746790105,767.0,57.0,869.75,65.0,1442.5,728.25,28.150000095367,36.550000190735,1.3721582071746743
2004-08-17 00:00:00,2004-08-17,00:00:00,0.9,958.75,5.467274438558492,786.5,45.0,829.5,54.0,1459.75,820.75,26.5,40.674999237061,1.387284064314971
2004-08-17 01:00:00,2004-08-17,01:00:00,0.6,877.0,3.088280382026013,657.5,25.0,963.75,37.0,1349.25,663.0,28.27499961853,36.699999809265,1.38778359062456
2004-08-17 02:00:00,2004-08-17,02:00:00,0.5,867.0,2.884931454505132,644.75,23.0,1001.25,36.0,1385.25,656.0,25.674999713898,43.800000190735,1.4233109221791949
2004-08-17 03:00:00,2004-08-17,03:00:00,0.5,835.75,2.592931640953135,625.75,20.5,1023.5,32.5,1397.25,638.75,24.299999713898,48.950000762939,1.4665569967197525
2004-08-17 04:00:00,2004-08-17,04:00:00,0.4,820.0,2.1801052689444016,597.25,18.0,1069.25,29.0,1346.25,602.75,24.275000095367,48.299999237061,1.4449370000454744
2004-08-17 05:00:00,2004-08-17,05:00:00,0.4,827.5,2.473977118278611,617.75,23.0,1038.75,25.0,1354.25,559.75,23.625,49.175000190735,1.4153111785300394
2004-08-17 06:00:00,2004-08-17,06:00:00,1.0,928.75,5.560495657617175,791.0,59.0,841.25,41.0,1492.5,788.5,22.150000095367,53.89999961853,1.4200773189474338
2004-08-17 07:00:00,2004-08-17,07:00:00,2.2,1117.5,12.868432241320129,1079.25,135.0,637.75,68.0,1761.25,1144.75,22.52499961853,52.324999809265,1.4100272514895005
2004-08-17 08:00:00,2004-08-17,08:00:00,2.5,1155.25,16.027250694192563,1180.5,167.0,579.75,82.0,1849.5,1302.0,24.300000190735,47.799999237061,1.4321026397481953
2004-08-17 09:00:00,2004-08-17,09:00:00,2.3,1112.25,12.228706894387535,1057.5,190.0,654.25,137.0,1695.0,1297.25,27.324999809265,40.650000572205,1.4547726265426415
2004-08-17 10:00:00,2004-08-17,10:00:00,2.0,1094.0,10.023350836379478,978.5,142.0,716.5,119.0,1632.5,1191.75,33.300000667572,28.199999809265,1.418948908322102
2004-08-18 16:00:00,2004-08-18,16:00:00,1.4,1023.25,7.4103512917057,874.5,83.0,784.75,71.0,1589.5,710.5,36.424999237061,27.125000476837,1.622587687585216
2004-08-18 17:00:00,2004-08-18,17:00:00,1.7,1063.75,9.06812908450501,942.0,94.0,735.0,78.0,1650.0,801.25,36.75,26.249999523163,1.5984287662689256
2004-08-18 18:00:00,2004-08-18,18:00:00,1.5,1042.25,8.908666294895685,935.75,84.0,759.0,72.0,1630.0,769.75,36.449998855591,26.77499961853,1.603846256866286
2004-08-18 19:00:00,2004-08-18,19:00:00,1.7,1059.25,9.196566740238415,947.0,90.0,732.5,74.0,1670.5,813.0,33.324999809265,32.800000190735,1.6527171222205468
2004-08-18 20:00:00,2004-08-18,20:00:00,1.6,1050.25,8.52465200763202,920.5,91.0,743.25,70.0,1682.5,851.25,31.349999904633,39.474999427795,1.779847299898509
2004-08-18 21:00:00,2004-08-18,21:00:00,1.4,1024.75,7.928929906349982,896.25,70.0,738.25,55.0,1693.25,822.5,29.875000476837,44.650000572205,1.851084266962359
2004-08-18 22:00:00,2004-08-18,22:00:00,1.4,1028.5,6.079764050342559,815.5,75.0,803.5,54.0,1623.75,778.25,29.074999809265,48.449999809265,1.918566586838923
2004-08-18 23:00:00,2004-08-18,23:00:00,1.4,1054.5,6.412912052758098,830.75,72.0,769.0,53.0,1685.75,826.75,27.950000286102,52.925000190735,1.964038619096008
2004-08-19 00:00:00,2004-08-19,00:00:00,1.2,1000.5,5.727878238397379,799.0,59.0,800.25,46.0,1641.75,753.0,27.724999904633,53.025000572205,1.942252651161064
2004-08-19 01:00:00,2004-08-19,01:00:00,0.9,935.75,4.354656697172651,730.0,48.0,863.5,38.0,1551.0,725.75,27.674999713898,52.574999809265,1.920191199803784
2004-08-19 02:00:00,2004-08-19,02:00:00,0.6,862.5,2.335824002116313,608.25,41.0,1034.75,30.0,1465.0,596.75,28.324999809265,49.52499961853,1.8781704359250984
2004-08-19 03:00:00,2004-08-19,03:00:00,0.4,834.33333333333,1.7545188674267451,565.33333333333,26.0,1186.6666666667,23.0,1443.6666666667,473.33333333333,28.800000508626,49.033332824707,1.9111821607333104
2004-08-19 04:00:00,2004-08-19,04:00:00,0.5,841.25,1.9154028575292,577.75,11.0,1143.75,16.0,1464.25,463.25,27.724999904633,52.500000953674,1.9230224410724877
2004-08-19 05:00:00,2004-08-19,05:00:00,0.5,871.0,2.371851757653148,610.75,11.0,1077.25,12.0,1494.25,526.0,27.450000286102,52.97500038147,1.9096848575112544
2004-08-19 06:00:00,2004-08-19,06:00:00,0.8,962.0,4.668410213400028,746.5,37.0,861.75,38.0,1605.0,711.75,27.050000667572,54.425000190735,1.9168150849621484
2004-08-19 07:00:00,2004-08-19,07:00:00,1.4,1083.25,7.760400228527269,889.25,72.0,724.5,56.0,1734.0,918.0,27.574999809265,52.14999961853,1.8936450096904405
2004-08-19 08:00:00,2004-08-19,08:00:00,1.2,1060.75,7.7903815648974515,890.5,53.0,721.25,57.0,1697.0,894.0,29.0,48.525001525879,1.9132670734857584
2004-08-19 09:00:00,2004-08-19,09:00:00,1.0,1011.75,6.269988276397668,824.25,31.0,802.5,39.0,1611.75,709.75,30.950000762939,42.900000572205,1.890891237860972
2004-08-19 10:00:00,2004-08-19,10:00:00,1.2,1030.75,6.484888375798436,834.0,47.0,792.5,47.0,1640.0,737.25,32.52499961853,39.39999961853,1.898217950305952
2004-08-19 11:00:00,2004-08-19,11:00:00,1.1,1011.0,6.085164330889835,815.75,33.0,829.75,35.0,1613.75,680.0,36.85000038147,30.924999713898,1.893422489250604
2004-08-19 12:00:00,2004-08-19,12:00:00,1.2,1009.25,6.259051060090584,823.75,35.0,821.75,44.0,1606.0,669.5,36.224999427795,30.599999427795,1.8104960853312853
2004-08-19 13:00:00,2004-08-19,13:00:00,1.1,980.0,5.596929682822607,792.75,32.0,858.25,43.0,1549.25,653.5,37.699999809265,27.724999904633,1.7779732978355427
2004-08-19 14:00:00,2004-08-19,14:00:00,1.0,960.5,5.807066327844245,802.75,23.0,851.75,34.0,1552.0,617.75,37.124999046326,27.150000095367,1.687437794764347
2004-08-19 15:00:00,2004-08-19,15:00:00,1.0,965.75,5.4209160125202605,784.25,27.0,870.25,36.0,1530.25,652.0,39.525000572205,24.325000286102,1.7215784892341952
2004-08-19 16:00:00,2004-08-19,16:00:00,1.2,1021.75,6.810174913240995,848.5,32.0,812.75,44.0,1583.25,732.25,39.875,23.75,1.7127445485286923
2004-08-19 17:00:00,2004-08-19,17:00:00,1.7,1090.5,9.345221010408595,952.75,51.0,723.0,63.0,1687.5,853.25,39.625,24.25,1.7255103635271818
2004-08-19 18:00:00,2004-08-19,18:00:00,1.7,1063.0,8.481046789922036,918.75,46.0,735.0,60.0,1676.25,821.0,37.224999427795,29.10000038147,1.8185239908426092
2004-08-19 19:00:00,2004-08-19,19:00:00,1.7,1116.0,9.332254224116117,952.25,62.0,702.0,66.0,1759.0,894.75,33.875,37.074999809265,1.926353022563588
2004-08-19 20:00:00,2004-08-19,20:00:00,1.7,1100.5,7.4103512917057,874.5,65.0,722.25,68.0,1747.75,927.25,31.624999523163,43.550000190735,1.9943738945940448
2004-08-23 09:00:00,2004-08-23,09:00:00,2.0,1011.0,12.040228960945882,1051.0,111.0,702.0,75.5,1658.75,1087.25,25.275000095367,41.72500038147,1.3243185760527936
2004-08-23 11:00:00,2004-08-23,11:00:00,1.6,936.75,8.203007924916658,907.5,86.0,821.5,83.0,1465.5,825.75,32.925000190735,24.900000572205,1.2268723240651025
2004-08-23 12:00:00,2004-08-23,12:00:00,1.3,902.0,5.90803588370757,807.5,57.0,911.5,64.0,1407.75,632.0,34.375,23.47500038147,1.2541143812153412
2004-08-23 13:00:00,2004-08-23,13:00:00,1.0,860.25,4.6925578499877005,747.75,39.0,954.5,50.0,1344.25,532.0,34.325000762939,22.474999904633,1.1973616481893783
2004-08-23 14:00:00,2004-08-23,14:00:00,0.9,843.25,4.086652431771937,715.5,41.0,1004.5,53.0,1305.0,496.0,33.375,21.625,1.092684041028607
2004-08-23 15:00:00,2004-08-23,15:00:00,1.0,872.0,4.936947752144086,760.25,47.0,978.75,57.0,1313.5,512.75,36.14999961853,18.375,1.0827198277973833
2004-08-23 16:00:00,2004-08-23,16:00:00,1.1,856.75,5.237168474096615,775.25,45.0,979.0,55.0,1258.25,512.25,37.324999809265,15.425000429153,0.9692098122655394
2004-08-23 17:00:00,2004-08-23,17:00:00,1.5,921.5,7.492790093022252,878.0,60.0,879.75,70.0,1363.0,614.5,36.799999237061,16.249999523163,0.9922118931434828
2004-08-23 18:00:00,2004-08-23,18:00:00,1.5,951.25,7.4103512917057,874.5,51.0,856.0,68.0,1406.0,600.0,34.85000038147,20.900000572205,1.146342750159251
2004-08-23 19:00:00,2004-08-23,19:00:00,1.6,962.25,7.796383745721157,890.75,53.0,812.5,73.0,1442.0,634.25,30.800000667572,26.549999713898,1.1603067364668214
2004-08-23 20:00:00,2004-08-23,20:00:00,1.7,957.25,8.649763222680718,925.5,72.0,758.25,92.0,1480.25,830.0,28.875,28.299999713898,1.1078287531319964
2004-08-23 21:00:00,2004-08-23,21:00:00,1.4,927.5,6.546058724463633,836.75,62.0,807.5,80.0,1410.0,871.25,27.0,30.724999904633,1.0789669362121035
2004-08-23 22:00:00,2004-08-23,22:00:00,1.2,894.75,6.753607196696738,846.0,41.0,818.5,60.0,1370.75,787.25,26.550000190735,30.575000286102,1.0458612288544755
2004-08-23 23:00:00,2004-08-23,23:00:00,1.1,901.75,5.6805880475755925,796.75,32.0,844.5,49.0,1354.75,841.25,26.0,33.074999809265,1.0955113709568691
2004-08-24 00:00:00,2004-08-24,00:00:00,1.1,904.0,5.764774994344552,800.75,44.0,852.25,53.0,1400.0,862.25,24.075000286102,37.900000572205,1.120421373787718
2004-08-24 01:00:00,2004-08-24,01:00:00,1.2,918.75,5.717354864183394,798.5,29.0,843.5,50.0,1409.0,881.25,22.199999332428,43.125,1.13961921225492
2004-08-24 02:00:00,2004-08-24,02:00:00,0.7,812.25,3.177816748935157,663.0,18.0,981.75,34.0,1265.25,708.75,22.775000095367,41.25,1.1283880388410847
2004-08-24 03:00:00,2004-08-24,03:00:00,0.5,775.5,2.083405300850765,590.25,15.0,1099.0,27.5,1245.0,602.25,21.174999713898,43.799999237061,1.0879609537112025
2004-08-24 04:00:00,2004-08-24,04:00:00,0.4,762.0,1.7281160542915164,563.25,12.0,1180.5,21.0,1208.0,491.5,21.674999713898,42.60000038147,1.0906614535051034
2004-08-24 05:00:00,2004-08-24,05:00:00,0.7,786.0,2.837944850489492,641.75,39.0,1057.0,48.0,1269.5,591.5,20.174999713898,47.14999961853,1.1020571543842672
2004-08-24 06:00:00,2004-08-24,06:00:00,1.1,868.25,5.706839741200487,798.0,83.0,865.5,71.0,1391.5,823.75,20.075000286102,47.75,1.1092877643182248
2004-08-24 07:00:00,2004-08-24,07:00:00,1.6,964.5,9.976623939037175,976.75,149.0,724.75,94.0,1515.0,1013.75,20.625,45.474999427795,1.0924585128336382
2004-08-24 08:00:00,2004-08-24,08:00:00,2.3,1048.75,14.500754620232732,1132.75,216.0,630.25,118.0,1661.75,1208.0,22.400000095367,41.050000190735,1.0979161965818267
2004-08-24 09:00:00,2004-08-24,09:00:00,1.6,1008.0,9.883449559735752,973.25,153.0,714.25,105.0,1508.5,1178.0,25.0,36.60000038147,1.1429532265545546
2004-08-24 10:00:00,2004-08-24,10:00:00,2.0,1008.0,11.19590634809732,1021.3333333333,177.0,713.66666666667,122.0,1549.0,1176.0,29.89999961853,26.233333587646,1.089128282489405
2004-08-24 11:00:00,2004-08-24,11:00:00,1.6,973.0,8.276765149047742,910.5,126.0,800.25,121.0,1441.25,891.0,32.900000572205,21.775000095367,1.071394840865144
2004-08-24 12:00:00,2004-08-24,12:00:00,1.6,963.75,9.507952908441492,959.0,96.0,787.25,115.0,1437.5,731.25,34.999999046326,17.899999856949,0.9899777377599618
2004-08-24 13:00:00,2004-08-24,13:00:00,1.3,923.25,7.113334197638295,861.75,92.0,874.75,107.0,1362.5,626.0,34.575000762939,18.200000047684,0.9831565591350744
2004-08-24 14:00:00,2004-08-24,14:00:00,1.0,933.75,5.988272264341074,811.25,75.0,896.0,86.0,1343.25,552.75,33.77499961853,22.799999713898,1.178065575951183
2004-08-24 15:00:00,2004-08-24,15:00:00,1.6,1035.5,9.093754994193636,943.0,109.0,769.75,118.0,1508.5,769.5,36.27499961853,19.450000286102,1.1539498350026371
2004-08-24 16:00:00,2004-08-24,16:00:00,2.0,1075.5,10.427677592349646,993.5,133.0,723.0,129.0,1549.0,937.75,38.250000953674,17.874999523163,1.1810202656251243
2004-08-24 17:00:00,2004-08-24,17:00:00,1.7,1055.0,8.687448039881527,927.0,87.0,756.5,90.0,1519.75,715.75,36.924999237061,20.924999713898,1.2864195406442032
2004-08-24 18:00:00,2004-08-24,18:00:00,1.7,1080.5,8.953194276149835,937.5,80.0,728.0,87.0,1568.0,713.75,33.875,30.02499961853,1.5600471764040849
2004-08-24 19:00:00,2004-08-24,19:00:00,1.4,1072.25,6.849891943840394,850.25,70.0,737.25,65.0,1603.75,702.25,29.849999904633,43.449999809265,1.7987612715821528
2004-08-24 20:00:00,2004-08-24,20:00:00,1.3,1038.0,5.186607519669586,772.75,67.0,748.75,61.0,1568.25,686.75,27.549999713898,50.39999961853,1.827444902680317
2004-08-24 21:00:00,2004-08-24,21:00:00,1.3,1058.5,5.738409861607065,799.5,66.0,740.0,62.0,1603.75,739.25,27.549999713898,50.425001144409,1.8283514286996148
2004-08-24 22:00:00,2004-08-24,22:00:00,1.6,1069.5,6.895403347240391,852.25,97.0,704.25,85.0,1638.5,867.25,28.074999809265,47.97500038147,1.7932762477293382
2004-08-24 23:00:00,2004-08-24,23:00:00,1.8,1093.0,7.838454177489808,892.5,90.0,676.75,83.0,1677.5,926.75,26.900000095367,49.550000190735,1.729926337554485
2004-08-25 00:00:00,2004-08-25,00:00:00,1.5,1016.25,6.810174913240995,848.5,99.0,729.25,84.0,1608.75,871.5,26.0,48.0,1.5898577810784955
2004-08-25 01:00:00,2004-08-25,01:00:00,1.3,988.25,6.286409362355982,825.0,71.0,755.5,71.0,1558.75,847.75,24.925000190735,50.64999961853,1.5747157612012352
2004-08-25 02:00:00,2004-08-25,02:00:00,1.1,929.5,4.707071919244755,748.5,59.0,823.0,62.0,1463.75,776.75,23.724999904633,53.249999046326,1.5417561290533244
2004-08-25 03:00:00,2004-08-25,03:00:00,0.5,814.5,1.9919360621192284,583.5,42.5,1101.5,51.0,1362.75,513.0,24.47500038147,50.925000190735,1.541649056529404
2004-08-25 04:00:00,2004-08-25,04:00:00,0.6,884.0,3.56398562516099,686.0,26.0,908.0,40.0,1438.75,651.0,22.924999713898,56.125,1.549156604664494
2004-08-25 05:00:00,2004-08-25,05:00:00,0.7,913.0,4.359340996864498,730.25,47.0,882.75,50.0,1492.5,774.0,23.27499961853,55.475001335144,1.5636203519013412
2004-08-25 06:00:00,2004-08-25,06:00:00,1.1,994.25,6.379807784998373,829.25,108.0,783.5,78.0,1580.75,981.5,23.599999904633,54.22500038147,1.5583310579198264
2004-08-25 07:00:00,2004-08-25,07:00:00,1.9,1173.0,11.910476043392212,1046.5,160.0,630.5,89.0,1815.0,1174.75,24.900000572205,52.925000190735,1.6430161874415352
2004-08-25 08:00:00,2004-08-25,08:00:00,3.5,1313.75,21.018621552396723,1324.5,204.0,498.75,106.0,2142.5,1390.25,26.35000038147,50.77499961853,1.716627253368433
2004-08-25 09:00:00,2004-08-25,09:00:00,2.9,1251.5,15.621359219570662,1168.0,193.0,556.5,107.0,1937.5,1352.25,28.099999904633,47.424999237061,1.7752840225308804
2004-08-25 10:00:00,2004-08-25,10:00:00,2.2,1151.0,12.098089217479876,1053.0,146.0,623.0,93.0,1835.0,1151.5,30.175000190735,43.22500038147,1.8229855106764008
2004-08-25 11:00:00,2004-08-25,11:00:00,2.0,1121.5,9.286930935153803,950.5,126.0,686.75,95.0,1729.0,1022.25,31.199999809265,41.85000038147,1.8709614690221728
2004-08-25 12:00:00,2004-08-25,12:00:00,1.7,1111.0,8.69373563216166,927.25,90.0,706.75,78.0,1715.25,922.25,33.875,35.974999427795,1.869198900633254
2004-08-25 13:00:00,2004-08-25,13:00:00,1.6,1058.0,7.880621095138315,894.25,84.0,735.5,76.0,1647.75,824.75,33.925000190735,34.074998855591,1.7754155865980106
2004-08-25 14:00:00,2004-08-25,14:00:00,1.3,972.25,6.182718636981682,820.25,60.0,810.75,66.0,1535.0,629.75,34.449999809265,30.575000286102,1.640235246507442
2004-08-25 15:00:00,2004-08-25,15:00:00,1.3,985.0,6.3083326207889066,826.0,66.0,808.0,71.0,1544.25,621.0,35.324999809265,28.474999904633,1.603368368731952
2004-08-25 16:00:00,2004-08-25,16:00:00,1.3,1004.25,6.04201933944382,813.75,57.0,808.0,61.0,1519.5,601.5,36.324999809265,28.324999809265,1.6851089819103704
2004-08-25 17:00:00,2004-08-25,17:00:00,1.6,1030.0,7.947078151878079,897.0,71.0,733.0,73.0,1591.75,667.5,35.349999427795,29.400000095367,1.6577384235038293
2004-08-25 18:00:00,2004-08-25,18:00:00,1.3,965.0,5.785904187585162,801.75,51.0,820.5,54.0,1503.75,563.5,32.52499961853,34.14999961853,1.645282814884799
2004-08-25 19:00:00,2004-08-25,19:00:00,1.4,986.75,6.264518650636538,824.0,49.0,793.0,53.0,1541.0,580.75,29.099999904633,42.10000038147,1.669511236717322
2004-08-25 20:00:00,2004-08-25,20:00:00,1.4,922.75,5.982908820688995,811.0,59.0,804.0,69.0,1433.75,604.25,27.849999427795,35.550000190735,1.3116332180367678
2004-08-25 21:00:00,2004-08-25,21:00:00,1.3,871.75,6.2535855050216576,823.5,66.0,853.25,77.0,1345.5,590.0,27.025000095367,29.97500038147,1.0541641841873175
2004-08-25 22:00:00,2004-08-25,22:00:00,1.4,938.5,6.810174913240995,848.5,72.0,803.75,83.0,1479.0,650.0,26.27499961853,37.300000190735,1.2555313645786716
2004-08-25 23:00:00,2004-08-25,23:00:00,1.5,954.25,6.952473184855904,854.75,89.0,791.75,94.0,1474.0,745.25,25.200000286102,40.75,1.2876642614318954
2004-08-26 00:00:00,2004-08-26,00:00:00,1.5,968.5,6.99827336966376,856.75,75.0,752.75,84.0,1484.75,820.5,24.300000190735,43.300000190735,1.2972812879496955
2004-08-26 01:00:00,2004-08-26,01:00:00,0.9,882.0,4.991422099648152,763.0,38.0,879.25,55.0,1388.0,655.75,23.300000190735,45.325000762939,1.2794421400726774
2004-08-26 02:00:00,2004-08-26,02:00:00,0.6,805.0,2.7565112487264205,636.5,24.0,1047.75,35.0,1276.25,519.5,24.099999904633,44.025000572205,1.3034274470382154
2004-08-26 03:00:00,2004-08-26,03:00:00,0.5,789.75,2.073155671289639,589.5,32.0,1121.5,40.0,1257.25,493.25,23.849999904633,44.77499961853,1.3060652109297066
2004-08-26 05:00:00,2004-08-26,05:00:00,0.5,841.5,2.810688037123539,640.0,40.0,1070.0,45.0,1292.5,595.0,23.699999809265,46.700000762939,1.35010019266999
2004-08-26 06:00:00,2004-08-26,06:00:00,1.0,841.3478260869565,2.831989502826508,641.2826086956521,63.0,1066.554347826087,59.0,1293.9782608695652,599.3695652173913,23.614130248194023,46.973913773246,1.350108934828258
2004-08-26 07:00:00,2004-08-26,07:00:00,1.9,841.195652173913,2.8532909685294765,642.5652173913044,121.0,1063.108695652174,83.0,1295.4565217391305,603.7391304347826,23.528260687123044,47.247826783553,1.3501176769865257
2004-08-26 08:00:00,2004-08-26,08:00:00,2.6,841.0434782608696,2.8745924342324454,643.8478260869565,143.0,1059.6630434782608,90.0,1296.9347826086957,608.1086956521739,23.442391126052065,47.52173979386,1.3501264191447937
2004-08-26 09:00:00,2004-08-26,09:00:00,1.7,840.8913043478261,2.895893899935414,645.1304347826087,104.0,1056.2173913043478,87.0,1298.4130434782608,612.4782608695652,23.35652156498109,47.795652804167,1.3501351613030617
2004-08-26 10:00:00,2004-08-26,10:00:00,1.7,840.7391304347826,2.9171953656383827,646.4130434782609,111.0,1052.7717391304348,83.0,1299.891304347826,616.8478260869565,23.27065200391011,48.069565814474,1.3501439034613294
2004-08-26 11:00:00,2004-08-26,11:00:00,1.4,840.5869565217391,2.9384968313413515,647.695652173913,83.0,1049.3260869565217,71.0,1301.3695652173913,621.2173913043479,23.184782442839133,48.343478824781,1.3501526456195974
2004-08-26 12:00:00,2004-08-26,12:00:00,1.6,840.4347826086956,2.95979829704432,648.9782608695652,90.0,1045.8804347826087,77.0,1302.8478260869565,625.5869565217391,23.098912881768154,48.617391835088,1.3501613877778653
2004-08-26 13:00:00,2004-08-26,13:00:00,1.3,840.2826086956521,2.981099762747289,650.2608695652174,82.0,1042.4347826086957,75.0,1304.3260869565217,629.9565217391305,23.013043320697175,48.891304845395,1.350170129936133
2004-08-26 14:00:00,2004-08-26,14:00:00,0.9,840.1304347826087,3.0024012284502577,651.5434782608696,48.0,1038.9891304347825,52.0,1305.804347826087,634.3260869565217,22.927173759626196,49.165217855702,1.350178872094401
2004-08-26 15:00:00,2004-08-26,15:00:00,1.4,839.9782608695652,3.023702694153226,652.8260869565217,89.0,1035.5434782608695,76.0,1307.2826086956522,638.695652173913,22.841304198555218,49.439130866009,1.350187614252669
2004-08-26 16:00:00,2004-08-26,16:00:00,1.0,839.8260869565217,3.045004159856195,654.1086956521739,58.0,1032.0978260869565,60.0,1308.7608695652175,643.0652173913044,22.75543463748424,49.713043876316,1.3501963564109367
2004-08-26 17:00:00,2004-08-26,17:00:00,2.2,839.6739130434783,3.0663056255591634,655.3913043478261,129.0,1028.6521739130435,99.0,1310.2391304347825,647.4347826086956,22.669565076413264,49.986956886623,1.3502050985692047
2004-08-26 18:00:00,2004-08-26,18:00:00,1.9,839.5217391304348,3.0876070912621323,656.6739130434783,103.0,1025.2065217391305,88.0,1311.7173913043478,651.804347826087,22.583695515342285,50.26086989693,1.3502138407274726
2004-08-26 19:00:00,2004-08-26,19:00:00,2.1,839.3695652173913,3.108908556965101,657.9565217391304,115.0,1021.7608695652174,91.0,1313.195652173913,656.1739130434783,22.497825954271306,50.534782907237,1.3502225828857404
2004-08-26 20:00:00,2004-08-26,20:00:00,1.7,839.2173913043479,3.1302100226680696,659.2391304347826,108.0,1018.3152173913044,91.0,1314.6739130434783,660.5434782608695,22.411956393200327,50.808695917544,1.3502313250440083
2004-08-26 21:00:00,2004-08-26,21:00:00,1.0,839.0652173913044,3.1515114883710384,660.5217391304348,60.0,1014.8695652173913,68.0,1316.1521739130435,664.9130434782609,22.32608683212935,51.082608927851,1.3502400672022763
2004-08-26 22:00:00,2004-08-26,22:00:00,1.1,838.9130434782609,3.172812954074007,661.804347826087,68.0,1011.4239130434783,71.0,1317.6304347826087,669.2826086956522,22.24021727105837,51.356521938158,1.350248809360544
2004-08-26 23:00:00,2004-08-26,23:00:00,0.7,838.7608695652174,3.1941144197769757,663.0869565217391,36.0,1007.9782608695652,49.0,1319.108695652174,673.6521739130435,22.15434770998739,51.630434948465,1.350257551518812
2004-08-27 00:00:00,2004-08-27,00:00:00,1.3,838.6086956521739,3.2154158854799446,664.3695652173913,81.0,1004.5326086956521,71.0,1320.5869565217392,678.0217391304348,22.068478148916412,51.904347958772,1.35026629367708
2004-08-27 01:00:00,2004-08-27,01:00:00,1.3,838.4565217391304,3.236717351182913,665.6521739130435,91.0,1001.0869565217391,76.0,1322.0652173913043,682.3913043478261,21.982608587845437,52.178260969079,1.3502750358353477
2004-08-27 02:00:00,2004-08-27,02:00:00,1.0,838.304347826087,3.258018816885882,666.9347826086956,65.0,997.6413043478261,67.0,1323.5434782608695,686.7608695652174,21.89673902677446,52.452173979386,1.3502837779936157
2004-08-27 03:00:00,2004-08-27,03:00:00,0.7,838.1521739130435,3.2793202825888503,668.2173913043479,55.5,994.195652173913,62.5,1325.0217391304348,691.1304347826087,21.81086946570348,52.726086989693,1.3502925201518836
2004-08-27 04:00:00,2004-08-27,04:00:00,0.6,838.0,3.300621748291819,669.5,46.0,990.75,58.0,1326.5,695.5,21.7249999046325,53.0,1.3503012623101514
2004-08-27 05:00:00,2004-08-27,05:00:00,0.7,837.8478260869565,3.321923213994788,670.7826086956521,71.0,987.304347826087,53.0,1327.9782608695652,699.8695652173913,21.639130343561522,53.273913010307,1.3503100044684193
2004-08-27 06:00:00,2004-08-27,06:00:00,1.1,837.695652173913,3.3432246796977565,672.0652173913044,92.0,983.8586956521739,52.0,1329.4565217391305,704.2391304347826,21.553260782490543,53.547826020613996,1.3503187466266873
2004-08-27 07:00:00,2004-08-27,07:00:00,2.4,837.5434782608696,3.3645261454007254,673.3478260869565,201.0,980.4130434782609,68.0,1330.9347826086957,708.6086956521739,21.467391221419565,53.821739030921,1.3503274887849552
2004-08-27 08:00:00,2004-08-27,08:00:00,2.4,837.3913043478261,3.385827611103694,674.6304347826087,169.0,976.9673913043479,69.0,1332.4130434782608,712.9782608695652,21.38152166034859,54.095652041228,1.350336230943223
2004-08-27 09:00:00,2004-08-27,09:00:00,2.3,837.2391304347826,3.4071290768066627,675.9130434782609,158.0,973.5217391304348,83.0,1333.891304347826,717.3478260869565,21.29565209927761,54.369565051535,1.350344973101491
2004-08-27 10:00:00,2004-08-27,10:00:00,2.2,837.0869565217391,3.4284305425096315,677.195652173913,147.0,970.0760869565217,99.0,1335.3695652173913,721.7173913043479,21.209782538206632,54.643478061842,1.350353715259759
2004-08-27 11:00:00,2004-08-27,11:00:00,1.8,836.9347826086956,3.4497320082126,678.4782608695652,119.0,966.6304347826087,101.0,1336.8478260869565,726.0869565217391,21.123912977135653,54.917391072149,1.3503624574180266
2004-08-27 12:00:00,2004-08-27,12:00:00,2.0,836.7826086956521,3.471033473915569,679.7608695652174,114.0,963.1847826086956,104.0,1338.3260869565217,730.4565217391305,21.038043416064674,55.191304082456,1.3503711995762946
2004-08-27 13:00:00,2004-08-27,13:00:00,1.5,836.6304347826087,3.4923349396185372,681.0434782608695,92.0,959.7391304347826,89.0,1339.804347826087,734.8260869565217,20.952173854993696,55.465217092763,1.3503799417345625
2004-08-27 14:00:00,2004-08-27,14:00:00,1.4,836.4782608695652,3.513636405321506,682.3260869565217,82.0,956.2934782608695,88.0,1341.2826086956522,739.195652173913,20.866304293922717,55.739130103069996,1.3503886838928303
2004-08-27 15:00:00,2004-08-27,15:00:00,1.5,836.3260869565217,3.534937871024475,683.6086956521739,85.0,952.8478260869565,89.0,1342.7608695652175,743.5652173913044,20.780434732851738,56.013043113377,1.3503974260510982
2004-08-27 16:00:00,2004-08-27,16:00:00,1.6,836.1739130434783,3.5562393367274434,684.8913043478261,96.0,949.4021739130435,92.0,1344.2391304347825,747.9347826086956,20.69456517178076,56.286956123684,1.3504061682093662
2004-08-27 17:00:00,2004-08-27,17:00:00,1.9,836.0217391304348,3.5775408024304123,686.1739130434783,104.0,945.9565217391305,109.0,1345.7173913043478,752.304347826087,20.608695610709784,56.560869133991,1.350414910367634
2004-08-27 18:00:00,2004-08-27,18:00:00,2.0,835.8695652173913,3.5988422681333807,687.4565217391304,101.0,942.5108695652174,107.0,1347.195652173913,756.6739130434783,20.522826049638805,56.834782144298,1.350423652525902
2004-08-27 19:00:00,2004-08-27,19:00:00,2.3,835.7173913043479,3.6201437338363496,688.7391304347826,128.0,939.0652173913044,116.0,1348.6739130434783,761.0434782608695,20.436956488567827,57.108695154605,1.3504323946841699
2004-08-27 20:00:00,2004-08-27,20:00:00,2.4,835.5652173913044,3.6414451995393184,690.0217391304348,147.0,935.6195652173913,124.0,1350.1521739130435,765.4130434782609,20.351086927496848,57.382608164912,1.3504411368424376
2004-08-27 21:00:00,2004-08-27,21:00:00,1.8,835.4130434782609,3.6627466652422873,691.304347826087,115.0,932.1739130434783,112.0,1351.6304347826087,769.7826086956522,20.26521736642587,57.656521175219,1.3504498790007056
2004-08-27 22:00:00,2004-08-27,22:00:00,1.7,835.2608695652174,3.6840481309452557,692.5869565217391,97.0,928.7282608695652,99.0,1353.108695652174,774.1521739130435,20.17934780535489,57.930434185525996,1.3504586211589735
2004-08-27 23:00:00,2004-08-27,23:00:00,1.2,835.1086956521739,3.705349596648224,693.8695652173913,74.0,925.2826086956522,85.0,1354.586956521739,778.5217391304348,20.09347824428391,58.204347195833,1.3504673633172413
2004-08-28 00:00:00,2004-08-28,00:00:00,0.8,834.9565217391304,3.726651062351193,695.1521739130435,50.0,921.8369565217391,69.0,1356.0652173913043,782.8913043478261,20.007608683212936,58.47826020614,1.3504761054755092
2004-08-28 01:00:00,2004-08-28,01:00:00,0.7,834.804347826087,3.747952528054162,696.4347826086956,41.0,918.3913043478261,58.0,1357.5434782608695,787.2608695652174,19.921739122141958,58.752173216447,1.3504848476337772
2004-08-28 02:00:00,2004-08-28,02:00:00,0.6,834.6521739130435,3.7692539937571308,697.7173913043479,36.0,914.945652173913,49.0,1359.0217391304348,791.6304347826087,19.83586956107098,59.026086226754,1.350493589792045
2004-08-28 03:00:00,2004-08-28,03:00:00,0.6,834.5,3.790555459460099,699.0,38.0,911.5,52.5,1360.5,796.0,19.75,59.299999237061,1.3505023319503129
2004-08-28 04:00:00,2004-08-28,04:00:00,0.6,791.5,2.514599021549308,620.5,40.0,1015.25,56.0,1322.0,714.25,19.97500038147,59.25,1.3680620655284836
2004-08-28 05:00:00,2004-08-28,05:00:00,0.4,748.75,1.6685571641344403,558.5,25.0,1144.5,33.0,1254.75,583.75,22.499999523163,48.60000038147,1.307682497077154
2004-08-28 06:00:00,2004-08-28,06:00:00,0.5,802.75,3.385350108425627,675.5,38.0,974.5,39.0,1302.5,676.0,19.450000286102,56.974999427795,1.273918471890587
2004-08-28 07:00:00,2004-08-28,07:00:00,0.7,818.25,4.270706811760649,725.5,38.0,921.25,43.0,1329.75,684.75,19.575000286102,56.14999961853,1.265130860750166
2004-08-28 08:00:00,2004-08-28,08:00:00,1.2,931.75,7.096024091253,861.0,75.0,767.0,62.0,1483.0,893.5,20.72500038147,53.25,1.2870444425919467
2004-08-28 09:00:00,2004-08-28,09:00:00,1.7,976.75,8.338444389674756,913.0,104.0,744.25,81.0,1511.75,977.0,24.699999809265,41.849999427795,1.2839213502561906
2004-08-28 10:00:00,2004-08-28,10:00:00,1.8,1011.25,9.132251648807031,944.5,134.0,733.25,102.0,1570.0,1033.5,29.85000038147,30.47500038147,1.261616850939931
2004-08-28 11:00:00,2004-08-28,11:00:00,1.5,975.25,7.694614864499808,886.5,85.0,828.5,86.0,1477.5,736.75,32.275000572205,27.22500038147,1.2933347996180646
2004-08-28 12:00:00,2004-08-28,12:00:00,1.2,957.5,7.235007943444832,867.0,30.0,827.5,37.0,1467.5,660.0,34.300001144409,24.474999904633,1.3021027285521791
2004-08-28 13:00:00,2004-08-28,13:00:00,1.1,902.5,5.844179298793487,804.5,49.0,886.0,64.0,1361.0,580.5,33.39999961853,22.525000572205,1.139751143092546
2004-08-31 14:00:00,2004-08-31,14:00:00,2.9,1030.25,8.889611855025933,935.0,129.0,725.75,82.5,1582.5,790.5,32.5,28.674999713898,1.3795678293754918
2004-08-31 15:00:00,2004-08-31,15:00:00,1.9,1057.5,11.046899828729591,1016.0,209.0,673.25,101.0,1625.25,831.75,33.75,25.849999904633,1.3337975358800858
2004-08-31 16:00:00,2004-08-31,16:00:00,1.4,1040.0,7.593416608863416,882.25,132.0,755.5,71.0,1560.0,635.0,34.525000572205,28.574999809265,1.5393351194599916
2004-08-31 17:00:00,2004-08-31,17:00:00,2.0,1093.25,10.09026494939418,981.0,166.0,666.25,82.0,1675.5,733.25,32.650000572205,32.950000286102,1.5986557884922934
2004-08-31 18:00:00,2004-08-31,18:00:00,2.7,1184.25,14.073311396432944,1119.0,243.0,594.0,104.0,1806.0,911.75,31.374999523163,35.375,1.5972463430067834
2004-08-31 19:00:00,2004-08-31,19:00:00,2.8,1179.5,14.135145923260188,1121.0,247.0,568.25,105.0,1816.25,947.25,27.699999809265,43.525000572205,1.5919666152259686
2004-08-31 20:00:00,2004-08-31,20:00:00,2.0,1078.75,10.27188017172599,987.75,165.0,632.5,87.0,1694.0,899.25,26.174999713898,47.75,1.5978923820949742
2004-08-31 21:00:00,2004-08-31,21:00:00,2.1,1095.25,11.48938537419016,1031.75,187.0,620.75,98.0,1730.0,984.25,25.675000190735,48.699999809265,1.5825398009247922
2004-08-31 22:00:00,2004-08-31,22:00:00,2.0,1072.5,10.859535166937013,1009.25,206.0,639.25,105.0,1655.25,954.75,25.150000095367,50.14999961853,1.5800276600220728
2004-08-31 23:00:00,2004-08-31,23:00:00,1.8,1062.5,10.35981673297665,991.0,200.0,655.25,104.0,1672.0,966.25,24.35000038147,53.35000038147,1.6031320334178316
2004-09-01 00:00:00,2004-09-01,00:00:00,1.9,1046.0,9.540642925320222,960.25,189.0,670.5,96.0,1636.75,898.75,23.699999809265,55.449998855591,1.6030632315941042
2004-09-01 01:00:00,2004-09-01,01:00:00,1.3,953.25,7.021221524297898,857.75,136.0,741.75,79.0,1544.25,779.5,22.75,58.549999237061,1.599227628983045
2004-09-01 02:00:00,2004-09-01,02:00:00,0.7,864.25,3.339212977494369,672.75,83.0,946.5,61.0,1412.25,636.25,22.75,58.52499961853,1.5985447924127671
2004-09-01 03:00:00,2004-09-01,03:00:00,0.5,829.25,2.61926987611744,627.5,77.5,994.25,54.5,1377.5,577.25,22.324999809265,59.674999237061,1.5888751201304987
2004-09-01 04:00:00,2004-09-01,04:00:00,0.5,837.75,2.787414370831833,638.5,72.0,963.25,48.0,1391.25,595.5,20.75,64.899998664856,1.57100926380947
2004-09-01 05:00:00,2004-09-01,05:00:00,0.6,913.25,4.3125946666846815,727.75,121.0,801.75,63.0,1417.75,886.75,19.724999904633,66.775001525879,1.5184129545137144
2004-09-01 06:00:00,2004-09-01,06:00:00,1.3,1039.0,8.53088910572999,920.75,268.0,687.0,92.0,1555.75,1115.0,19.775000095367,64.349999427795,1.467755584546933
2004-09-01 07:00:00,2004-09-01,07:00:00,3.6,1252.25,20.853976003052797,1320.0,451.0,499.0,99.0,2001.0,1373.75,20.575000286102,62.27499961853,1.4915042042746636
2004-09-01 08:00:00,2004-09-01,08:00:00,4.9,1410.3333333333,35.217726921167475,1669.0,458.0,392.66666666667,117.0,2555.0,1643.6666666667,23.199999491374,53.966667175293,1.5143018856156805
2004-09-01 09:00:00,2004-09-01,09:00:00,3.9,1217.25,18.737902613801893,1260.75,487.0,532.5,142.0,1940.5,1375.0,26.324999809265,43.074999809265,1.4541716581621362
2004-09-01 10:00:00,2004-09-01,10:00:00,2.2,1113.5,12.801609521790525,1077.0,319.0,632.75,121.0,1705.0,1198.5,29.074999809265,35.375,1.4008110067411883
2004-09-01 11:00:00,2004-09-01,11:00:00,1.9,1025.75,11.151581216129404,1019.75,269.0,688.75,122.0,1603.0,991.75,29.974999904633,31.60000038147,1.3175727315885963
2004-09-01 12:00:00,2004-09-01,12:00:00,2.2,1050.5,13.31770051337886,1094.25,224.0,646.25,108.0,1675.0,966.25,32.400000095367,26.324999809265,1.2594069626757904
2004-09-01 13:00:00,2004-09-01,13:00:00,2.0,1026.5,11.256683224907974,1023.5,162.0,700.0,80.0,1587.75,814.0,31.27499961853,29.075000286102,1.3053746400256845
2004-09-01 14:00:00,2004-09-01,14:00:00,1.7,996.25,10.386938409035164,992.0,189.0,722.25,93.0,1579.5,726.75,31.075000286102,28.64999961853,1.2717894003358112
2004-09-01 15:00:00,2004-09-01,15:00:00,2.0,1027.5,12.294239862352264,1059.75,213.0,685.75,108.0,1601.0,805.75,33.324999809265,24.449999332428,1.2319796432927763
2004-09-01 16:00:00,2004-09-01,16:00:00,2.1,1029.5,12.301530519132688,1060.0,245.0,705.0,118.0,1588.0,851.5,35.474999427795,21.175000190735,1.2022260729555687
2004-09-01 17:00:00,2004-09-01,17:00:00,3.2,1132.5,19.405953728009944,1279.75,341.0,595.0,149.0,1791.0,1093.25,34.625,21.950000286102,1.1890216374184857
2004-09-01 18:00:00,2004-09-01,18:00:00,4.0,1180.25,21.53437738309015,1338.5,382.0,566.75,171.0,1867.5,1211.0,33.25,23.599999427795,1.1841732201362287
2004-09-01 19:00:00,2004-09-01,19:00:00,4.4,1260.75,25.660599613091325,1445.75,358.0,527.5,154.0,2061.25,1345.5,30.025000095367,28.450000286102,1.1896263561711773
2004-09-01 20:00:00,2004-09-01,20:00:00,3.0,1092.5,14.508576744820012,1133.0,288.0,599.25,122.0,1708.25,1200.0,27.974999904633,33.0,1.2263993376518665
2004-09-01 21:00:00,2004-09-01,21:00:00,2.2,1068.0,11.404531575678485,1028.75,252.0,649.5,126.0,1611.75,1191.5,27.200000286102,37.375000953674,1.327874409539208
2004-09-01 22:00:00,2004-09-01,22:00:00,1.7,1030.75,9.48183534339618,958.0,201.0,699.75,121.0,1559.5,1074.0,26.550000190735,39.924999237061,1.3656911978204298
2004-09-01 23:00:00,2004-09-01,23:00:00,1.9,1054.75,11.638524261032968,1037.0,225.0,634.5,125.0,1631.5,1161.25,25.299999713898,41.675000190735,1.3246827268701464
2004-09-02 00:00:00,2004-09-02,00:00:00,2.0,1060.25,11.411592481675298,1029.0,242.0,621.75,126.0,1662.75,1210.0,24.349999904633,44.699999809265,1.3432052305194484
2004-09-02 01:00:00,2004-09-02,01:00:00,1.5,961.75,7.540072456167103,880.0,167.0,726.25,96.0,1484.25,1049.75,24.424999713898,45.649998664856,1.3778683111622458
2004-09-02 02:00:00,2004-09-02,02:00:00,0.8,873.75,5.257451382616683,776.25,99.0,845.5,73.0,1415.75,872.75,23.050000190735,49.949999809265,1.3890733034928886
2004-09-02 03:00:00,2004-09-02,03:00:00,0.6,832.0,3.145131870638927,661.0,93.0,976.75,69.0,1312.0,765.5,22.700000286102,51.324999809265,1.3976864922999472
2004-09-02 04:00:00,2004-09-02,04:00:00,0.6,834.0,3.959876432723153,708.5,87.0,906.75,65.0,1348.25,834.5,21.849999904633,54.125,1.4004485258464543
2004-09-02 05:00:00,2004-09-02,05:00:00,0.7,864.75,4.629884529509057,744.5,164.0,866.25,90.0,1393.75,900.5,21.025000572205,56.875,1.3999404958484991
2004-09-02 06:00:00,2004-09-02,06:00:00,0.8,902.5,5.817659747566895,803.25,87.0,819.25,58.0,1470.75,852.5,21.799999713898,55.52499961853,1.4323437238322083
2004-09-02 07:00:00,2004-09-02,07:00:00,2.9,1235.5,20.030069212750167,1297.25,93.0,542.25,27.0,1996.5,1320.75,21.624999523163,57.22500038147,1.4606765339025456
2004-09-02 08:00:00,2004-09-02,08:00:00,5.2,1463.75,30.04849787229482,1552.0,417.0,418.5,67.0,2366.25,1737.75,22.849999904633,54.175000190735,1.4886279242102294
2004-09-02 09:00:00,2004-09-02,09:00:00,3.3,1257.75,18.72917902853018,1260.5,406.0,513.75,96.0,1940.0,1603.0,26.200000286102,45.049999237061,1.5097507653215998
2004-09-03 17:00:00,2004-09-03,17:00:00,4.6,1228.75,21.896708709617997,1348.25,403.21176470588233,564.5,95.62352941176471,1829.75,1445.0,39.275000572205,15.950000047684,1.113777540681372
2004-09-03 18:00:00,2004-09-03,18:00:00,4.3,1347.25,23.151672720669385,1381.5,400.4235294117647,528.5,95.24705882352941,1961.0,1542.5,37.049999237061,23.64999961853,1.4639020059526535
2004-09-03 19:00:00,2004-09-03,19:00:00,4.9,1424.25,24.534115984482188,1417.25,397.63529411764705,487.5,94.87058823529412,2091.5,1674.0,33.224999427795,30.125,1.5094646230986202
2004-09-03 20:00:00,2004-09-03,20:00:00,4.0,1305.25,16.256486172925445,1187.5,394.84705882352944,545.75,94.49411764705883,1843.25,1523.5,31.000000476837,33.074999809265,1.4619816954935012
2004-09-03 21:00:00,2004-09-03,21:00:00,2.6,1179.75,13.129706743219696,1088.0,392.05882352941177,618.5,94.11764705882354,1662.0,1339.0,29.52499961853,33.375,1.3561984232625857
2004-09-03 22:00:00,2004-09-03,22:00:00,1.3,1029.0,8.1112075194409,903.75,389.2705882352941,708.5,93.74117647058823,1459.75,991.5,29.050000190735,36.674999237061,1.450203568216207
2004-09-03 23:00:00,2004-09-03,23:00:00,1.5,1080.0,8.060397725174244,901.66666666667,386.4823529411765,701.66666666667,93.36470588235294,1516.0,1048.0,27.833333333333,40.699999491374,1.5001948358961734
2004-09-04 00:00:00,2004-09-04,00:00:00,2.2,1196.5,11.418655250761152,1029.25,383.6941176470588,600.75,92.98823529411764,1627.5,1361.5,25.97500038147,45.349999427795,1.499882292402026
2004-09-04 01:00:00,2004-09-04,01:00:00,1.2,1005.5,6.719763165176905,844.5,380.90588235294115,737.5,92.61176470588235,1430.0,977.75,25.800000190735,45.425000190735,1.4870026404719343
2004-09-04 02:00:00,2004-09-04,02:00:00,0.9,987.25,6.171846614801026,819.75,378.11764705882354,771.75,92.23529411764706,1400.25,934.5,25.400000095367,45.925000190735,1.468402013092955
2004-09-04 03:00:00,2004-09-04,03:00:00,0.8,958.25,4.453477389405901,735.25,375.32941176470587,815.5,91.85882352941177,1408.5,906.0,25.175000190735,46.400000572205,1.4640382791685376
2004-09-04 04:00:00,2004-09-04,04:00:00,0.8,962.0,4.682892421913301,747.25,372.54117647058825,812.5,91.48235294117647,1431.25,912.75,22.950000286102,52.700000762939,1.456800102951051
2004-09-04 05:00:00,2004-09-04,05:00:00,0.8,958.0,4.615472500096256,743.75,369.7529411764706,808.5,91.10588235294118,1419.0,902.75,22.125,54.5,1.4337249402695968
2004-09-04 06:00:00,2004-09-04,06:00:00,1.0,975.5,5.338916979838759,780.25,366.964705882353,795.0,90.72941176470589,1466.5,898.25,22.5,53.599999427795,1.4422177480009974
2004-09-04 07:00:00,2004-09-04,07:00:00,1.7,1087.75,9.145099271304806,945.0,364.1764705882353,636.0,90.3529411764706,1613.0,1164.75,21.974999904633,55.375000953674,1.4436350651717396
2004-09-04 08:00:00,2004-09-04,08:00:00,1.9,1159.0,11.03993603930084,1015.75,361.38823529411764,594.5,89.97647058823529,1681.0,1260.0,23.400000095367,51.550001144409,1.463880761057119
2004-09-04 09:00:00,2004-09-04,09:00:00,2.0,1156.25,10.265129061124828,987.5,358.6,614.75,89.6,1634.25,1249.5,26.675000190735,42.974999427795,1.4807985541378854
2004-09-04 10:00:00,2004-09-04,10:00:00,2.2,1202.0,11.172567986822711,1020.5,355.81176470588235,649.25,89.2235294117647,1644.0,1226.0,31.275000572205,32.89999961853,1.4771049718667213
2004-09-04 11:00:00,2004-09-04,11:00:00,2.3,1226.0,12.890739433927624,1080.0,353.0235294117647,622.0,88.84705882352941,1697.0,1188.0,34.800000190735,27.125000476837,1.4836646384008183
2004-09-04 12:00:00,2004-09-04,12:00:00,2.3,1181.0,13.21980155138646,1091.0,350.2352941176471,638.25,88.47058823529412,1636.75,1071.5,38.324999809265,21.5,1.4263074238338058
2004-09-04 13:00:00,2004-09-04,13:00:00,1.8,1061.5,9.764202059305012,968.75,347.4470588235294,728.75,88.09411764705882,1459.25,782.25,37.050000190735,21.174999713898,1.3107030304634453
2004-09-04 14:00:00,2004-09-04,14:00:00,1.4,1012.5,7.934977356048177,896.5,344.6588235294118,797.75,87.71764705882353,1350.5,593.75,37.325000762939,20.324999809265,1.277094957845064
2004-09-04 15:00:00,2004-09-04,15:00:00,1.6,1028.75,8.338444389674756,913.0,341.8705882352941,787.25,87.34117647058824,1373.0,606.5,38.27499961853,19.250000476837,1.27359081466174
2004-09-04 16:00:00,2004-09-04,16:00:00,2.3,1143.5,11.888908849711504,1045.75,339.0823529411765,681.5,86.96470588235294,1563.5,878.5,40.699999809265,16.97500038147,1.2793498260117175
2004-09-04 17:00:00,2004-09-04,17:00:00,2.4,1158.5,12.279664077200536,1059.25,336.29411764705884,664.0,86.58823529411765,1579.5,944.5,39.52499961853,18.474999904633,1.3075502742504512
2004-09-04 18:00:00,2004-09-04,18:00:00,2.1,1113.25,10.00999079628528,978.0,333.50588235294117,704.75,86.21176470588236,1537.5,945.75,36.60000038147,22.625,1.366434951730163
2004-09-04 19:00:00,2004-09-04,19:00:00,1.8,1099.5,9.112994655087892,943.75,330.71764705882356,730.25,85.83529411764707,1524.0,881.5,32.825000286102,28.249999523163,1.3841505059237993
2004-09-04 20:00:00,2004-09-04,20:00:00,1.7,1036.75,7.766392552688361,889.5,327.9294117647059,765.0,85.45882352941176,1407.5,735.25,30.724999904633,30.650000095367,1.333788305894125
2004-09-04 21:00:00,2004-09-04,21:00:00,1.9,1054.5,10.278633174525403,988.0,325.1411764705882,719.5,85.08235294117647,1489.75,874.0,30.10000038147,28.699999809265,1.2052318962551405
2004-09-04 22:00:00,2004-09-04,22:00:00,1.6,979.5,8.044167346520918,901.0,322.3529411764706,811.5,84.70588235294117,1368.5,731.25,29.724999904633,25.400000095367,1.0440255901316426
2004-09-04 23:00:00,2004-09-04,23:00:00,2.6,1083.0,13.30261909342071,1093.75,319.56470588235294,706.0,84.32941176470588,1536.5,925.75,29.550000190735,24.300000190735,0.9888502870578976
2004-09-05 00:00:00,2004-09-05,00:00:00,5.8,1398.5,30.315761337579293,1558.25,316.77647058823527,473.25,83.95294117647059,2051.75,1652.0,28.02499961853,29.099999427795,1.0845966823378372
2004-09-05 01:00:00,2004-09-05,01:00:00,3.0,1193.75,18.54638399620996,1255.25,313.98823529411766,555.25,83.5764705882353,1693.75,1452.25,27.150000095367,33.275000572205,1.178771437394245
2004-09-05 02:00:00,2004-09-05,02:00:00,1.5,970.25,7.299092625761445,869.75,311.2,791.5,83.2,1376.25,942.5,27.474999427795,30.89999961853,1.115527048199784
2004-09-05 03:00:00,2004-09-05,03:00:00,0.9,898.25,4.18285001004356,720.75,308.4117647058824,911.5,82.82352941176471,1263.5,594.0,27.125,33.25,1.1761721608760924
2004-09-05 04:00:00,2004-09-05,04:00:00,1.1,929.25,5.101134317941586,768.5,305.6235294117647,878.5,82.44705882352942,1335.25,607.0,26.400000572205,35.14999961853,1.1918522518662191
2004-09-05 05:00:00,2004-09-05,05:00:00,0.9,912.5,4.425146462846976,733.75,302.8352941176471,863.5,82.07058823529411,1338.25,645.75,25.575000286102,37.550000190735,1.213055881800318
2004-09-05 06:00:00,2004-09-05,06:00:00,0.7,853.75,2.2115838820803524,599.5,300.0470588235294,1102.0,81.69411764705882,1252.25,541.75,25.424999713898,38.574999809265,1.2352115450361465
2004-09-05 07:00:00,2004-09-05,07:00:00,0.6,881.0,2.912492080376828,646.5,297.25882352941176,963.75,81.31764705882352,1250.0,549.75,25.525000572205,38.174999237061,1.2296226573281253
2004-09-05 08:00:00,2004-09-05,08:00:00,0.7,867.25,2.473977118278611,617.75,294.47058823529414,1041.5,80.94117647058823,1230.75,487.75,27.049999713898,34.325000762939,1.2089053811105726
2004-09-05 09:00:00,2004-09-05,09:00:00,0.8,884.5,2.7796748221150374,638.0,291.6823529411765,1059.0,80.56470588235294,1247.5,483.5,29.924999713898,29.575000286102,1.2296204180937966
2004-09-05 10:00:00,2004-09-05,10:00:00,0.9,899.25,3.0278593859425342,653.75,288.8941176470588,1037.25,80.18823529411765,1253.5,480.5,31.949998855591,26.75,1.2477080789260344
2004-09-05 11:00:00,2004-09-05,11:00:00,1.0,885.5,2.6951462531387347,632.5,286.1058823529412,1070.5,79.81176470588235,1214.0,453.25,32.950000762939,23.474999904633,1.1582816150060284
2004-09-05 12:00:00,2004-09-05,12:00:00,0.9,863.5,2.9798895042342077,650.75,283.3176470588235,1096.0,79.43529411764706,1193.0,442.5,34.5,19.275000095367,1.0369050676769538
2004-09-05 13:00:00,2004-09-05,13:00:00,0.7,821.75,2.3682384058786643,610.5,280.52941176470586,1191.25,79.05882352941177,1137.75,403.0,33.224999427795,19.025000095367,0.953280152644128
2004-09-05 14:00:00,2004-09-05,14:00:00,0.6,810.0,2.173136161743628,596.75,277.74117647058824,1255.0,78.68235294117648,1105.5,360.5,32.225000858307,20.474999904633,0.9699389977785654
2004-09-05 15:00:00,2004-09-05,15:00:00,0.6,784.25,1.8890827441233968,575.75,274.95294117647063,1327.25,78.30588235294118,1059.75,342.25,32.625,17.474999904633,0.8466559746587603
2004-09-05 16:00:00,2004-09-05,16:00:00,0.8,823.25,2.706607310569878,633.25,272.16470588235296,1228.25,77.92941176470589,1103.25,365.5,33.049999237061,17.5,0.8683198521179386
2004-09-05 17:00:00,2004-09-05,17:00:00,0.9,862.5,3.4232992506718727,677.75,269.3764705882353,1153.0,77.5529411764706,1139.0,433.75,32.949999809265,17.474999904633,0.8622351485481696
2004-09-05 18:00:00,2004-09-05,18:00:00,1.1,879.5,4.307931854750126,727.5,266.5882352941177,1045.75,77.17647058823529,1166.75,514.25,31.599999427795,18.02499961853,0.8242896345810009
2004-09-05 19:00:00,2004-09-05,19:00:00,1.7,951.25,7.038453654816475,858.5,263.8,897.0,76.8,1266.5,717.75,29.275000095367,20.375,0.8161519247672229
2004-09-05 20:00:00,2004-09-05,20:00:00,1.5,941.5,5.462115192689236,786.25,261.01176470588234,930.25,76.4235294117647,1245.25,704.75,27.849999904633,24.400000095367,0.9002489833468869
2004-09-05 21:00:00,2004-09-05,21:00:00,1.6,987.75,7.049951745139518,859.0,258.22352941176473,844.75,76.04705882352941,1341.25,799.25,27.125,26.925000190735,0.952434155065443
2004-09-05 22:00:00,2004-09-05,22:00:00,1.7,1008.25,6.719763165176905,844.5,255.43529411764706,831.75,75.67058823529412,1349.25,855.5,26.325000286102,29.5,0.9958924040264604
2004-09-05 23:00:00,2004-09-05,23:00:00,1.3,964.75,5.116173813476844,769.25,252.64705882352942,878.25,75.29411764705883,1315.0,667.25,25.875,32.925000190735,1.0825699654538268
2004-09-06 00:00:00,2004-09-06,00:00:00,1.3,957.0,4.109470042754052,716.75,249.85882352941178,910.75,74.91764705882353,1322.0,578.5,25.349999904633,36.900000572205,1.17636642594609
2004-09-06 01:00:00,2004-09-06,01:00:00,1.0,920.5,3.222993460672848,665.75,247.07058823529414,953.5,74.54117647058824,1288.25,480.25,24.825000286102,40.050000190735,1.2378201597671616
2004-09-06 02:00:00,2004-09-06,02:00:00,0.6,854.0,1.7060697219224368,561.5,244.28235294117647,1105.5,74.16470588235293,1224.25,400.0,24.349999904633,42.949999809265,1.290618895766896
2004-09-06 03:00:00,2004-09-06,03:00:00,0.5,826.25,1.0477964086026723,503.75,241.49411764705883,1249.5,73.78823529411764,1203.75,384.5,24.025000095367,45.474999427795,1.3403674541949429
2004-09-06 05:00:00,2004-09-06,05:00:00,0.4,892.0,1.941878073061594,579.75,238.7058823529412,1076.25,73.41176470588235,1271.0,515.5,23.474999904633,49.050000190735,1.3991379313955643
2004-09-06 06:00:00,2004-09-06,06:00:00,0.7,954.25,3.12477702038371,659.75,235.91764705882355,938.25,73.03529411764706,1342.25,727.5,23.674999713898,49.175000190735,1.4195359812633983
2004-09-06 07:00:00,2004-09-06,07:00:00,1.8,1119.5,7.778383116128054,890.0,233.12941176470588,727.75,72.65882352941176,1546.25,1034.5,23.599999904633,49.575000762939,1.4246982543440718
2004-09-06 08:00:00,2004-09-06,08:00:00,1.9,1095.75,8.53088910572999,920.75,230.34117647058824,715.5,72.28235294117647,1533.5,987.5,24.349999904633,45.425000190735,1.3649910092369966
2004-09-06 09:00:00,2004-09-06,09:00:00,1.7,1057.5,7.977364527024395,898.25,227.5529411764706,748.75,71.90588235294118,1469.5,977.0,26.349999904633,38.25,1.2931756002307244
2004-09-06 10:00:00,2004-09-06,10:00:00,1.3,977.0,5.743678765887553,799.75,224.76470588235296,842.5,71.52941176470588,1371.75,778.0,27.625000476837,34.22500038147,1.2463741009327347
2004-09-06 11:00:00,2004-09-06,11:00:00,1.4,976.75,6.613069048819442,839.75,221.97647058823532,827.0,71.15294117647059,1390.0,735.75,29.200000286102,29.050000190735,1.1586411595154942
2004-09-06 12:00:00,2004-09-06,12:00:00,1.3,942.5,5.262527331625359,776.5,219.18823529411765,879.5,70.7764705882353,1333.25,632.0,29.224999904633,28.599999904633,1.1423323239848635
2004-09-06 13:00:00,2004-09-06,13:00:00,1.4,964.0,6.036635420094221,813.5,216.4,849.75,70.4,1369.25,688.5,29.424999713898,28.299999713898,1.1434000256956098
2004-09-06 14:00:00,2004-09-06,14:00:00,1.2,953.0,5.35425120194834,781.0,213.61176470588236,889.0,70.02352941176471,1356.3333333333,641.0,29.799999872843,28.000000635783,1.1558449186557176
2004-09-06 15:00:00,2004-09-06,15:00:00,1.3,967.0,6.052793316140268,814.25,210.82352941176472,853.5,69.64705882352942,1384.5,703.25,30.075000286102,26.749999523163,1.1217406637487677
2004-09-06 16:00:00,2004-09-06,16:00:00,1.5,995.75,6.674750599214449,842.5,208.03529411764706,839.75,69.27058823529411,1393.5,765.0,30.075000286102,27.200000286102,1.140611099767637
2004-09-06 17:00:00,2004-09-06,17:00:00,2.3,1090.5,11.695554651706663,1039.0,205.24705882352941,698.5,68.89411764705882,1586.25,922.75,29.625,27.474999904633,1.1228667471470215
2004-09-06 18:00:00,2004-09-06,18:00:00,2.6,1113.75,13.50683251398055,1100.5,202.45882352941177,662.5,68.51764705882353,1631.75,1056.75,29.574999809265,27.675000190735,1.12780516476605
2004-09-06 19:00:00,2004-09-06,19:00:00,2.9,1132.75,13.50683251398055,1100.5,199.67058823529413,646.75,68.14117647058823,1669.0,1104.75,28.049999713898,30.074999809265,1.1225596709732562
2004-09-06 20:00:00,2004-09-06,20:00:00,1.8,1031.25,8.52465200763202,920.5,196.8823529411765,730.5,67.76470588235294,1489.75,896.75,26.800000190735,33.77499961853,1.172317688078525
2004-09-06 21:00:00,2004-09-06,21:00:00,1.3,952.25,5.482764633691687,787.25,194.09411764705882,856.0,67.38823529411765,1341.75,722.75,25.650000572205,35.75,1.1600138997465437
2004-09-06 22:00:00,2004-09-06,22:00:00,1.3,948.75,5.822959543858955,803.5,191.30588235294118,835.0,67.01176470588236,1365.25,740.0,25.424999713898,35.150000572205,1.1255395134023216
2004-09-06 23:00:00,2004-09-06,23:00:00,1.2,932.0,4.765319158079068,751.5,188.51764705882354,888.5,66.63529411764706,1309.5,686.75,24.950000286102,37.300000190735,1.1613769984231608
2004-09-07 00:00:00,2004-09-07,00:00:00,1.2,966.0,5.206806806608315,773.75,185.7294117647059,859.25,66.25882352941176,1352.25,644.0,24.625000476837,40.47500038147,1.236235801201771
2004-09-07 01:00:00,2004-09-07,01:00:00,0.8,888.0,3.015836303435833,653.0,182.94117647058823,972.5,65.88235294117646,1271.75,497.25,24.22500038147,43.77499961853,1.3056858312349902
2004-09-07 02:00:00,2004-09-07,02:00:00,0.6,846.75,2.7142595317843483,633.75,180.1529411764706,1012.0,65.50588235294117,1258.25,524.75,24.0,43.749999046326,1.2876076797799227
2004-09-07 03:00:00,2004-09-07,03:00:00,0.6,856.25,3.5812024590957425,687.0,177.36470588235295,955.25,65.12941176470588,1260.25,725.75,21.900000095367,48.25,1.2522085674818315
2004-09-07 04:00:00,2004-09-07,04:00:00,0.6,881.0,4.444025183031574,734.75,174.5764705882353,876.25,64.75294117647059,1308.25,782.75,22.35000038147,47.224999427795,1.2592800468844416
2004-09-07 05:00:00,2004-09-07,05:00:00,0.7,882.0,4.00495801135597,711.0,171.78823529411767,936.25,64.37647058823529,1310.0,740.75,22.949999809265,46.525000572205,1.286102897655106
2004-09-07 06:00:00,2004-09-07,06:00:00,1.3,1015.75,7.718509188108721,887.5,169.0,775.5,64.0,1485.0,1039.75,23.125,46.974999427795,1.312216669828138
2004-09-07 07:00:00,2004-09-07,07:00:00,2.5,1227.75,13.880823989502026,1112.75,231.0,627.75,72.0,1718.5,1324.0,23.724999904633,46.199999809265,1.3376363219505298
2004-09-07 08:00:00,2004-09-07,08:00:00,3.4,1310.75,21.952680637394877,1349.75,232.0,528.75,73.0,1957.25,1486.0,25.77499961853,41.875,1.3687798300420173
2004-09-07 09:00:00,2004-09-07,09:00:00,2.1,1081.0,10.150649865204098,983.25,145.0,702.5,64.0,1545.75,1079.25,27.300000190735,38.25,1.366892833536394
2004-09-07 10:00:00,2004-09-07,10:00:00,2.2,1103.5,10.414090310619091,993.0,170.0,704.5,74.0,1539.25,1081.0,30.999999523163,29.14999961853,1.2884887015757902
2004-09-07 11:00:00,2004-09-07,11:00:00,1.7,990.75,7.959186808148644,897.5,214.0,787.25,89.0,1411.75,805.75,31.599999904633,25.450000286102,1.1638375836606565
2004-09-07 12:00:00,2004-09-07,12:00:00,2.1,1007.5,10.0567841665389,979.75,235.91666666666666,754.5,97.25,1465.25,824.5,32.474998950958,21.175000190735,1.0173085674521911
2004-09-07 13:00:00,2004-09-07,13:00:00,2.2,985.5,10.735385264170212,1004.75,257.8333333333333,752.25,105.5,1439.25,906.75,31.699999809265,20.5,0.9427861886106804
2004-09-07 14:00:00,2004-09-07,14:00:00,1.4,948.25,7.8504920260883315,893.0,279.75,827.5,113.75,1374.0,767.5,31.52499961853,21.450000286102,0.9767642330271202
2004-09-07 15:00:00,2004-09-07,15:00:00,1.4,919.0,7.124884256284368,862.25,301.6666666666667,850.5,122.0,1292.75,696.75,31.64999961853,20.849999904633,0.956176842328598
2004-09-07 16:00:00,2004-09-07,16:00:00,1.6,958.25,9.010583552600266,939.75,323.58333333333337,819.75,130.25,1379.5,728.0,32.35000038147,19.449999809265,0.9278884296528436
2004-09-07 17:00:00,2004-09-07,17:00:00,2.3,1037.25,11.172567986822711,1020.5,345.5,747.0,138.5,1450.5,786.25,31.700000286102,20.300000190735,0.933588308501368
2004-09-07 18:00:00,2004-09-07,18:00:00,3.3,1119.75,16.04357861573814,1181.0,367.4166666666667,652.75,146.75,1604.0,1028.0,31.125000476837,20.97500038147,0.9337366159695074
2004-09-07 19:00:00,2004-09-07,19:00:00,4.1,1205.0,19.913525522719976,1294.0,389.33333333333337,578.5,155.0,1744.25,1317.0,28.875,25.375,0.993327028088949
2004-09-07 20:00:00,2004-09-07,20:00:00,3.3,1171.75,15.3318700568173,1159.0,411.25,597.0,163.25,1652.5,1289.75,27.449999809265,30.825000286102,1.1112040438700386
2004-09-07 21:00:00,2004-09-07,21:00:00,2.2,1088.25,11.123625027988624,1018.75,433.1666666666667,667.75,171.5,1554.25,1164.5,26.25,34.074999809265,1.145298303563418
2004-09-08 17:00:00,2004-09-08,17:00:00,3.4,1206.5,15.018181434549735,1142.25,455.08333333333337,796.625,179.75,1497.375,1353.75,29.324999809265,26.950000047683503,1.0468702896094493
2004-09-08 18:00:00,2004-09-08,18:00:00,4.0,1324.75,18.912737841110847,1265.75,477.0,925.5,188.0,1440.5,1543.0,32.39999961853,19.825000286102,0.9484422756554806
2004-09-08 19:00:00,2004-09-08,19:00:00,4.7,1383.25,24.08568681264172,1405.75,502.0,823.75,176.0,1582.0,1677.75,29.875,22.27499961853,0.9234691979317854
2004-09-08 20:00:00,2004-09-08,20:00:00,3.8,1253.75,18.054084903589523,1241.0,420.0,872.75,163.0,1462.75,1431.25,28.224999427795,24.824999809265,0.93602983160511
2004-09-08 21:00:00,2004-09-08,21:00:00,2.8,1220.75,15.807517982053575,1173.75,344.0,874.25,155.0,1481.25,1413.25,26.75,28.949999809265,1.0019150433863884
2004-09-08 22:00:00,2004-09-08,22:00:00,2.6,1225.75,14.649682363278062,1137.5,307.0,861.75,146.0,1481.0,1418.75,25.10000038147,32.25,1.0130754326813078
2004-09-08 23:00:00,2004-09-08,23:00:00,2.0,1099.75,10.570799727369264,998.75,251.0,983.75,131.0,1360.5,1145.25,25.375,30.450000286102,0.9721726096785892
2004-09-09 00:00:00,2004-09-09,00:00:00,1.4,999.0,7.516415424125155,879.0,180.0,1113.5,119.0,1260.5,960.25,24.85000038147,28.349999427795,0.8775061581605952
2004-09-09 01:00:00,2004-09-09,01:00:00,1.2,980.25,7.369277782824489,872.75,141.0,1087.5,98.0,1258.25,949.25,23.200000286102,30.499999523163,0.8558284474739248
2004-09-09 02:00:00,2004-09-09,02:00:00,0.6,858.75,3.77291593711671,698.0,105.0,1253.75,89.0,1156.75,819.25,22.325000286102,33.64999961853,0.8959472040770305
2004-09-09 03:00:00,2004-09-09,03:00:00,0.3,814.0,2.300031610531572,605.75,89.5,1369.75,78.5,1130.5,744.5,23.049999713898,33.025000572205,0.9184013114828417
2004-09-09 04:00:00,2004-09-09,04:00:00,0.2,806.0,2.2929014229629385,605.25,74.0,1366.25,68.0,1131.5,725.0,21.375,35.72500038147,0.8982004633820142
2004-09-09 05:00:00,2004-09-09,05:00:00,0.4,813.25,2.664684868102575,630.5,91.0,1327.0,65.0,1108.25,710.0,21.650000572205,33.425000190735,0.8544680017733847
2004-09-09 06:00:00,2004-09-09,06:00:00,0.6,889.0,4.936947752144086,760.25,143.0,1223.5,81.0,1212.5,806.0,20.27499961853,35.47500038147,0.8342469276097582
2004-09-09 07:00:00,2004-09-09,07:00:00,3.0,1199.75,18.23480122749713,1246.25,553.0,797.5,136.0,1574.25,1415.5,19.674999713898,37.500000953674,0.8501148800633332
2004-09-09 08:00:00,2004-09-09,08:00:00,3.2,1288.5,21.386474809325527,1334.5,542.0,723.75,130.0,1680.75,1521.25,20.974999904633,35.599999427795,0.8736152842179132
2004-09-09 09:00:00,2004-09-09,09:00:00,3.5,1355.0,21.331123414716235,1333.0,590.0,740.75,157.0,1690.75,1604.5,25.0,28.89999961853,0.9024958324357696
2004-09-09 10:00:00,2004-09-09,10:00:00,3.1,1277.25,19.85089135668633,1292.25,590.0,799.75,171.0,1625.75,1480.75,31.049999713898,21.900000095367,0.9707750762062394
2004-09-09 11:00:00,2004-09-09,11:00:00,2.2,1155.75,14.783483035362297,1141.75,387.0,906.75,143.0,1490.0,1187.5,34.925000190735,18.5,1.0189256018827375
2004-09-09 12:00:00,2004-09-09,12:00:00,1.7,1053.75,12.624141307148411,1071.0,252.0,1005.5,116.0,1379.75,940.25,37.074999809265,15.0,0.9297465890277176
2004-09-09 13:00:00,2004-09-09,13:00:00,2.0,1095.75,12.972673346205386,1082.75,310.0,970.75,129.0,1429.75,985.5,34.950000762939,17.299999713898,0.954151888383178
2004-09-09 14:00:00,2004-09-09,14:00:00,2.5,1159.75,16.182651999829726,1185.25,396.0,872.75,168.0,1521.75,1161.5,35.050000190735,17.549999713898,0.9733077382914166
2004-09-09 15:00:00,2004-09-09,15:00:00,2.4,1147.5,15.020865759657433,1149.25,329.0,924.0,152.0,1473.0,1046.5,35.425000190735,16.574999570847,0.9384668487003028
2004-09-09 16:00:00,2004-09-09,16:00:00,2.9,1166.0,16.215449497341705,1186.25,393.0,877.5,175.0,1500.25,1179.5,38.425000190735,13.825000047684,0.922124816820218
2004-09-09 17:00:00,2004-09-09,17:00:00,4.2,1314.75,22.723724962770515,1370.25,522.0,794.0,212.0,1688.5,1398.5,37.625,14.524999856949,0.927682408398506
2004-09-09 18:00:00,2004-09-09,18:00:00,5.4,1424.75,32.346781894398696,1605.0,631.0,659.5,220.0,1919.75,2321.0,35.175000190735,16.550000190735,0.9242106024713737
2004-09-09 19:00:00,2004-09-09,19:00:00,4.3,1329.25,22.317981765359505,1359.5,435.0,704.25,175.0,1767.5,1894.25,31.150000572205,25.52499961853,1.1378995368732725
2004-09-09 20:00:00,2004-09-09,20:00:00,3.6,1298.75,16.578088287183164,1197.25,407.0,762.5,165.0,1687.5,1605.5,29.25,30.724999904633,1.2289716221049776
2004-09-09 21:00:00,2004-09-09,21:00:00,2.0,1122.5,11.02601407721886,1015.25,255.0,845.25,136.0,1469.5,1297.0,28.275000095367,30.125000476837,1.139154841928324
2004-09-09 22:00:00,2004-09-09,22:00:00,1.5,1088.5,11.2777540500341,1024.25,180.0,831.25,111.0,1451.75,1182.25,27.424999713898,31.474999904633,1.1329883316878546
2004-09-09 23:00:00,2004-09-09,23:00:00,1.5,1081.0,9.267535472195304,949.75,186.0,876.25,114.0,1433.75,1138.0,26.150000095367,35.700000762939,1.192905314867312
2004-09-10 00:00:00,2004-09-10,00:00:00,1.2,1030.75,7.33414941150519,871.25,147.0,949.75,96.0,1392.75,971.75,25.224999904633,38.075000762939,1.2049122318384506
2004-09-10 01:00:00,2004-09-10,01:00:00,1.0,969.0,5.477599159348292,787.0,101.0,1035.0,75.0,1350.0,798.66666666667,24.400000254313,39.099999745687,1.1784191410344809
2004-09-10 02:00:00,2004-09-10,02:00:00,0.5,880.75,3.4656763020974166,680.25,69.0,1174.5,58.0,1250.75,630.25,23.699999809265,39.050000190735,1.1289381567444008
2004-09-10 03:00:00,2004-09-10,03:00:00,0.5,868.75,2.775808488627036,637.75,59.0,1219.0,49.5,1213.0,586.25,24.224999904633,38.52499961853,1.1490929791951607
2004-09-10 04:00:00,2004-09-10,04:00:00,0.4,866.0,2.87315397168927,644.0,49.0,1162.0,41.0,1218.0,629.0,24.5,38.549999237061,1.168752209352062
2004-09-10 05:00:00,2004-09-10,05:00:00,0.5,894.5,3.607094002427365,688.5,91.0,1134.25,55.0,1249.5,708.5,22.375000476837,43.525000572205,1.1623637076135225
2004-09-10 06:00:00,2004-09-10,06:00:00,0.7,932.75,5.456958023555496,786.0,144.0,1017.5,73.0,1306.25,858.25,22.300000190735,43.75,1.163114033803695
2004-09-10 07:00:00,2004-09-10,07:00:00,2.4,1208.5,15.452209964915284,1162.75,430.0,761.5,108.0,1605.75,1299.75,21.374999523163,45.800000190735,1.1515067814540243
2004-09-10 08:00:00,2004-09-10,08:00:00,4.1,1416.75,28.299541031454783,1510.5,606.0,587.0,147.0,1975.0,1676.25,22.89999961853,41.300001144409,1.1382523668733175
2004-09-10 09:00:00,2004-09-10,09:00:00,3.0,1227.0,17.77165406258,1232.75,519.0,738.75,150.0,1594.0,1384.25,26.599999904633,30.25,1.037772806831193
2004-09-10 10:00:00,2004-09-10,10:00:00,2.0,1092.5,12.77195815541459,1076.0,353.0,870.5,131.0,1457.0,1124.75,30.299999713898,23.0,0.9769518206312134
2004-09-10 11:00:00,2004-09-10,11:00:00,2.5,1134.5,15.669831720124469,1169.5,429.0,867.0,144.0,1522.5,1188.75,32.775001049042,18.89999961853,0.9234396450046652
2004-09-10 12:00:00,2004-09-10,12:00:00,2.4,1112.25,15.396001425208013,1161.0,345.0,865.75,151.0,1499.0,1088.25,34.325000762939,17.675000190735,0.941640375970076
2004-09-10 13:00:00,2004-09-10,13:00:00,2.6,1146.5,15.613286694674445,1167.75,417.0,857.5,165.0,1491.5,1118.0,33.325000762939,18.925000190735,0.9535876017986268
2004-09-10 14:00:00,2004-09-10,14:00:00,1.9,1086.0,12.602032076385091,1070.25,276.0,907.25,135.0,1422.5,923.5,33.025000572205,20.10000038147,0.995931892900307
2004-09-10 15:00:00,2004-09-10,15:00:00,2.1,1077.0,12.177840077441488,1055.75,280.0,908.25,143.0,1405.5,935.25,33.599999427795,19.599999904633,1.0028863873724214
2004-09-10 16:00:00,2004-09-10,16:00:00,2.5,1110.0,13.415907252484365,1097.5,365.0,881.75,153.0,1449.5,1009.25,34.875,18.400000572205,1.0106178600345137
2004-09-10 17:00:00,2004-09-10,17:00:00,2.7,1146.25,14.251397008327942,1124.75,363.0,846.0,149.0,1511.0,1015.5,33.375000953674,20.325000286102,1.026996745907023
2004-09-10 18:00:00,2004-09-10,18:00:00,3.3,1211.0,16.47884777047315,1194.25,393.0,797.25,164.0,1599.0,1187.5,31.64999961853,22.699999809265,1.0410174694370025
2004-09-10 19:00:00,2004-09-10,19:00:00,3.2,1218.25,17.372686467446645,1221.0,385.0,754.5,180.0,1599.0,1290.0,29.199999809265,26.85000038147,1.0708955083854397
2004-09-10 20:00:00,2004-09-10,20:00:00,2.6,1136.25,12.942853590314304,1081.75,307.0,823.5,159.0,1477.5,1129.75,27.700000286102,30.050000190735,1.099106209896083
2004-09-10 21:00:00,2004-09-10,21:00:00,1.4,1016.75,8.221420840094932,908.25,194.0,932.25,119.0,1353.5,879.75,27.14999961853,31.02499961853,1.099064815962131
2004-09-10 22:00:00,2004-09-10,22:00:00,1.6,1062.5,9.15795459328947,945.5,205.0,886.25,127.0,1390.75,996.0,26.02499961853,33.375000953674,1.1070707260863175
2004-09-10 23:00:00,2004-09-10,23:00:00,1.7,1083.25,9.286930935153803,950.5,223.0,879.5,131.0,1392.5,1054.25,25.099999904633,35.724998474121,1.1222361943538233
2004-09-11 00:00:00,2004-09-11,00:00:00,1.6,1077.0,10.44127242610416,994.0,176.0,829.25,101.0,1429.25,1081.0,24.275000095367,38.525000572205,1.152509309168662
2004-09-13 10:00:00,2004-09-13,10:00:00,3.1,1371.5,18.398967235422145,1251.0,475.0,608.75,138.0,1889.75,1588.0,25.425000190735,52.974999427795,1.6963145315105512
2004-09-13 11:00:00,2004-09-13,11:00:00,2.9,1320.25,16.346922458639206,1190.25,395.0,654.5,138.0,1825.25,1481.5,29.97500038147,41.550000190735,1.7324413949305848
2004-09-13 12:00:00,2004-09-13,12:00:00,3.0,1345.5,18.21755709478531,1245.75,353.0,639.25,138.0,1906.5,1457.5,32.64999961853,34.775000095367,1.6872003562187723
2004-09-13 13:00:00,2004-09-13,13:00:00,3.0,1307.0,17.891241329384005,1236.25,397.0,648.75,137.0,1868.75,1356.25,32.150000572205,34.225001335144,1.614467785566472
2004-09-13 14:00:00,2004-09-13,14:00:00,2.2,1156.5,12.572578807441328,1069.25,274.0,736.5,120.0,1653.0,1099.75,32.050000190735,33.450000762939,1.5690417571109865
2004-09-13 15:00:00,2004-09-13,15:00:00,2.0,1154.0,11.31290941623808,1025.5,505.0,773.0,208.0,1622.5,1211.75,32.599999427795,31.75,1.5361148189279576
2004-09-13 16:00:00,2004-09-13,16:00:00,2.3,1171.75,14.878242654505954,1144.75,275.0,734.5,128.0,1676.0,1049.25,35.22500038147,25.199999809265,1.4111486231692827
2004-09-13 17:00:00,2004-09-13,17:00:00,3.1,1240.75,18.511652582526064,1254.25,360.0,693.0,145.0,1735.0,1148.5,34.299999237061,24.724999904633,1.315402923532689
2004-09-13 19:00:00,2004-09-13,19:00:00,6.2,1570.25,35.89410084609858,1683.75,597.0,494.0,168.0,2289.25,1716.0,29.02499961853,36.600001335144,1.4451588568768992
2004-09-13 20:00:00,2004-09-13,20:00:00,4.7,1418.0,26.676581221145483,1471.0,728.0,542.25,177.0,2063.5,1600.0,27.14999961853,42.200000762939,1.4949407459273611
2004-09-13 21:00:00,2004-09-13,21:00:00,3.0,1317.25,19.940394484258096,1294.75,891.0,593.0,172.0,1883.0,1591.5,26.074999809265,46.425000190735,1.5444710811866345
2004-09-13 22:00:00,2004-09-13,22:00:00,2.1,1204.0,14.59473877353001,1135.75,346.0,648.25,112.0,1781.5,1490.5,25.050000190735,49.425000190735,1.5480201563045144
2004-09-13 23:00:00,2004-09-13,23:00:00,1.0,1014.25,6.918207216219388,853.25,98.0,842.5,39.0,1498.75,1084.0,26.02499961853,46.35000038147,1.5374599883199846
2004-09-14 00:00:00,2004-09-14,00:00:00,0.8,956.0,5.612575310063474,793.5,144.0,896.25,68.0,1455.75,1006.5,24.72500038147,49.200000762939,1.5116481428945414
2004-09-14 01:00:00,2004-09-14,01:00:00,0.7,891.25,3.941904751445938,707.5,110.0,1004.75,51.0,1382.25,823.0,24.775000095367,48.974999427795,1.5091936401826973
2004-09-15 17:00:00,2004-09-15,17:00:00,3.3,1299.25,17.338910220166625,1220.0,341.0,624.0,112.0,1929.0,1319.0,26.925000190735,53.074999809265,1.855697517744701
2004-09-15 18:00:00,2004-09-15,18:00:00,6.1,1546.0,28.64366147532221,1518.75,622.0,493.25,170.0,2265.25,1648.75,26.525000095367,50.75,1.733440018432057
2004-09-15 19:00:00,2004-09-15,19:00:00,6.7,1571.0,31.809165094044225,1592.75,615.0,469.25,173.0,2408.5,1686.0,25.074999809265,55.824999809265,1.751054929941548
2004-09-15 20:00:00,2004-09-15,20:00:00,4.4,1312.25,20.101932471979797,1299.25,443.0,579.75,135.0,2015.5,1380.25,23.949999809265,58.875,1.7276063101621657
2004-09-15 21:00:00,2004-09-15,21:00:00,1.9,1073.75,9.15795459328947,945.5,219.0,767.25,93.0,1634.5,1079.0,23.14999961853,62.77499961853,1.7562039754671928
2004-09-15 22:00:00,2004-09-15,22:00:00,1.8,1127.25,10.305664104042568,989.0,203.0,752.25,74.0,1723.5,1096.0,22.099999904633,67.27499961853,1.767132197070977
2004-09-15 23:00:00,2004-09-15,23:00:00,1.5,1040.25,8.587110474608117,923.0,165.0,769.0,69.0,1639.5,1049.0,22.074999809265,66.499999046326,1.744146103609182
2004-09-16 00:00:00,2004-09-16,00:00:00,1.6,1060.25,8.624678823055866,924.5,339.0,772.0,109.0,1648.5,1160.5,21.125,70.125,1.7365828792651692
2004-09-16 01:00:00,2004-09-16,01:00:00,0.8,911.0,4.794557233587375,753.0,103.0,934.25,55.0,1496.0,865.25,21.875,67.124999046326,1.7394367658353982
2004-09-16 02:00:00,2004-09-16,02:00:00,0.5,853.0,2.5555026373923613,623.25,74.0,1107.25,49.0,1421.25,768.0,21.674999713898,67.424999237061,1.7262405401869592
2004-09-16 03:00:00,2004-09-16,03:00:00,0.7,915.25,4.261422078208184,725.0,73.0,961.75,45.5,1485.25,845.0,20.150000095367,73.824998855591,1.7229122348320258
2004-09-16 04:00:00,2004-09-16,04:00:00,0.6,896.75,4.510370306993502,738.25,72.0,935.5,42.0,1470.75,843.0,19.125,76.049999237061,1.666822583279524
2004-09-16 05:00:00,2004-09-16,05:00:00,0.9,975.75,6.607473744376966,839.5,180.0,844.0,50.0,1561.75,963.75,19.400000095367,75.375,1.6801670910773403
2004-09-16 06:00:00,2004-09-16,06:00:00,1.4,1065.75,10.123793161712667,982.25,239.0,740.0,53.0,1698.5,1064.5,19.650000095367,74.35000038147,1.682915573321676
2004-09-16 07:00:00,2004-09-16,07:00:00,4.2,1434.5,23.362129381293485,1387.0,664.0,544.0,86.0,2140.25,1467.25,19.900000572205,74.324998855591,1.7082881204921283
2004-09-16 08:00:00,2004-09-16,08:00:00,4.1,1420.25,25.025533216533265,1429.75,525.0,512.0,81.0,2193.5,1509.5,20.35000038147,72.800001144409,1.7198468153512678
2004-09-16 09:00:00,2004-09-16,09:00:00,3.6,1365.25,21.62703708737063,1341.0,543.0,548.75,96.0,2032.5,1517.5,21.599999904633,67.700000762939,1.7254433713405142
2004-09-16 10:00:00,2004-09-16,10:00:00,2.5,1170.75,12.98013285612212,1083.0,390.0,694.5,96.0,1757.75,1276.25,22.949999809265,59.074999809265,1.6330258463029552
2004-09-16 11:00:00,2004-09-16,11:00:00,1.3,981.75,6.849891943840394,850.25,217.0,887.5,79.0,1504.5,873.0,18.699999809265,73.10000038147,1.560789906885043
2004-09-16 12:00:00,2004-09-16,12:00:00,1.7,1021.0,10.036718472630536,979.0,248.0,798.25,95.0,1579.75,958.0,21.125,58.324998855591,1.4443664092089823
2004-09-16 13:00:00,2004-09-16,13:00:00,2.1,1043.75,11.702691805887644,1039.25,333.0,770.5,127.0,1608.75,1075.75,23.299999713898,47.050000190735,1.328135691251308
2004-09-16 14:00:00,2004-09-16,14:00:00,1.7,1005.25,9.843631831384473,971.75,279.0,834.0,102.0,1513.75,952.25,22.89999961853,47.925000190735,1.320841244259702
2004-09-16 15:00:00,2004-09-16,15:00:00,1.9,1021.0,10.204454244911034,985.25,339.0,816.0,107.0,1524.25,977.0,23.25,46.224999427795,1.3009541338718738
2004-09-16 16:00:00,2004-09-16,16:00:00,2.3,1063.5,11.96086428593333,1048.25,315.0,772.25,110.0,1574.0,1058.5,23.749999523163,45.35000038147,1.3149832491549545
2004-09-16 17:00:00,2004-09-16,17:00:00,3.3,1166.75,17.703472052446337,1230.75,365.0,659.25,124.0,1744.75,1199.0,23.77499961853,46.050000190735,1.3372706457988928
2004-09-16 18:00:00,2004-09-16,18:00:00,3.5,1166.5,18.825233696357703,1263.25,338.0,640.25,113.0,1790.25,1212.25,23.025000095367,49.299999237061,1.3689470966187098
2004-09-16 19:00:00,2004-09-16,19:00:00,3.6,1164.0,17.584422512200096,1227.25,318.0,657.5,104.0,1800.25,1192.75,21.89999961853,53.125,1.3787270100308957
2004-09-16 20:00:00,2004-09-16,20:00:00,2.9,1092.25,13.796487791717952,1110.0,302.0,725.25,117.0,1640.75,1105.25,21.325000286102,54.824999809265,1.3742473073444628
2004-09-16 21:00:00,2004-09-16,21:00:00,2.0,997.0,9.403666503822423,955.0,214.0,845.0,94.0,1528.0,925.5,21.174999713898,55.150000572205,1.3698869466860657
2004-09-16 22:00:00,2004-09-16,22:00:00,1.9,966.0,9.6258607183171,963.5,263.6666666666667,857.5,99.0,1559.5,1230.5,21.425000667572,54.77499961853,1.381331040735574
2004-09-16 23:00:00,2004-09-16,23:00:00,1.5,969.0,8.54961206733408,921.5,313.3333333333333,906.0,104.0,1487.5,994.75,20.849999427795,57.174999237061,1.392450077457
2004-09-17 00:00:00,2004-09-17,00:00:00,1.1,943.75,10.749149637776378,1005.25,363.0,874.25,109.0,1632.75,1094.0,21.324999809265,55.750000953674,1.397433410838632
2004-09-17 01:00:00,2004-09-17,01:00:00,0.8,833.75,6.101377435130518,816.5,178.0,1022.25,72.0,1407.75,774.0,21.400000095367,52.125,1.3125151585177517
2004-09-17 02:00:00,2004-09-17,02:00:00,0.5,796.0,3.2477498137764584,667.25,55.0,1162.0,40.0,1294.75,558.25,20.60000038147,56.625,1.3582501986554487
2004-09-17 03:00:00,2004-09-17,03:00:00,0.4,776.75,2.0053765045848437,584.5,43.5,1305.0,31.5,1265.5,510.0,20.025000095367,59.124999046326,1.3693533013229788
2004-09-17 04:00:00,2004-09-17,04:00:00,0.3,751.5,1.2246417165023895,520.5,32.0,1451.0,23.0,1247.25,470.75,19.650000095367,61.924999237061,1.4016751184840064
2004-09-17 05:00:00,2004-09-17,05:00:00,0.3,755.0,1.304805508023317,527.75,35.0,1472.25,24.0,1233.5,471.0,19.625000476837,59.050001144409,1.334554045132818
2004-09-17 06:00:00,2004-09-17,06:00:00,0.5,800.0,2.190576760964729,598.0,84.0,1336.25,41.0,1277.75,528.75,19.800000667572,56.650000572205,1.2941051195282491
2004-09-17 07:00:00,2004-09-17,07:00:00,2.4,1146.75,14.59473877353001,1135.75,456.0,736.5,99.0,1707.75,1113.5,20.249999523163,55.550000190735,1.3043495495261086
2004-09-17 08:00:00,2004-09-17,08:00:00,2.2,1036.0,9.652146550765297,964.5,342.0,854.25,91.0,1544.0,986.75,19.699999809265,57.75,1.311182704117424
2004-09-17 09:00:00,2004-09-17,09:00:00,1.4,925.75,6.736676120001603,845.25,239.0,978.5,81.0,1397.75,850.75,20.199999809265,53.14999961853,1.244194590159453
2004-09-17 10:00:00,2004-09-17,10:00:00,1.6,961.0,7.563761174473438,881.0,337.0,931.5,95.0,1416.75,901.0,21.97500038147,47.02499961853,1.2259492401182115
2004-09-17 11:00:00,2004-09-17,11:00:00,1.6,950.5,8.649763222680718,925.5,351.0,902.0,113.0,1459.5,948.75,23.5,41.599999427795,1.188400407225153
2004-09-17 12:00:00,2004-09-17,12:00:00,1.6,962.0,9.02335795018982,940.25,209.0,889.25,89.0,1441.25,855.0,22.750000476837,41.799999237061,1.1417201785518245
2004-09-17 13:00:00,2004-09-17,13:00:00,2.1,1003.75,10.721628410296905,1004.25,257.0,831.75,88.0,1490.25,911.25,23.449999809265,40.375000953674,1.1499686571003451
2004-09-17 14:00:00,2004-09-17,14:00:00,1.1,893.25,6.341278497026854,827.5,169.0,988.0,81.0,1356.5,672.0,23.199999809265,42.824999809265,1.2016672992735609
2004-09-17 15:00:00,2004-09-17,15:00:00,1.6,989.5,9.4231828476455,955.75,216.0,871.75,82.0,1476.0,825.75,23.625,43.199999809265,1.2433440245124376
2004-09-17 16:00:00,2004-09-17,16:00:00,2.4,1071.25,12.528454007624411,1067.75,303.0,798.0,115.0,1556.25,987.75,23.89999961853,40.800000190735,1.1936635784313483
2004-09-17 17:00:00,2004-09-17,17:00:00,2.9,1139.5,15.211931495518682,1155.25,320.0,733.0,112.0,1659.75,1104.5,23.60000038147,42.800000190735,1.2299966990044968
2004-09-17 18:00:00,2004-09-17,18:00:00,2.7,1103.25,14.815040893310265,1142.75,310.0,740.5,116.0,1646.5,1088.5,23.224999904633,43.275000572205,1.2161106987392003
2004-09-17 19:00:00,2004-09-17,19:00:00,3.1,1081.5,15.937573862437016,1177.75,341.0,732.5,129.0,1604.75,1076.75,22.75,42.500000953674,1.160839908498228
2004-09-17 20:00:00,2004-09-17,20:00:00,2.2,991.0,9.98329351054076,977.0,272.0,872.25,110.0,1447.5,922.75,22.275000095367,42.22500038147,1.120884009627773
2004-09-17 21:00:00,2004-09-17,21:00:00,1.5,935.0,6.889707395994527,852.0,229.0,978.0,105.0,1343.5,823.5,22.075000286102,42.974999427795,1.1271380606459356
2004-09-17 22:00:00,2004-09-17,22:00:00,1.2,907.5,5.539721776547866,790.0,168.0,1046.25,90.0,1316.5,717.0,22.150000095367,42.650000572205,1.1236790147371656
2004-09-17 23:00:00,2004-09-17,23:00:00,1.3,927.33333333333,6.3083326207889066,826.0,173.0,1021.3333333333,94.0,1330.6666666667,734.33333333333,22.13333384196,42.800000508626,1.1264997520038549
2004-09-18 00:00:00,2004-09-18,00:00:00,1.4,936.25,6.70849793298091,844.0,186.0,977.5,96.0,1364.5,776.0,22.125,43.500000953674,1.1443492893400669
2004-09-18 01:00:00,2004-09-18,01:00:00,0.9,846.5,3.707080441730824,694.25,112.0,1152.75,70.0,1240.25,593.75,21.474999904633,45.574999809265,1.1528052215660125
2004-09-18 02:00:00,2004-09-18,02:00:00,0.7,811.75,3.190110702966785,663.75,79.0,1211.5,57.0,1214.5,518.0,21.075000286102,44.47500038147,1.098048664949828
2004-09-18 03:00:00,2004-09-18,03:00:00,0.6,804.25,2.444611245499507,615.75,68.5,1270.5,49.5,1189.25,496.25,20.425000190735,47.099999427795,1.1178007971545127
2004-09-18 05:00:00,2004-09-18,05:00:00,0.5,774.75,2.346607639800625,609.0,58.0,1318.5,42.0,1189.5,468.25,20.150000095367,46.699999809265,1.089874734646778
2004-09-18 06:00:00,2004-09-18,06:00:00,0.8,835.25,3.637401245814188,690.25,122.0,1182.5,71.0,1257.0,621.25,20.125,47.824999809265,1.1144275474516463
2004-09-18 07:00:00,2004-09-18,07:00:00,1.2,913.25,6.3908344246556,829.75,173.0,979.5,82.0,1371.0,757.25,20.0,50.700000762939,1.1724353986384974
2004-09-18 08:00:00,2004-09-18,08:00:00,1.1,902.75,5.036181443461722,765.25,176.0,1034.75,81.0,1317.0,712.0,20.674999713898,49.675000190735,1.1969918157165038
2004-09-18 09:00:00,2004-09-18,09:00:00,1.6,982.25,7.898722148862834,895.0,233.0,892.0,89.0,1413.0,858.75,24.300000190735,39.525000572205,1.1841811414008725
2004-09-18 10:00:00,2004-09-18,10:00:00,1.4,924.75,6.562784024627489,837.5,210.0,949.0,83.0,1323.75,727.75,25.400000095367,34.774998664856,1.111892821615732
2004-09-18 11:00:00,2004-09-18,11:00:00,1.2,894.75,5.247305750259137,775.75,178.0,1024.25,82.0,1274.25,639.5,26.550000190735,30.699999809265,1.0501370147474656
2004-09-18 12:00:00,2004-09-18,12:00:00,1.4,930.0,6.562784024627489,837.5,189.0,956.5,78.0,1318.75,679.5,27.674999713898,28.124999523163,1.027206405606989
2004-09-18 13:00:00,2004-09-18,13:00:00,1.6,952.5,7.551912855453091,880.5,210.0,926.0,79.0,1338.5,703.75,27.550000190735,28.699999809265,1.0406283771379283
2004-09-18 14:00:00,2004-09-18,14:00:00,1.1,884.5,5.021242735593165,764.5,162.0,1017.25,78.0,1268.0,619.0,27.574999809265,29.175000190735,1.0593881864434858
2004-09-18 15:00:00,2004-09-18,15:00:00,1.1,903.25,5.303210072458306,778.5,137.0,1009.5,73.0,1278.25,582.75,28.099999904633,28.624999523163,1.071534108928635
2004-09-18 16:00:00,2004-09-18,16:00:00,1.3,927.0,5.344026303872138,780.5,165.0,994.25,73.0,1266.75,593.75,29.14999961853,26.77499961853,1.064840835699481
2004-09-18 17:00:00,2004-09-18,17:00:00,1.5,979.0,6.495992043448455,834.5,204.0,935.5,100.0,1337.5,699.75,28.39999961853,28.349999904633,1.0798042642005932
2004-09-18 18:00:00,2004-09-18,18:00:00,2.0,1049.5,9.183688329347296,946.5,266.0,831.5,122.0,1446.5,912.0,26.624999523163,32.074999332428,1.1019910199648193
2004-09-18 19:00:00,2004-09-18,19:00:00,2.4,1091.25,11.645646559704057,1037.25,299.0,769.5,132.0,1512.0,1038.25,25.349999904633,35.325000762939,1.1261556707222098
2004-09-18 20:00:00,2004-09-18,20:00:00,2.0,1040.25,9.15795459328947,945.5,234.0,826.5,116.0,1423.75,952.0,24.700000286102,37.14999961853,1.1397295022864125
2004-09-18 21:00:00,2004-09-18,21:00:00,1.5,997.0,7.516415424125155,879.0,181.0,885.25,109.0,1404.0,887.25,23.474999427795,40.625,1.15881705656058
2004-09-18 22:00:00,2004-09-18,22:00:00,1.7,1041.75,8.972306664178562,938.25,210.0,816.0,109.0,1455.75,1004.0,22.824999809265,43.424999237061,1.1914511997976562
2004-09-18 23:00:00,2004-09-18,23:00:00,2.5,1190.75,12.148813918689235,1054.75,304.0,706.75,116.0,1563.0,1221.0,22.175000190735,47.85000038147,1.262580143500693
2004-09-19 00:00:00,2004-09-19,00:00:00,2.2,1149.0,10.488913795517048,995.75,255.0,754.25,104.0,1534.0,1176.5,21.325000286102,50.474999427795,1.2652098913484793
2004-09-19 01:00:00,2004-09-19,01:00:00,1.4,972.5,7.1075621643931,861.5,149.0,850.25,81.0,1435.75,957.25,20.575000286102,53.199999809265,1.2741553411317876
2004-09-19 02:00:00,2004-09-19,02:00:00,1.2,940.25,6.2317436447591925,822.5,112.0,890.5,64.0,1414.5,852.5,19.625000476837,56.625,1.2797480328719837
2004-09-19 03:00:00,2004-09-19,03:00:00,1.2,949.0,7.766392552688361,889.5,101.0,854.25,59.0,1484.25,884.25,18.799999713898,59.800000190735,1.2847093864418184
2004-09-19 04:00:00,2004-09-19,04:00:00,0.9,829.75,3.7861422905558166,698.75,90.0,1011.75,54.0,1338.75,736.0,18.775000095367,59.474999427795,1.2757605814800776
2004-09-19 05:00:00,2004-09-19,05:00:00,0.5,773.25,2.3430107411589,608.75,46.0,1169.0,35.0,1256.25,590.0,19.27499961853,56.97500038147,1.2603091816841816
2004-09-19 06:00:00,2004-09-19,06:00:00,0.6,811.0,2.877077516989232,644.25,76.0,1143.5,44.0,1289.0,655.25,18.175000190735,60.800001144409,1.256747742072544
2004-09-19 07:00:00,2004-09-19,07:00:00,1.0,901.0,4.809204855249734,753.75,139.0,936.0,62.0,1350.75,854.25,16.849999904633,66.825000762939,1.2720815720444816
2004-09-19 08:00:00,2004-09-19,08:00:00,1.3,968.5,7.682679548673003,886.0,179.0,862.75,68.0,1450.75,953.0,18.625,60.025000572205,1.275705881524318
2004-09-19 09:00:00,2004-09-19,09:00:00,1.7,1026.5,8.826222726457212,932.5,224.0,806.0,85.0,1465.0,1049.5,22.199999809265,47.97500038147,1.26778512955558
2004-09-19 10:00:00,2004-09-19,10:00:00,2.2,1094.25,10.64610019277962,1001.5,272.0,754.5,110.0,1536.25,1113.5,26.450000286102,35.72500038147,1.2148983007813232
2004-09-19 11:00:00,2004-09-19,11:00:00,2.1,1083.0,10.157368780317263,983.5,251.0,783.5,115.0,1484.75,1048.75,29.97500038147,28.5,1.188317196843995
2004-09-19 12:00:00,2004-09-19,12:00:00,2.2,1098.0,11.019055904913763,1015.0,250.0,753.5,129.0,1507.75,995.5,32.199999809265,24.72500038147,1.1696215522131126
2004-09-19 13:00:00,2004-09-19,13:00:00,2.0,1058.5,11.932059899493012,1047.25,178.0,761.25,106.0,1548.75,840.75,29.550000190735,28.574999332428,1.162814653117745
2004-09-19 14:00:00,2004-09-19,14:00:00,2.0,1020.75,10.845710686462043,1008.75,137.0,770.5,87.0,1544.75,768.5,29.849999904633,28.525000095367,1.180889888806914
2004-09-19 15:00:00,2004-09-19,15:00:00,1.2,925.0,5.091118475893959,768.0,119.0,987.25,70.0,1289.25,541.25,31.125,26.125,1.1629972819457468
2004-09-19 16:00:00,2004-09-19,16:00:00,1.8,1045.25,8.270607965023949,910.25,193.0,877.5,106.0,1385.0,741.75,34.625,22.375,1.212043680659248
2004-09-19 17:00:00,2004-09-19,17:00:00,4.3,1302.75,20.735408792744465,1316.75,329.0,630.5,151.0,1816.25,1196.25,33.200000762939,25.425000190735,1.2721825551723438
2004-09-19 18:00:00,2004-09-19,18:00:00,3.8,1253.5,16.810636577549868,1204.25,413.0,667.75,179.0,1655.25,1337.75,29.950000286102,31.39999961853,1.3073642810286736
2004-09-19 19:00:00,2004-09-19,19:00:00,4.4,1345.25,20.35431734168056,1306.25,489.0,586.75,188.0,1806.0,1415.75,27.5,38.050000190735,1.3756473646542668
2004-09-19 20:00:00,2004-09-19,20:00:00,3.8,1272.5,15.323861661259553,1158.75,470.0,644.5,187.0,1704.25,1341.25,26.175000190735,42.525000572205,1.423044531140821
2004-09-19 21:00:00,2004-09-19,21:00:00,1.9,1095.5,8.794600710564875,931.25,228.0,766.0,121.0,1506.0,1019.0,24.674999713898,46.375,1.4206403654241435
2004-09-19 22:00:00,2004-09-19,22:00:00,1.7,1076.75,8.518416854434964,920.25,169.0,778.0,99.0,1508.5,935.0,23.625,49.974999427795,1.4383360460162598
2004-09-19 23:00:00,2004-09-19,23:00:00,1.8,1083.5,8.73150190350893,928.75,189.0,751.0,100.0,1516.75,1080.5,22.724999904633,53.64999961853,1.4631938703218847
2004-09-20 00:00:00,2004-09-20,00:00:00,1.1,980.0,5.748949731580042,800.0,100.0,863.0,79.0,1406.5,902.75,22.724999427795,53.774998664856,1.4666029213758307
2004-09-20 01:00:00,2004-09-20,01:00:00,0.8,881.75,4.045717310202204,713.25,71.0,978.25,57.0,1343.25,730.5,22.849999427795,53.049999237061,1.457714955396472
2004-09-20 02:00:00,2004-09-20,02:00:00,0.7,851.0,3.043921875375923,654.75,52.0,1051.25,43.0,1301.25,624.75,21.374999523163,57.550000190735,1.4469260964264696
2004-09-20 03:00:00,2004-09-20,03:00:00,0.6,818.75,2.1696551760690563,596.5,54.5,1112.25,46.5,1280.75,613.25,19.949999809265,62.300000190735,1.43628903485513
2004-09-20 04:00:00,2004-09-20,04:00:00,0.5,803.5,2.2291550697670157,600.75,57.0,1122.0,50.0,1280.75,646.0,19.525000095367,63.525001525879,1.426919121783771
2004-09-20 05:00:00,2004-09-20,05:00:00,0.5,822.5,2.664684868102575,630.5,69.0,1090.25,47.0,1304.25,670.5,20.22500038147,60.75,1.4242749730232145
2004-09-20 06:00:00,2004-09-20,06:00:00,0.9,902.75,4.702231772969308,748.25,126.0,936.5,60.0,1372.75,801.25,19.375,63.52499961853,1.4138507641234463
2004-09-20 07:00:00,2004-09-20,07:00:00,3.5,1310.0,21.71986635180888,1343.5,376.0,573.25,91.0,2026.25,1352.5,18.724999904633,65.64999961853,1.4038837032677367
2004-09-20 09:00:00,2004-09-20,09:00:00,5.7,1479.0,27.462412806094527,1490.25,737.0,493.75,159.0,2146.25,1748.5,23.450000286102,49.699999809265,1.4155651347460916
2004-09-20 10:00:00,2004-09-20,10:00:00,3.5,1285.25,18.10563982891983,1242.5,481.0,599.25,173.0,1814.75,1582.0,26.424999713898,41.924999237061,1.4236573934457308
2004-09-20 11:00:00,2004-09-20,11:00:00,3.7,1261.5,18.633333923865287,1257.75,425.0,597.0,174.0,1835.0,1483.75,29.875,34.0,1.409560191577357
2004-09-20 12:00:00,2004-09-20,12:00:00,3.1,1224.75,17.55895646126765,1226.5,330.0,642.75,165.0,1773.75,1321.25,31.499999523163,30.825000762939,1.4016878009489957
2004-09-20 13:00:00,2004-09-20,13:00:00,3.0,1161.75,16.26469881388359,1187.75,303.0,675.5,136.0,1680.5,1125.25,30.199999809265,30.175000190735,1.274427427929395
2004-09-20 14:00:00,2004-09-20,14:00:00,2.6,1103.0,11.838650221099392,1044.0,283.0,757.33333333333,125.0,1522.6666666667,966.66666666667,30.53333346049,29.299999872843,1.2612099509451662
2004-09-20 15:00:00,2004-09-20,15:00:00,2.4,1119.75,11.8745399796885,1045.25,264.0,752.0,122.0,1562.75,975.25,31.799999237061,27.400000095367,1.2672522092210965
2004-09-20 16:00:00,2004-09-20,16:00:00,2.6,1168.75,15.452209964915284,1162.75,280.0,707.5,124.0,1639.25,1024.5,34.27499961853,23.200000286102,1.232557820336552
2004-09-20 17:00:00,2004-09-20,17:00:00,5.0,1386.0,28.790187377897013,1522.25,505.0,559.5,184.0,1990.25,1469.25,34.050000190735,23.025000095367,1.2080522736946675
2004-09-20 18:00:00,2004-09-20,18:00:00,5.6,1425.5,31.13442863440343,1577.25,566.0,521.0,200.0,2080.0,1647.75,30.525000572205,29.249999523163,1.258460437502026
2004-09-20 19:00:00,2004-09-20,19:00:00,6.5,1476.25,34.92140667292175,1662.5,681.0,473.25,225.0,2167.0,1784.5,28.14999961853,32.425000190735,1.2172976380293428
2004-09-20 20:00:00,2004-09-20,20:00:00,4.1,1166.75,19.494597136811635,1282.25,448.0,633.25,168.0,1684.5,1371.25,26.474999904633,31.675000190735,1.0787465914104837
2004-09-20 21:00:00,2004-09-20,21:00:00,2.1,1032.25,11.681285912573529,1038.5,231.0,761.0,118.0,1454.75,1070.75,24.75,33.72500038147,1.037719737561452
2004-09-20 22:00:00,2004-09-20,22:00:00,2.0,1033.75,9.850263360273429,972.0,230.0,747.25,115.0,1437.25,1117.75,23.875,38.074998855591,1.112283471496967
2004-09-20 23:00:00,2004-09-20,23:00:00,1.4,985.5,7.658832618007967,885.0,146.0,834.75,94.0,1407.25,930.75,22.974999904633,42.974999427795,1.189749305461398
2004-09-21 00:00:00,2004-09-21,00:00:00,0.8,908.25,4.392191188913439,732.0,77.0,965.5,62.0,1310.75,721.75,23.499999523163,44.650000572205,1.275530723140125
2004-09-21 01:00:00,2004-09-21,01:00:00,0.8,891.25,4.050256979222614,713.5,82.0,957.25,68.0,1294.5,773.0,22.25,47.700000762939,1.2643172396153437
2004-09-21 02:00:00,2004-09-21,02:00:00,0.6,842.5,3.055992511572793,655.5,55.0,1042.0,50.0,1270.5,664.75,22.125,49.775000572205,1.3094249490330965
2004-09-21 03:00:00,2004-09-21,03:00:00,0.5,822.25,2.389953730982338,612.0,48.5,1093.5,43.0,1254.25,594.0,21.800000190735,51.449999809265,1.3272235379637438
2004-09-21 04:00:00,2004-09-21,04:00:00,0.4,813.5,2.06292760006336,588.75,42.0,1118.75,36.0,1246.25,564.75,20.824999809265,55.85000038147,1.3581163240410408
2004-09-21 05:00:00,2004-09-21,05:00:00,0.6,868.75,3.335032082092045,672.5,102.0,1032.5,53.0,1307.25,688.25,18.849999904633,63.02499961853,1.358170219957651
2004-09-21 06:00:00,2004-09-21,06:00:00,1.4,1013.0,8.14787482420468,905.25,231.0,803.75,79.0,1499.0,973.5,18.349999904633,65.5,1.3686286969340895
2004-09-21 07:00:00,2004-09-21,07:00:00,5.6,1515.25,31.405757664319367,1583.5,699.0,495.5,133.0,2287.5,1590.5,18.199999809265,66.074998855591,1.367897101807221
2004-09-21 08:00:00,2004-09-21,08:00:00,7.3,1586.5,41.17098714674078,1795.0,738.0,424.5,148.0,2530.5,1820.0,19.625000476837,60.674999237061,1.3712796630134734
2004-09-21 09:00:00,2004-09-21,09:00:00,5.3,1490.0,27.339306082553986,1487.25,665.0,507.75,161.0,2115.0,1806.75,22.60000038147,51.424999237061,1.3920300588463526
2004-09-21 10:00:00,2004-09-21,10:00:00,4.4,1434.5,24.182871342823493,1408.25,598.0,536.75,191.0,1990.75,1703.75,25.849999904633,44.199999809265,1.451158208057436
2004-09-21 11:00:00,2004-09-21,11:00:00,3.1,1246.0,16.96086061172638,1208.75,340.0,632.0,158.0,1791.75,1269.75,28.474999904633,39.025000572205,1.4928474394465965
2004-09-21 12:00:00,2004-09-21,12:00:00,3.3,1265.5,17.72050707929952,1231.25,374.0,615.0,157.0,1767.75,1265.25,30.125,35.14999961853,1.4782026320726414
2004-09-21 13:00:00,2004-09-21,13:00:00,3.8,1277.0,19.317482608417528,1277.25,401.0,585.5,188.0,1845.75,1226.0,29.449999809265,36.375,1.4717616234641668
2004-09-21 14:00:00,2004-09-21,14:00:00,2.3,1141.75,12.683180009517669,1073.0,275.0,671.25,143.0,1635.25,986.5,29.199999809265,37.900000572205,1.5116178697930371
2004-09-21 15:00:00,2004-09-21,15:00:00,2.6,1206.75,14.586896875181992,1135.5,278.0,644.5,152.0,1695.5,1023.5,30.525000095367,34.89999961853,1.501547634605236
2004-09-21 16:00:00,2004-09-21,16:00:00,3.2,1252.25,17.780184669309406,1233.0,342.0,617.75,168.0,1759.0,1127.0,31.52499961853,31.425000190735,1.4309937435790303
2004-09-21 17:00:00,2004-09-21,17:00:00,5.0,1398.5,26.55499078544203,1468.0,479.0,531.25,205.0,2072.25,1442.25,31.150000095367,31.375,1.3986913824700942
2004-09-21 18:00:00,2004-09-21,18:00:00,5.6,1464.25,30.326472857723463,1558.5,553.0,484.75,204.0,2157.5,1639.25,28.549999713898,37.175000190735,1.428246191045854
2004-09-21 19:00:00,2004-09-21,19:00:00,5.4,1422.0,28.67503304842678,1519.5,531.0,494.0,210.0,2087.0,1623.5,26.724999904633,42.300000190735,1.4618025885744883
2004-09-21 20:00:00,2004-09-21,20:00:00,4.4,1307.5,20.0121205444273,1296.75,428.0,567.25,173.0,1898.5,1454.25,24.775000095367,48.97500038147,1.5091936695707575
2004-09-21 21:00:00,2004-09-21,21:00:00,2.4,1137.0,11.924863429687202,1047.0,229.0,679.5,123.0,1620.25,1138.0,23.574999809265,53.574999809265,1.5373573468999089
2004-09-21 22:00:00,2004-09-21,22:00:00,1.5,1040.0,8.09900075580435,903.25,145.0,781.75,92.0,1494.25,950.75,23.02499961853,55.75,1.548048674218712
2004-09-21 23:00:00,2004-09-21,23:00:00,1.3,1018.0,7.658832618007967,885.0,112.0,809.25,77.0,1490.75,863.75,22.14999961853,58.425000190735,1.539295284510384
2004-09-22 00:00:00,2004-09-22,00:00:00,1.1,961.75,5.91337061589706,807.75,99.0,866.25,74.0,1430.0,868.25,22.599999904633,56.27499961853,1.5233153125940484
2004-09-22 01:00:00,2004-09-22,01:00:00,1.0,930.25,5.091118475893959,768.0,98.0,915.5,74.0,1408.75,825.0,20.974999904633,61.250000953674,1.5030600520098272
2004-09-22 02:00:00,2004-09-22,02:00:00,0.6,811.5,2.408114346922603,613.25,54.0,1132.5,47.0,1301.75,625.5,23.049999713898,53.975001335144,1.5010056367782416
2004-09-22 03:00:00,2004-09-22,03:00:00,0.5,826.0,2.389953730982338,612.0,56.5,1111.25,45.5,1304.25,605.25,19.775000095367,65.300000190735,1.489424099504631
2004-09-22 04:00:00,2004-09-22,04:00:00,0.6,877.75,3.843684322663092,702.0,59.0,948.5,44.0,1372.5,822.0,18.349999904633,70.799999237061,1.4793726824237152
2004-09-22 05:00:00,2004-09-22,05:00:00,0.8,922.0,5.01129410974165,764.0,162.0,891.75,69.0,1414.5,904.5,18.050000190735,72.52499961853,1.4875507265625112
2004-09-22 06:00:00,2004-09-22,06:00:00,1.5,1046.5,9.658722783426333,964.75,268.0,736.5,79.0,1605.5,1075.25,18.324999809265,70.975002288818,1.4807396199422551
2004-09-22 07:00:00,2004-09-22,07:00:00,4.1,1375.5,25.92053123833816,1452.25,531.0,521.25,108.0,2122.75,1541.25,18.549999713898,68.85000038147,1.456507086247041
2004-09-22 08:00:00,2004-09-22,08:00:00,5.5,1513.5,34.27552091201907,1648.25,517.0,457.0,119.0,2399.75,1748.75,20.125000476837,62.699999809265,1.461047764257525
2004-09-22 09:00:00,2004-09-22,09:00:00,5.5,1494.0,29.031600090298653,1528.0,701.0,479.25,165.0,2200.75,1797.75,23.47500038147,52.000000953674,1.4832859440270605
2004-09-22 10:00:00,2004-09-22,10:00:00,3.7,1316.25,20.04802474057212,1297.75,510.0,562.25,172.0,1888.25,1583.75,26.849999427795,42.699998855591,1.4864318899381208
2004-09-22 11:00:00,2004-09-22,11:00:00,3.3,1269.25,18.26068046701073,1247.0,415.0,596.5,180.0,1813.25,1441.0,29.075000286102,36.72500038147,1.4542695736320226
2004-09-22 12:00:00,2004-09-22,12:00:00,2.5,1151.75,13.446186578745062,1098.5,243.0,673.5,130.0,1630.5,1093.25,30.849999904633,31.974999904633,1.4013702192905328
2004-09-22 13:00:00,2004-09-22,13:00:00,2.6,1138.0,14.011592480319251,1117.0,267.0,657.25,120.0,1646.0,1018.5,27.924999713898,37.025000572205,1.3720037162911678
2004-09-22 14:00:00,2004-09-22,14:00:00,2.2,1132.0,12.054682937785309,1051.5,233.0,680.0,117.0,1608.75,944.25,28.52499961853,37.25,1.42906487079082
2004-09-22 15:00:00,2004-09-22,15:00:00,2.6,1186.0,15.31585504960172,1158.5,295.0,639.75,141.0,1700.5,1045.75,30.174999713898,32.874999523163,1.3864811020079728
2004-09-22 16:00:00,2004-09-22,16:00:00,2.9,1228.0,16.133508844949027,1183.75,309.0,657.25,151.0,1724.0,1088.5,32.875,27.72500038147,1.3622417795158726
2004-09-22 17:00:00,2004-09-22,17:00:00,5.0,1424.25,27.29832291774401,1486.25,506.0,522.75,218.0,2084.0,1536.75,32.200000286102,28.799999713898,1.3623903237216273
2004-09-22 18:00:00,2004-09-22,18:00:00,5.1,1427.0,26.1614587356337,1458.25,479.0,506.75,213.0,2048.75,1566.0,28.824999809265,38.950000762939,1.5203494023364656
2004-09-22 19:00:00,2004-09-22,19:00:00,5.2,1386.75,26.737465223750934,1472.5,460.0,507.5,194.0,2064.5,1509.75,26.650000095367,43.25,1.4880993314779976
2004-09-22 20:00:00,2004-09-22,20:00:00,3.8,1283.5,18.338412046262704,1249.25,363.0,582.0,167.0,1842.25,1299.75,24.60000038147,53.974999427795,1.6461296625523705
2004-09-22 21:00:00,2004-09-22,21:00:00,2.2,1110.25,11.853000566600253,1044.5,213.0,688.25,115.0,1638.0,1058.0,23.375,59.925000190735,1.6991694090871663
2004-09-22 22:00:00,2004-09-22,22:00:00,2.1,1109.75,11.496468626062793,1032.0,183.0,701.5,98.0,1649.75,1001.75,22.52499961853,62.64999961853,1.6882600494972646
2004-09-22 23:00:00,2004-09-22,23:00:00,1.8,1077.25,9.645572227732076,964.25,163.0,748.5,93.0,1571.25,923.25,22.924999713898,62.049999237061,1.712697837639552
2004-09-23 00:00:00,2004-09-23,00:00:00,1.6,1036.5,7.959186808148644,897.5,152.0,793.0,87.0,1539.0,836.0,22.224999904633,64.949999809265,1.7189505357002468
2004-09-23 01:00:00,2004-09-23,01:00:00,1.4,1002.0,6.935331178319356,854.0,104.0,817.75,71.0,1512.5,779.0,21.400000095367,68.549999237061,1.726099052566386
2004-09-23 02:00:00,2004-09-23,02:00:00,0.8,865.25,3.698339727006534,693.75,61.0,989.0,49.0,1384.75,677.75,22.224999427795,62.999999046326,1.6673422528053077
2004-09-23 03:00:00,2004-09-23,03:00:00,0.5,824.25,2.433637604423108,615.0,72.5,1131.25,53.5,1335.75,601.25,22.449999809265,59.89999961853,1.6068971252038882
2004-09-23 05:00:00,2004-09-23,05:00:00,0.5,846.66666666667,2.502259573739602,619.66666666667,84.0,1085.3333333333,58.0,1339.0,670.0,22.93333307902,57.5,1.5879016964740054
2004-09-23 06:00:00,2004-09-23,06:00:00,0.9,960.75,6.341278497026854,827.5,132.0,892.25,66.0,1491.25,836.5,21.275000572205,63.200000762939,1.579385388163966
2004-09-23 07:00:00,2004-09-23,07:00:00,3.2,1336.25,21.571420910723376,1339.5,422.0,539.5,112.0,2048.5,1399.5,21.349999904633,63.5,1.5941068174863344
2004-09-23 08:00:00,2004-09-23,08:00:00,2.8,1250.75,18.84272068412105,1263.75,282.0,581.5,104.0,1897.25,1392.75,23.724999904633,54.449999809265,1.5764999518564071
2004-09-23 09:00:00,2004-09-23,09:00:00,2.7,1289.5,18.14004459253741,1243.5,293.0,603.5,103.0,1853.25,1415.0,25.025000095367,50.849999427795,1.5903021861775066
2004-09-23 10:00:00,2004-09-23,10:00:00,2.4,1215.25,14.75195387119492,1140.75,334.0,630.5,118.0,1765.75,1285.25,26.275000572205,48.125,1.6199048253745845
2004-09-23 11:00:00,2004-09-23,11:00:00,2.7,1248.25,15.905017304347645,1176.75,324.0,607.5,129.0,1784.25,1230.0,26.374999523163,47.27499961853,1.600638093269802
2004-09-23 12:00:00,2004-09-23,12:00:00,2.8,1232.5,16.125324514826858,1183.5,294.0,609.5,127.0,1774.5,1146.5,29.300000190735,39.525000572205,1.5855085951545584
2004-09-23 13:00:00,2004-09-23,13:00:00,2.9,1229.0,17.229331023414908,1216.75,273.0,598.5,130.0,1794.75,1106.5,28.974999904633,39.575000762939,1.5581397555447103
2004-09-23 14:00:00,2004-09-23,14:00:00,2.6,1205.75,15.839989355585663,1174.75,275.0,618.0,130.0,1745.75,1067.75,29.75,38.0,1.5641647504484195
2004-09-23 15:00:00,2004-09-23,15:00:00,2.6,1215.0,15.052638534591573,1150.25,282.0,608.25,118.0,1732.75,1115.0,30.374999523163,37.22500038147,1.5879508585941975
2004-09-23 16:00:00,2004-09-23,16:00:00,3.2,1329.75,18.851466773639267,1264.0,323.0,586.25,146.0,1860.25,1362.0,31.549999713898,34.875,1.5903430299043544
2004-09-23 17:00:00,2004-09-23,17:00:00,4.6,1446.25,25.173767956059887,1433.5,442.0,521.75,190.0,2075.25,1619.25,31.624999523163,34.77499961853,1.5925224137764489
2004-09-23 18:00:00,2004-09-23,18:00:00,4.9,1446.0,26.131290837657744,1457.5,431.0,500.5,189.0,2059.25,1572.0,29.0,40.450000762939,1.5948820638559082
2004-09-23 19:00:00,2004-09-23,19:00:00,4.7,1420.75,25.600774058764983,1444.25,402.0,510.0,173.0,2055.75,1446.25,27.174999713898,45.949999809265,1.6301561815996817
2004-09-23 20:00:00,2004-09-23,20:00:00,3.3,1247.25,16.877332470396162,1206.25,313.0,600.25,148.0,1784.5,1233.25,26.150000095367,48.650000572205,1.6256258546394329
2004-09-23 21:00:00,2004-09-23,21:00:00,2.3,1168.0,12.594666004682017,1070.0,228.0,666.5,116.0,1646.0,1102.25,25.074999809265,50.5,1.5840264086731295
2004-09-23 22:00:00,2004-09-23,22:00:00,2.1,1111.0,10.346267233158,990.5,218.0,721.25,109.0,1559.25,1027.5,24.050000190735,50.675000190735,1.4958583963443268
2004-09-23 23:00:00,2004-09-23,23:00:00,1.7,1071.0,8.851555169750771,933.5,179.0,763.0,94.0,1504.25,941.5,22.549999713898,53.675000190735,1.4485798769392462
2004-09-24 00:00:00,2004-09-24,00:00:00,1.0,968.75,6.495992043448455,834.5,97.0,859.25,64.0,1436.75,772.75,22.650000095367,53.699999809265,1.4579816695148151
2004-09-24 01:00:00,2004-09-24,01:00:00,0.9,942.0,5.328704583249726,779.75,83.0,914.5,59.0,1418.75,737.25,21.47500038147,57.949999809265,1.4658269791899827
2004-09-24 02:00:00,2004-09-24,02:00:00,0.7,923.0,4.610672747689357,743.5,80.0,907.5,64.0,1394.0,815.25,22.300000190735,55.77499961853,1.4828042238104682
2004-09-24 03:00:00,2004-09-24,03:00:00,0.4,812.5,1.9551737460648704,580.75,73.0,1176.25,58.0,1320.0,627.0,22.72500038147,53.800000190735,1.467284870713938
2004-09-24 04:00:00,2004-09-24,04:00:00,0.4,850.5,2.470298210529167,617.5,66.0,1098.5,52.0,1350.75,642.0,21.074999809265,59.89999961853,1.4788782944339376
2004-09-24 05:00:00,2004-09-24,05:00:00,0.5,868.25,2.79128758512098,638.75,109.0,1093.0,55.0,1367.0,610.0,20.425000190735,62.974999427795,1.4945542551249609
2004-09-24 06:00:00,2004-09-24,06:00:00,1.3,1061.5,8.387928281751876,915.0,232.0,791.5,83.0,1578.75,928.75,20.825000286102,62.174999237061,1.5119227087018403
2004-09-24 07:00:00,2004-09-24,07:00:00,3.5,1417.75,21.128691785644097,1327.5,535.0,546.25,114.0,2017.25,1426.5,21.349999427795,61.550000190735,1.545153891142233
2004-09-24 08:00:00,2004-09-24,08:00:00,5.5,1599.5,33.96012821858044,1641.25,684.0,439.75,137.0,2430.0,1775.5,21.875,60.199998855591,1.5599864849218985
2004-09-24 09:00:00,2004-09-24,09:00:00,5.6,1583.0,29.43233714333824,1537.5,803.0,461.25,160.0,2214.0,1788.25,22.97500038147,56.400000572205,1.5614162726788532
2004-09-24 10:00:00,2004-09-24,10:00:00,3.4,1337.5,20.30012187143334,1304.75,539.0,543.25,138.0,1929.0,1520.5,25.125,49.500000953674,1.5572493747891274
2004-09-24 11:00:00,2004-09-24,11:00:00,3.2,1284.5,18.41628434809244,1251.5,364.0,581.25,134.0,1866.0,1292.75,26.625,44.324999809265,1.5228606119222257
2004-09-24 12:00:00,2004-09-24,12:00:00,3.7,1375.5,22.299185873847804,1359.0,422.0,530.0,143.0,1997.75,1435.25,26.22500038147,45.950000762939,1.542169803172231
2004-09-24 13:00:00,2004-09-24,13:00:00,4.6,1466.5,26.90011175306496,1476.5,483.0,491.0,153.0,2113.5,1591.75,25.425000190735,48.699999809265,1.5594246012898132
2004-09-24 14:00:00,2004-09-24,14:00:00,4.2,1442.25,23.959596440765825,1402.5,496.0,518.0,145.0,2026.0,1551.0,25.550000190735,48.299999237061,1.558041471723569
2004-09-24 15:00:00,2004-09-24,15:00:00,3.3,1358.25,19.317482608417528,1277.25,403.0,563.25,123.0,1892.0,1429.25,25.700000286102,47.775000572205,1.554765241296356
2004-09-24 16:00:00,2004-09-24,16:00:00,2.7,1222.0,14.516400667735304,1133.25,282.0,624.0,96.0,1698.0,1194.75,24.875,49.200000762939,1.5251206357440017
2004-09-24 17:00:00,2004-09-24,17:00:00,2.2,1134.0,11.06083302349295,1016.5,268.0,723.5,107.0,1632.0,981.0,18.275000095367,75.39999961853,1.568202609458268
2004-09-24 18:00:00,2004-09-24,18:00:00,2.8,1120.0,10.414090310619091,993.0,306.0,725.0,119.0,1564.5,961.75,16.299999952316,73.949998855591,1.360099308413763
2004-09-24 19:00:00,2004-09-24,19:00:00,2.9,1102.75,10.529822826107193,997.25,293.0,736.25,109.0,1551.75,913.5,15.625,75.700000762939,1.3344757704412709
2004-09-24 20:00:00,2004-09-24,20:00:00,2.0,984.5,5.844179298793487,804.5,240.0,894.75,107.0,1389.75,784.5,15.425000190735,76.599998474121,1.333429138762442
2004-09-24 21:00:00,2004-09-24,21:00:00,0.7,794.75,2.1627003433813274,596.0,93.0,1226.5,57.0,1187.75,482.25,14.0,75.375001907349,1.198803640072844
2004-09-24 22:00:00,2004-09-24,22:00:00,0.6,786.5,1.998651466707,584.0,99.0,1317.25,60.0,1129.25,446.25,14.924999952316,60.549999237061,1.0212638574346176
2004-09-24 23:00:00,2004-09-24,23:00:00,1.2,838.5,3.8259396762198823,701.0,55.0,1127.75,22.0,1156.25,552.75,15.474999904633,50.85000038147,0.8879760513121928
2004-09-25 00:00:00,2004-09-25,00:00:00,1.2,834.75,3.901595974565998,705.25,19.0,1117.0,2.0,1161.0,591.5,15.550000190735,50.0,0.8772696303314664
2004-09-25 01:00:00,2004-09-25,01:00:00,1.1,837.0,3.680884695252478,692.75,26.0,1096.25,7.0,1178.25,584.0,15.425000190735,53.574999809265,0.9326170662914754
2004-09-25 02:00:00,2004-09-25,02:00:00,0.6,761.0,1.7281160542915164,563.25,26.0,1316.0,8.0,1106.25,451.25,15.350000143051,53.875,0.9334131004353544
2004-09-25 03:00:00,2004-09-25,03:00:00,0.3,718.0,0.994801683669544,498.5,34.0,1494.5,17.5,1058.75,381.5,15.25,52.375,0.9017155323356992
2004-09-25 04:00:00,2004-09-25,04:00:00,0.3,724.0,0.9552143235003724,494.5,42.0,1531.25,27.0,1071.25,391.0,15.325000047684,53.074999809265,0.9181032253777296
2004-09-25 05:00:00,2004-09-25,05:00:00,0.3,717.75,0.8757410443448632,486.25,32.0,1530.5,14.0,1071.5,398.25,15.350000143051,53.650000572205,0.9295148653820956
2004-09-25 06:00:00,2004-09-25,06:00:00,0.4,743.5,1.271371560397446,524.75,25.0,1434.25,3.0,1096.75,429.75,15.475000143051,53.300000190735,0.9307595685466
2004-09-25 07:00:00,2004-09-25,07:00:00,0.6,782.0,2.086826632070612,590.5,28.0,1286.75,9.0,1130.0,460.5,15.425000190735,52.724999427795,0.9178205219156396
2004-09-25 08:00:00,2004-09-25,08:00:00,0.7,797.75,2.485027842230557,618.5,41.0,1204.25,14.0,1138.25,500.25,15.724999904633,51.050000190735,0.9056169193300364
2004-09-25 09:00:00,2004-09-25,09:00:00,1.0,866.75,4.625078391332139,744.25,130.0,1066.5,52.0,1207.0,594.0,16.949999809265,47.724999427795,0.914182355767549
2004-09-25 10:00:00,2004-09-25,10:00:00,1.1,862.25,4.331267414137387,728.75,173.0,1103.0,64.0,1170.75,602.5,18.199999809265,41.900000572205,0.8674217229076859
2004-09-25 11:00:00,2004-09-25,11:00:00,1.5,914.5,6.4904391973140605,834.25,168.0,1006.0,66.0,1242.5,686.0,19.125,36.97500038147,0.8103979785784015
2004-09-25 12:00:00,2004-09-25,12:00:00,1.4,856.75,6.015120208960161,812.5,51.0,1040.25,14.0,1183.25,622.25,19.325000286102,34.75,0.7710470524157599
2004-09-25 13:00:00,2004-09-25,13:00:00,1.4,836.5,6.004374886921272,812.0,31.0,1065.0,9.0,1170.5,624.0,19.800000190735,31.199999809265,0.7127286477763171
2004-09-25 14:00:00,2004-09-25,14:00:00,1.0,805.0,4.548469846610192,740.25,41.0,1160.5,12.0,1116.5,564.5,19.825000286102,31.050000190735,0.7103878872355568
2004-09-25 15:00:00,2004-09-25,15:00:00,0.9,781.0,3.8971281280841183,705.0,41.0,1203.0,14.0,1067.75,513.75,20.224999427795,28.64999961853,0.6716950627069083
2004-09-25 16:00:00,2004-09-25,16:00:00,1.1,814.5,4.596286267230354,742.75,54.0,1182.5,21.0,1094.75,536.0,22.099999904633,24.799999713898,0.6514288848796841
2004-09-25 17:00:00,2004-09-25,17:00:00,1.3,876.5,6.714129541810949,844.25,112.0,1047.5,43.0,1193.0,669.0,21.125,27.674999713898,0.6853466051596966
2004-09-25 18:00:00,2004-09-25,18:00:00,1.8,926.25,8.876918559397476,934.5,178.0,931.0,62.0,1261.75,785.5,20.075000286102,30.324999809265,0.7044848427512077
2004-09-25 19:00:00,2004-09-25,19:00:00,2.4,986.75,9.823748670124626,971.0,218.0,876.25,68.0,1311.75,891.0,19.474999904633,32.97500038147,0.738427750732685
2004-09-25 20:00:00,2004-09-25,20:00:00,2.7,1004.0,10.788189520240415,1006.6666666667,241.0,847.66666666667,81.0,1321.3333333333,925.66666666667,19.299999872843,32.333333333333,0.7163247425125759
2004-09-25 21:00:00,2004-09-25,21:00:00,1.7,897.0,7.4221044525949695,875.0,223.0,937.0,88.0,1226.75,902.25,18.424999713898,33.22500038147,0.6974640278659944
2004-09-25 22:00:00,2004-09-25,22:00:00,2.2,1001.5,10.312426565086698,989.25,279.0,840.0,99.0,1357.5,1010.5,17.800000190735,36.474999427795,0.7366305429593404
2004-09-25 23:00:00,2004-09-25,23:00:00,2.8,1125.75,13.827130146386686,1111.0,330.0,746.0,98.0,1472.5,1249.0,17.775000095367,39.85000038147,0.8035430647074085
2004-09-26 00:00:00,2004-09-26,00:00:00,2.4,1066.75,10.94957721039614,1012.5,330.0,794.25,97.0,1350.25,1132.5,16.950000286102,43.02499961853,0.8241528999491446
2004-09-26 01:00:00,2004-09-26,01:00:00,2.5,1062.75,11.73125898281524,1040.25,341.0,739.25,101.0,1413.0,1165.5,15.525000333786,52.150000572205,0.9135519885228356
2004-09-26 02:00:00,2004-09-26,02:00:00,1.4,915.0,7.838454177489808,892.5,205.0,872.25,90.0,1287.25,953.25,15.599999904633,51.89999961853,0.9134785875408964
2004-09-26 03:00:00,2004-09-26,03:00:00,1.4,905.75,7.652875824367053,884.75,153.5,871.75,72.5,1304.25,911.5,13.549999952316,59.375,0.917609472365536
2004-09-26 05:00:00,2004-09-26,05:00:00,0.9,816.0,4.519882381598143,738.75,102.0,999.0,55.0,1187.5,792.5,12.525000095367,63.200000762939,0.91459507731852
2004-09-26 06:00:00,2004-09-26,06:00:00,0.6,768.0,3.314161113142046,671.25,79.0,1128.0,46.0,1153.25,699.75,13.625,57.574999809265,0.8940641315554891
2004-09-26 07:00:00,2004-09-26,07:00:00,1.0,835.0,5.426058636400471,784.5,148.0,988.5,56.0,1223.75,780.25,12.199999809265,63.249999046326,0.8963536550793637
2004-09-26 08:00:00,2004-09-26,08:00:00,1.6,943.75,8.215281246107265,908.0,261.0,865.0,83.0,1321.0,931.0,14.600000143051,56.400000572205,0.9318823313334186
2004-09-26 09:00:00,2004-09-26,09:00:00,0.9,810.0,2.975906762886159,650.5,107.0,1169.75,55.0,1116.75,574.5,19.825000286102,38.599999427795,0.8831230876767312
2004-09-26 10:00:00,2004-09-26,10:00:00,0.9,819.25,3.0399028565473483,654.5,103.0,1221.75,47.0,1103.75,506.75,21.599999904633,33.425001144409,0.8518898967759171
2004-09-26 11:00:00,2004-09-26,11:00:00,1.0,843.5,3.4656763020974166,680.25,122.0,1147.0,61.0,1128.75,518.0,22.02499961853,32.150000095367,0.8406856675978844
2004-09-26 12:00:00,2004-09-26,12:00:00,1.0,846.0,3.602773223770146,688.25,127.0,1126.75,58.0,1138.25,518.25,22.699999809265,30.174999713898,0.8217279776996012
2004-09-26 13:00:00,2004-09-26,13:00:00,0.9,841.75,3.9959242929204266,710.5,110.0,1076.5,59.0,1159.75,515.75,22.275000095367,30.375,0.8063197509735184
2004-09-26 14:00:00,2004-09-26,14:00:00,0.9,840.25,4.196670357708836,721.5,98.0,1048.0,54.0,1169.0,506.5,22.050000190735,30.474999904633,0.7980878970240309
2004-09-26 15:00:00,2004-09-26,15:00:00,0.9,815.0,3.0801948531262755,657.0,146.0,1166.0,69.0,1098.25,489.75,22.125,29.5,0.7760529493202405
2004-09-26 16:00:00,2004-09-26,16:00:00,0.9,838.25,3.546804176479148,685.0,119.0,1175.75,54.0,1121.25,465.0,23.39999961853,27.050000190735,0.7681469031860068
2004-09-26 17:00:00,2004-09-26,17:00:00,2.7,991.5,10.251632517250629,987.0,234.0,822.75,95.0,1327.0,781.0,23.10000038147,27.025000095367,0.7537978448437394
2004-09-26 18:00:00,2004-09-26,18:00:00,2.2,990.25,7.7903815648974515,890.5,261.0,908.0,99.0,1277.75,765.25,21.474999904633,31.39999961853,0.7942530700801764
2004-09-26 19:00:00,2004-09-26,19:00:00,3.3,1065.75,10.707879077577324,1003.75,371.0,795.0,127.0,1383.5,1005.5,20.250000476837,35.47500038147,0.8329757569773402
2004-09-26 20:00:00,2004-09-26,20:00:00,2.1,970.5,7.299092625761445,869.75,266.0,910.75,98.0,1287.25,798.0,19.625000476837,36.25,0.8192647451056849
2004-09-26 21:00:00,2004-09-26,21:00:00,1.8,962.5,7.712532646275954,887.25,268.0,852.5,112.0,1311.25,938.25,18.699999809265,39.72500038147,0.8481857636504164
2004-09-26 22:00:00,2004-09-26,22:00:00,1.9,1009.75,8.630947011140279,924.75,294.0,828.75,115.0,1351.0,996.25,18.025000095367,42.699999809265,0.8744590524186526
2004-09-26 23:00:00,2004-09-26,23:00:00,2.3,1054.0,9.996638353840906,977.5,303.0,767.75,114.0,1397.75,1109.25,17.125,47.550000190735,0.9208248665536736
2004-09-27 00:00:00,2004-09-27,00:00:00,1.9,998.0,8.499723066346661,919.5,241.0,802.0,103.0,1365.0,1041.75,16.624999523163,51.324999809265,0.963382000210356
2004-09-27 01:00:00,2004-09-27,01:00:00,1.3,919.25,5.785904187585162,801.75,142.0,890.5,81.0,1265.0,939.5,15.874999761581,55.175000190735,0.988071857711494
2004-09-27 02:00:00,2004-09-27,02:00:00,1.0,884.0,5.001353896939433,763.5,110.0,920.75,75.0,1246.5,900.0,14.850000143051,58.925000190735,0.9891489746001458
2004-09-27 03:00:00,2004-09-27,03:00:00,0.6,803.25,2.940164345363524,648.25,107.0,1078.5,69.5,1177.5,774.0,14.149999856949,61.02499961853,0.9798854267913876
2004-09-27 04:00:00,2004-09-27,04:00:00,0.6,820.25,3.3559588840673533,673.75,104.0,1024.0,64.0,1187.5,789.5,13.974999904633,62.649998664856,0.9948330971535944
2004-09-27 05:00:00,2004-09-27,05:00:00,0.9,893.5,5.628239553240693,794.25,179.0,888.5,71.0,1266.25,907.5,14.050000190735,61.699999809265,0.9844385978382504
2004-09-27 06:00:00,2004-09-27,06:00:00,1.5,987.75,9.042534011144204,941.0,361.0,800.5,99.0,1398.5,1034.5,14.350000143051,60.275000572205,0.9802279397180764
2004-09-27 07:00:00,2004-09-27,07:00:00,5.5,1372.25,26.90011175306496,1476.5,799.0,542.25,132.0,1973.25,1555.75,15.0,57.699999809265,0.9778230552329076
2004-09-27 08:00:00,2004-09-27,08:00:00,4.0,1208.75,18.79028048923849,1262.25,614.0,617.5,135.0,1707.5,1391.75,16.85000038147,50.324999809265,0.9579873706807756
2004-09-27 09:00:00,2004-09-27,09:00:00,1.8,951.0,8.209143607642725,907.75,275.0,872.75,94.0,1313.5,903.5,19.675000190735,40.175000190735,0.9107564159334948
2004-09-27 10:00:00,2004-09-27,10:00:00,1.9,992.0,9.100166288289229,943.25,325.0,846.5,103.0,1351.0,936.25,22.22500038147,33.575000762939,0.8885876423941252
2004-09-27 11:00:00,2004-09-27,11:00:00,1.7,963.5,9.196566740238415,947.0,327.0,861.75,123.0,1328.25,907.0,23.675000190735,29.575000286102,0.8537423097578614
2004-09-27 12:00:00,2004-09-27,12:00:00,1.6,917.0,8.25214813535065,909.5,252.0,885.75,95.0,1275.25,744.0,21.900000095367,30.674999713898,0.7960932113833327
2004-09-27 13:00:00,2004-09-27,13:00:00,1.9,937.0,9.05532769248143,941.5,226.0,851.5,90.0,1276.0,772.5,22.27499961853,29.525000095367,0.7837560507442259
2004-09-27 14:00:00,2004-09-27,14:00:00,1.6,961.0,9.2417017512885,948.75,230.0,853.0,99.0,1305.5,812.25,23.799999713898,26.974999904633,0.7845087065696681
2004-09-27 15:00:00,2004-09-27,15:00:00,1.8,969.25,9.57338076470358,961.5,244.0,828.5,107.0,1315.5,855.5,23.349999904633,28.299999713898,0.8012472851663958
2004-09-27 16:00:00,2004-09-27,16:00:00,2.0,1019.5,11.781322973571852,1042.0,251.0,788.0,112.0,1400.5,926.75,24.22500038147,27.249999523163,0.8127912870042184
2004-09-27 17:00:00,2004-09-27,17:00:00,3.1,1106.75,17.305162000428265,1219.0,346.0,683.25,132.0,1581.75,1130.5,25.050000190735,25.75,0.8065051870715728
2004-09-27 18:00:00,2004-09-27,18:00:00,3.9,1119.0,17.763125201220774,1232.5,407.0,670.0,148.0,1538.75,1269.75,22.349999904633,29.150000095367,0.7773004315277405
2004-09-27 19:00:00,2004-09-27,19:00:00,4.3,1172.75,20.917939231324176,1321.75,490.0,633.0,158.0,1679.0,1364.75,20.750000476837,32.525000095367,0.7873201693019384
2004-09-27 20:00:00,2004-09-27,20:00:00,3.5,1097.0,14.862431461356575,1144.25,434.0,701.5,145.0,1517.25,1274.25,19.125,36.799999237061,0.8065623985320244
2004-09-27 21:00:00,2004-09-27,21:00:00,2.4,1018.0,11.2777540500341,1024.25,345.0,758.25,128.0,1400.25,1168.75,18.124999523163,39.949999809265,0.8232229045736296
2004-09-27 22:00:00,2004-09-27,22:00:00,1.5,932.25,8.350803659508097,913.5,192.0,837.0,105.0,1297.5,999.5,17.449999332428,42.824999809265,0.8462736975693363
2004-09-27 23:00:00,2004-09-27,23:00:00,1.3,897.0,6.810174913240995,848.5,157.0,890.75,90.0,1253.25,909.5,16.699999809265,46.624999046326,0.8792754307181941
2004-09-28 00:00:00,2004-09-28,00:00:00,1.0,840.0,4.892567523930479,758.0,148.0,994.25,85.0,1188.5,828.75,17.099999666214,46.824999809265,0.9053730322027292
2004-09-28 01:00:00,2004-09-28,01:00:00,0.8,801.75,3.4656763020974166,680.25,105.0,1091.25,73.0,1136.75,756.0,15.324999809265,51.924999237061,0.8982102445849981
2004-09-28 02:00:00,2004-09-28,02:00:00,0.5,765.0,2.7603661047955765,636.75,141.0,1137.75,74.0,1112.5,741.75,14.975000143051,52.77499961853,0.892947536399638
2004-09-28 03:00:00,2004-09-28,03:00:00,0.4,740.75,2.1488192484273463,595.0,124.0,1190.5,67.5,1079.75,685.5,14.400000095367,54.47500038147,0.8887231168957807
2004-09-28 04:00:00,2004-09-28,04:00:00,0.5,747.5,2.152285949452151,595.25,107.0,1208.25,61.0,1088.5,676.5,12.799999713898,59.75,0.8800908638860544
2004-09-28 05:00:00,2004-09-28,05:00:00,0.7,791.25,3.874821642800269,703.75,166.0,1056.5,69.0,1153.5,748.25,11.924999952316,62.674999237061,0.8725755093512728
2004-09-28 06:00:00,2004-09-28,06:00:00,1.2,874.75,7.328301641297553,871.0,241.0,890.0,82.0,1252.5,890.0,12.125,62.574998855591,0.8825075334388172
2004-09-28 07:00:00,2004-09-28,07:00:00,2.4,1085.25,15.492412375851798,1164.0,368.0,707.25,120.0,1503.0,1154.5,13.474999904633,58.150001525879,0.8943807541010792
2004-09-28 08:00:00,2004-09-28,08:00:00,4.3,1267.5,27.104010975786125,1481.5,498.0,550.0,135.0,1848.5,1533.0,14.399999856949,55.699998855591,0.9087081321305523
2004-09-28 09:00:00,2004-09-28,09:00:00,4.1,1235.75,21.2758331857948,1331.5,641.0,600.5,152.0,1683.0,1549.5,17.800000190735,45.674999237061,0.9224290614251468
2004-09-28 10:00:00,2004-09-28,10:00:00,3.7,1274.25,19.913525522719976,1294.0,667.0,615.25,177.0,1594.75,2235.5,20.999999523163,37.249999046326,0.9154940010394848
2004-09-28 11:00:00,2004-09-28,11:00:00,3.4,1249.75,19.39709886112469,1279.5,550.0,618.0,181.0,1662.5,2178.0,24.450000286102,29.799999713898,0.900797210714268
2004-09-28 12:00:00,2004-09-28,12:00:00,3.8,1224.0,21.83769333261014,1346.6666666667,483.0,602.0,176.0,1669.6666666667,1901.0,26.43333307902,26.400000254313,0.8969084507108559
2004-09-28 13:00:00,2004-09-28,13:00:00,4.1,1219.75,21.71986635180888,1343.5,524.0,604.75,163.0,1676.25,1742.5,25.150000095367,26.825000286102,0.8451494068701959
2004-09-28 14:00:00,2004-09-28,14:00:00,3.4,1165.5,18.895223172864338,1265.25,481.0,639.75,174.0,1570.25,1502.25,26.125,24.824999809265,0.8283053782241028
2004-09-28 15:00:00,2004-09-28,15:00:00,2.3,1049.75,13.009989174919578,1084.0,305.0,747.5,117.0,1402.0,1153.0,26.174999713898,24.424999713898,0.8173512246180007
2004-09-28 16:00:00,2004-09-28,16:00:00,3.2,1174.0,18.833976324987752,1263.5,396.0,670.25,145.0,1597.5,1287.25,28.924999713898,21.349999904633,0.8381734840248373
2004-09-28 17:00:00,2004-09-28,17:00:00,4.8,1323.25,26.79840838967974,1474.0,501.0,554.0,173.0,1854.0,1547.0,28.0,23.325000286102,0.8680971796741094
2004-09-28 18:00:00,2004-09-28,18:00:00,6.7,1431.5,36.90145559889724,1705.5,702.0,487.5,204.0,2097.75,1841.5,24.700000286102,27.89999961853,0.8559475909969482
2004-09-28 19:00:00,2004-09-28,19:00:00,7.5,1478.75,39.26211560405071,1755.5,755.0,466.0,209.0,2164.5,1907.5,22.974999904633,33.599999427795,0.9302053872016438
2004-09-28 20:00:00,2004-09-28,20:00:00,4.5,1309.0,23.05627912378712,1379.0,524.0,555.25,175.0,1840.5,1693.0,20.875,45.75,1.115897115091966
2004-09-28 21:00:00,2004-09-28,21:00:00,2.1,1088.5,11.645646559704057,1037.25,247.0,706.75,129.0,1479.5,1335.5,19.849999904633,48.575000762939,1.113040448278268
2004-09-28 22:00:00,2004-09-28,22:00:00,1.5,1009.0,8.289085377009005,911.0,196.0,787.75,111.0,1359.0,1176.75,19.800000190735,47.650000572205,1.0885102782687632
2004-09-28 23:00:00,2004-09-28,23:00:00,1.1,930.25,5.6596238568472845,795.75,135.0,883.25,85.0,1262.5,976.75,18.625,49.10000038147,1.0435178454374243
2004-09-29 00:00:00,2004-09-29,00:00:00,1.1,928.75,5.85480151426304,805.0,146.0,878.75,86.0,1269.5,974.25,17.224999904633,53.875,1.0498314459856577
2004-09-29 01:00:00,2004-09-29,01:00:00,0.9,871.5,4.1369226386396285,718.25,106.0,980.5,71.0,1223.25,871.5,16.349999904633,56.75,1.0470300930571843
2004-09-29 02:00:00,2004-09-29,02:00:00,0.5,790.0,2.232676419214226,601.0,70.0,1150.25,60.0,1156.5,734.0,17.425000190735,53.424999237061,1.0541023904258702
2004-09-29 03:00:00,2004-09-29,03:00:00,0.4,793.25,1.9618360818315304,581.25,65.0,1169.25,52.5,1151.75,667.5,15.525000333786,58.849999427795,1.0309210625490255
2004-09-29 05:00:00,2004-09-29,05:00:00,0.4,769.25,2.0188554611551583,585.5,60.0,1220.5,45.0,1133.75,650.25,17.074999809265,52.474999427795,1.0130371290070614
2004-09-29 06:00:00,2004-09-29,06:00:00,0.7,851.5,4.032111328470852,712.5,92.0,1029.25,53.0,1203.25,749.25,15.174999952316,58.274998664856,0.9985520773047346
2004-09-29 07:00:00,2004-09-29,07:00:00,2.0,1099.5,13.400778503920026,1097.0,277.0,738.75,94.0,1516.25,1106.25,14.925000190735,59.199999809265,0.998494167453124
2004-09-29 08:00:00,2004-09-29,08:00:00,4.2,1325.5,28.008951717456377,1503.5,600.0,510.25,122.0,1968.0,1609.25,15.125,59.049999237061,1.0086404305880992
2004-09-29 09:00:00,2004-09-29,09:00:00,5.2,1432.75,28.601855487268725,1517.75,693.0,499.25,170.0,1972.75,1770.25,19.049999713898,47.824999809265,1.0433794614719996
2004-09-29 10:00:00,2004-09-29,10:00:00,3.8,1310.0,21.358791467770352,1333.75,617.0,572.75,174.0,1746.5,1633.25,22.425000190735,38.825000762939,1.039968477695584
2004-09-29 11:00:00,2004-09-29,11:00:00,3.7,1304.0,19.114653502759747,1271.5,569.0,593.0,191.0,1672.5,1583.25,25.425000190735,33.349999904633,1.067901653141352
2004-09-29 12:00:00,2004-09-29,12:00:00,3.4,1285.5,19.610090950474213,1285.5,409.0,593.25,179.0,1728.0,1448.5,27.199999809265,30.424999713898,1.080951876335441
2004-09-29 13:00:00,2004-09-29,13:00:00,3.1,1216.5,15.831868849046264,1174.5,335.0,620.75,148.0,1644.25,1451.0,25.450000286102,34.775000572205,1.1151725682216442
2004-09-29 14:00:00,2004-09-29,14:00:00,2.4,1103.5,13.461337154024667,1099.0,290.0,698.25,129.0,1482.5,1147.0,26.375,28.52499961853,0.9658001616645482
2004-09-29 15:00:00,2004-09-29,15:00:00,2.8,1142.75,15.864361525951503,1175.5,312.0,676.75,148.0,1551.0,1107.75,27.674999713898,25.075000286102,0.9158116035972944
2004-09-29 16:00:00,2004-09-29,16:00:00,3.6,1205.0,19.931436447584986,1294.5,440.0,626.25,184.0,1613.25,1266.5,28.574999809265,23.175000190735,0.8916577040148042
2004-09-29 17:00:00,2004-09-29,17:00:00,4.0,1276.25,21.599221367394,1340.25,450.0,596.75,188.0,1676.5,1302.75,27.150000095367,26.300000190735,0.9316810967750272
2004-09-29 18:00:00,2004-09-29,18:00:00,5.6,1440.25,30.950498504036307,1573.0,578.0,491.25,204.0,1997.25,1643.0,25.300000190735,32.950000286102,1.047349664226522
2004-09-29 19:00:00,2004-09-29,19:00:00,6.3,1466.75,34.050113568366406,1643.25,615.0,467.0,201.0,2088.25,1749.0,23.174999713898,36.924999237061,1.0345657698653337
2004-09-29 20:00:00,2004-09-29,20:00:00,4.7,1338.75,22.82801999943861,1373.0,536.0,541.0,165.0,1796.5,1585.25,21.574999809265,43.300000190735,1.101903595069597
2004-09-29 21:00:00,2004-09-29,21:00:00,1.9,1108.0,12.338011438644102,1061.25,238.0,685.25,133.0,1454.25,1314.75,21.125,44.775000572205,1.1088128258506862
2004-09-29 22:00:00,2004-09-29,22:00:00,1.9,1116.0,10.928770146232752,1011.75,249.0,698.5,125.0,1444.5,1289.75,19.650000095367,49.25,1.1147759456736914
2004-09-29 23:00:00,2004-09-29,23:00:00,1.2,980.5,7.061457835865667,859.5,150.0,811.5,101.0,1298.25,1059.25,20.324999809265,47.824999809265,1.1281098832413017
2004-09-30 00:00:00,2004-09-30,00:00:00,0.9,947.0,5.712096271148231,798.25,108.0,868.5,79.0,1276.25,942.75,19.375,50.324999809265,1.120063594838446
2004-09-30 12:00:00,2004-09-30,12:00:00,1.7,1158.25,10.81808425216158,1007.75,165.5,695.0,90.0,1489.0,1174.5,24.60000038147,42.799999237061,1.3053144798194054
2004-09-30 13:00:00,2004-09-30,13:00:00,1.7,1199.75,11.193571577698146,1021.25,223.0,677.5,101.0,1509.75,1156.5,24.625000476837,44.124999046326,1.3477184196404708
2004-09-30 14:00:00,2004-09-30,14:00:00,2.2,1290.25,15.076486896579212,1151.0,267.0,612.75,113.0,1637.5,1218.5,25.599999904633,43.425000190735,1.404913381481476
2004-09-30 15:00:00,2004-09-30,15:00:00,2.8,1366.25,17.440323012500485,1223.0,308.0,578.25,121.0,1743.75,1288.0,26.075000286102,42.599999427795,1.4172206514706194
2004-09-30 16:00:00,2004-09-30,16:00:00,3.9,1505.0,23.410073638396963,1388.25,422.0,516.0,146.0,1977.5,1502.5,25.77499961853,44.800000190735,1.4643901288825456
2004-09-30 17:00:00,2004-09-30,17:00:00,6.5,1728.0,35.87108313267879,1683.25,623.0,418.5,188.0,2365.0,1861.0,25.424999713898,47.925000190735,1.534608265046245
2004-09-30 18:00:00,2004-09-30,18:00:00,6.3,1672.75,34.01635716572617,1642.5,572.0,435.75,182.0,2259.25,1780.5,24.599999904633,49.974999427795,1.5241376098696686
2004-09-30 19:00:00,2004-09-30,19:00:00,5.7,1636.25,30.06984181284489,1552.5,514.0,449.25,166.0,2129.75,1744.75,23.64999961853,54.424999237061,1.5687483452758646
2004-09-30 20:00:00,2004-09-30,20:00:00,4.4,1468.25,19.985210405486075,1296.0,414.0,528.5,142.0,1853.5,1590.0,22.64999961853,59.5,1.615454509527526
2004-09-30 21:00:00,2004-09-30,21:00:00,1.6,1179.5,10.50935982454703,996.5,143.0,677.25,84.0,1548.75,1127.25,22.125000476837,61.325000762939,1.6132694602026068
2004-09-30 22:00:00,2004-09-30,22:00:00,1.5,1138.0,8.972306664178562,938.25,147.0,699.5,87.0,1499.5,1097.75,22.050000190735,61.300000190735,1.6053417028020671
2004-09-30 23:00:00,2004-09-30,23:00:00,1.7,1191.5,10.701007232094556,1003.5,159.0,665.25,91.0,1577.0,1175.75,21.050000190735,64.725001335144,1.5955815839454266
2004-10-01 00:00:00,2004-10-01,00:00:00,1.9,1176.0,10.42088300739072,993.25,206.0,659.25,91.0,1571.5,1177.5,20.25,66.39999961853,1.5591145240848077
2004-10-01 01:00:00,2004-10-01,01:00:00,1.6,1136.5,9.724590097455224,967.25,140.0,687.0,74.0,1557.0,1090.5,19.375000476837,69.275001525879,1.541826325010952
2004-10-01 02:00:00,2004-10-01,02:00:00,1.3,1034.75,6.855573841730506,850.5,132.0,763.75,69.0,1464.75,1002.25,19.025000095367,70.77499961853,1.5416981382536563
2004-10-01 03:00:00,2004-10-01,03:00:00,0.8,942.66666666667,3.974879448900953,709.33333333333,106.5,893.33333333333,61.5,1348.0,876.33333333333,20.233332951864,65.833332061768,1.544237827002586
2004-10-01 04:00:00,2004-10-01,04:00:00,0.6,903.75,3.0479431577831377,655.0,81.0,967.75,54.0,1326.0,823.75,19.775000572205,67.174999237061,1.532190893958182
2004-10-01 05:00:00,2004-10-01,05:00:00,0.7,965.5,4.28000015894725,726.0,120.0,871.5,60.0,1370.5,892.0,19.02499961853,70.27499961853,1.5308065486907525
2004-10-01 06:00:00,2004-10-01,06:00:00,1.6,1124.25,9.843631831384473,971.75,279.0,673.75,69.0,1567.75,1091.5,18.75,71.77499961853,1.537229906145089
2004-10-01 07:00:00,2004-10-01,07:00:00,2.9,1347.5,17.220914124412776,1216.5,392.0,559.25,91.0,1815.75,1412.5,20.224999904633,66.324999809265,1.5549799928524302
2004-10-01 08:00:00,2004-10-01,08:00:00,4.1,1498.5,27.884805057911585,1500.5,433.0,468.5,97.0,2129.5,1565.25,20.824999809265,64.27499961853,1.5629888202940725
2004-10-01 09:00:00,2004-10-01,09:00:00,3.7,1427.25,20.50820555964399,1310.5,531.0,503.0,114.0,1900.25,1593.75,22.25,59.250000953674,1.5704569487377935
2004-10-01 10:00:00,2004-10-01,10:00:00,3.6,1473.0,21.20220806763348,1329.5,619.0,497.0,129.0,1907.75,1677.0,23.249999523163,56.60000038147,1.5929476103011222
2004-10-01 11:00:00,2004-10-01,11:00:00,3.4,1439.5,19.913525522719976,1294.0,522.0,506.0,137.0,1878.75,1615.5,23.775000095367,54.650000572205,1.5870107129435218
2004-10-01 12:00:00,2004-10-01,12:00:00,3.7,1473.5,21.08279940251956,1326.25,505.0,484.75,134.0,1942.75,1609.5,23.5,56.175000190735,1.604769087038448
2004-10-01 13:00:00,2004-10-01,13:00:00,4.1,1484.75,22.289790459997715,1358.75,465.0,476.5,132.0,2005.25,1614.25,23.949999809265,54.400000572205,1.596293575564616
2004-10-01 14:00:00,2004-10-01,14:00:00,3.2,1395.25,17.57911135065892,1219.0,383.0,539.625,123.0,1836.5,1450.0,24.6875,50.8875002861025,1.556645153033327
2004-10-01 15:00:00,2004-10-01,15:00:00,2.4,1305.75,12.868432241320129,1079.25,278.0,602.75,105.0,1667.75,1285.75,25.425000190735,47.375,1.5169967305020382
2004-10-01 16:00:00,2004-10-01,16:00:00,3.4,1463.5,18.407624923581555,1251.25,372.0,529.5,136.0,1852.5,1486.75,26.425000667572,45.35000038147,1.539961076052461
2004-10-01 17:00:00,2004-10-01,17:00:00,5.6,1629.0,26.47406209190809,1466.0,540.0,458.25,169.0,2130.0,1703.0,25.825000286102,46.89999961853,1.5375439798138508
2004-10-07 16:00:00,2004-10-07,16:00:00,2.9,1341.5,15.275848754621206,1157.25,267.0,571.75,87.0,1707.25,1194.75,28.599999427795,37.550000190735,1.4468202294190151
2004-10-07 17:00:00,2004-10-07,17:00:00,5.4,1622.75,28.790187377897013,1522.25,398.0,446.5,111.0,2109.5,1618.0,28.049999713898,38.5,1.4370256893287268
2004-10-07 18:00:00,2004-10-07,18:00:00,5.3,1575.5,26.131290837657744,1457.5,418.0,463.0,119.0,2023.5,1636.75,25.199999809265,45.775000572205,1.4464498317973165
2004-10-07 19:00:00,2004-10-07,19:00:00,6.7,1747.25,37.0763377305174,1709.25,515.0,398.5,128.0,2369.5,1875.5,24.0,50.60000038147,1.489210297331861
2004-10-07 20:00:00,2004-10-07,20:00:00,7.0,1757.25,35.71013543605855,1679.75,669.0,396.25,117.0,2279.5,1959.25,23.150000095367,54.674999237061,1.5295970424683418
2004-10-07 21:00:00,2004-10-07,21:00:00,2.8,1331.25,16.47884777047315,1194.25,326.0,558.75,92.0,1714.75,1477.0,22.349999904633,57.074999809265,1.5219355689895355
2004-10-07 22:00:00,2004-10-07,22:00:00,1.7,1182.0,11.046899828729591,1016.0,209.0,657.5,73.0,1572.0,1210.0,21.825000286102,58.199999809265,1.503616263760345
2004-10-07 23:00:00,2004-10-07,23:00:00,1.7,1161.5,10.831893714400094,1008.25,183.0,658.0,60.0,1555.5,1159.75,20.85000038147,61.275000572205,1.4923023240060398
2004-10-08 00:00:00,2004-10-08,00:00:00,1.7,1147.0,9.63899981451842,964.0,165.0,668.0,60.0,1516.75,1115.75,20.550000190735,62.000000953674,1.4826598191504556
2004-10-08 01:00:00,2004-10-08,01:00:00,1.2,1039.75,6.534918634306473,836.25,111.0,762.25,53.0,1422.75,974.25,20.300000190735,62.500000953674,1.4720223706589513
2004-10-08 02:00:00,2004-10-08,02:00:00,0.7,919.5,3.5898241376804827,687.5,67.0,920.25,47.0,1317.0,820.25,20.474999904633,62.050000190735,1.4770940687564953
2004-10-08 03:00:00,2004-10-08,03:00:00,0.7,931.25,3.2850356545164328,669.5,77.5,931.25,45.0,1325.75,791.5,18.650000095367,68.52499961853,1.4586030153583769
2004-10-08 04:00:00,2004-10-08,04:00:00,0.8,954.25,4.378099661241634,731.25,88.0,864.5,43.0,1360.0,838.5,18.150000095367,70.25,1.4498363618501868
2004-10-08 05:00:00,2004-10-08,05:00:00,0.9,980.75,5.534533486623454,789.75,147.0,817.25,47.0,1390.0,898.25,18.249999523163,70.075000762939,1.4551994469928564
2004-10-08 06:00:00,2004-10-08,06:00:00,1.7,1147.0,10.845710686462043,1008.75,279.0,653.0,50.0,1588.5,1095.5,18.224999904633,70.02499961853,1.451914413701208
2004-10-08 07:00:00,2004-10-08,07:00:00,5.7,1605.75,31.166935113334727,1578.0,665.0,440.0,81.0,2205.0,1785.75,19.375,66.5,1.480064169678225
2004-10-08 08:00:00,2004-10-08,08:00:00,4.3,1490.0,24.79896527517288,1424.0,592.0,464.75,75.0,2032.75,1604.0,19.5,66.874998092651,1.499867091904862
2004-10-08 09:00:00,2004-10-08,09:00:00,3.9,1473.0,24.20232826710213,1408.75,557.0,482.75,87.0,1983.75,1637.25,21.050000190735,61.074999809265,1.5056028261867451
2004-10-08 10:00:00,2004-10-08,10:00:00,5.1,1581.5,29.48523999081282,1538.75,693.0,434.5,128.0,2141.0,1826.5,23.199999809265,54.700000762939,1.5348792172753718
2004-10-08 11:00:00,2004-10-08,11:00:00,3.7,1467.5,20.96367837223321,1323.0,530.0,496.25,105.0,1913.25,1641.25,24.375,52.525000572205,1.5806840141954674
2004-10-08 12:00:00,2004-10-08,12:00:00,3.3,1412.5,19.58341271916784,1284.75,412.0,518.25,101.0,1883.0,1505.0,26.400000095367,45.800000190735,1.5529682057444814
2004-10-08 13:00:00,2004-10-08,13:00:00,3.6,1399.75,21.24821101577617,1330.75,366.0,520.25,100.0,1915.75,1464.5,27.699999809265,39.249999046326,1.435604533209466
2004-10-08 14:00:00,2004-10-08,14:00:00,3.2,1361.25,17.95973037295499,1238.25,344.0,547.5,98.0,1804.5,1367.75,28.0,39.599999427795,1.4738112495907754
2004-10-08 15:00:00,2004-10-08,15:00:00,3.5,1388.75,20.517273193429688,1310.75,339.0,525.25,98.0,1845.0,1748.0,28.674999713898,38.39999961853,1.485983164284833
2004-10-08 16:00:00,2004-10-08,16:00:00,2.4,1304.75,15.58907979445943,1167.0,297.0,586.0,98.0,1690.25,1301.25,28.549999713898,39.425000190735,1.514690142985741
2004-10-08 17:00:00,2004-10-08,17:00:00,2.9,1353.75,19.238006003954077,1275.0,294.0,542.75,90.0,1799.0,1338.25,28.424999713898,39.824999809265,1.519059227435029
2004-10-08 18:00:00,2004-10-08,18:00:00,2.3,1352.25,19.976243789903904,1295.75,211.0,533.75,84.0,1845.5,1336.5,26.400000095367,45.925000190735,1.5572066560700193
2004-10-08 19:00:00,2004-10-08,19:00:00,3.1,1472.25,21.11032972732463,1327.0,323.0,497.0,101.0,1894.75,1516.25,25.22500038147,49.5,1.5664650284548307
2004-10-08 20:00:00,2004-10-08,20:00:00,2.9,1411.5,18.572450768419948,1256.0,333.0,525.25,98.0,1796.5,1434.5,24.949999809265,50.925000190735,1.585606485180806
2004-10-08 21:00:00,2004-10-08,21:00:00,1.5,1221.0,12.323413544360884,1060.75,163.0,619.25,76.0,1614.75,1178.25,24.625,52.22500038147,1.5951182892560671
2004-10-08 22:00:00,2004-10-08,22:00:00,1.5,1230.25,10.332725294089729,990.0,151.0,652.25,71.0,1558.5,1111.25,24.025000095367,54.449999809265,1.6049039811675372
2004-10-08 23:00:00,2004-10-08,23:00:00,1.7,1247.0,9.553732323725695,960.75,167.0,665.5,71.0,1569.0,1111.75,23.775000095367,56.125,1.6298440133824386
2004-10-09 00:00:00,2004-10-09,00:00:00,1.6,1217.0,9.916683333608573,974.5,174.0,664.75,66.0,1565.0,1109.25,22.27499961853,60.575000762939,1.6079940124789152
2004-10-09 01:00:00,2004-10-09,01:00:00,1.3,1157.5,8.574603232050288,922.5,142.0,673.25,62.0,1519.25,1071.75,21.900000095367,61.525000572205,1.596728141571807
2004-10-09 02:00:00,2004-10-09,02:00:00,1.4,1149.6666666667,7.328301641297553,871.0,155.0,696.66666666667,58.0,1502.0,1029.6666666667,21.099999745687,64.466665903727,1.594040640572334
2004-10-09 03:00:00,2004-10-09,03:00:00,0.9,1061.25,5.441498979459047,785.25,125.5,766.0,53.0,1447.0,934.5,20.999999523163,64.400000572205,1.5827601530263165
2004-10-09 04:00:00,2004-10-09,04:00:00,0.9,1062.0,5.131232180692032,770.0,96.0,779.75,48.0,1449.75,921.5,21.25,63.925000190735,1.595085517916312
2004-10-09 05:00:00,2004-10-09,05:00:00,1.3,1156.75,7.772386848630005,889.75,154.0,680.75,53.0,1548.5,1054.25,20.800000190735,66.724998474121,1.6201027971755335
2004-10-09 06:00:00,2004-10-09,06:00:00,1.3,1166.5,8.184612613324596,906.75,211.0,681.25,55.0,1548.0,1081.75,20.625000476837,67.474998474121,1.6209706333758709
2004-10-09 07:00:00,2004-10-09,07:00:00,2.9,1402.75,17.64390447527079,1229.0,381.0,523.0,63.0,1871.75,1365.0,20.875,66.27499961853,1.6165263579680609
2004-10-09 08:00:00,2004-10-09,08:00:00,3.2,1453.0,20.065987126987597,1298.25,470.0,489.25,69.0,1939.75,1496.5,21.549999713898,63.699999809265,1.6185968327851732
2004-10-09 09:00:00,2004-10-09,09:00:00,3.4,1454.75,18.69430200789783,1259.5,464.0,501.5,84.0,1868.0,1539.75,23.749999523163,56.0,1.6237940757055949
2004-10-09 10:00:00,2004-10-09,10:00:00,3.6,1512.0,19.48572504621618,1282.0,450.0,498.25,95.0,1899.25,1553.75,26.025000095367,48.175000190735,1.5979964766573005
2004-10-09 11:00:00,2004-10-09,11:00:00,2.3,1331.25,12.950305786410745,1082.0,274.0,588.0,80.0,1689.0,1251.75,28.525000095367,42.449999809265,1.628558527828006
2004-10-09 12:00:00,2004-10-09,12:00:00,3.1,1472.25,18.226178291697384,1246.0,306.0,511.5,87.0,1873.25,1454.75,28.099999904633,45.300000190735,1.6957378566790136
2004-10-09 13:00:00,2004-10-09,13:00:00,3.3,1430.25,16.24006619645548,1187.0,308.0,538.75,94.0,1811.5,1339.25,29.0,43.900000572205,1.7309103138515425
2004-10-09 14:00:00,2004-10-09,14:00:00,1.9,1264.0,11.046899828729591,1016.0,186.0,624.0,76.0,1650.0,1061.5,28.924999713898,44.300000190735,1.7391609212191037
2004-10-09 15:00:00,2004-10-09,15:00:00,2.6,1377.5,15.896882599847912,1176.5,238.0,548.25,92.0,1774.75,1266.0,29.575000286102,42.324999809265,1.724818585686903
2004-10-09 16:00:00,2004-10-09,16:00:00,2.7,1376.5,14.181597642991733,1122.5,249.0,578.0,94.0,1716.25,1223.0,29.400000095367,42.900000572205,1.730797532961378
2004-10-09 17:00:00,2004-10-09,17:00:00,3.7,1526.75,19.87772427009832,1293.0,378.0,501.5,110.0,1907.0,1469.0,28.699999809265,45.074998855591,1.7468040863922318
2004-10-09 18:00:00,2004-10-09,18:00:00,3.8,1572.5,21.68271430566832,1342.5,386.0,469.75,109.0,1990.25,1553.25,26.950000286102,51.199999809265,1.7927522434887615
2004-10-09 19:00:00,2004-10-09,19:00:00,4.8,1673.5,25.720484690188368,1447.25,461.0,447.75,122.0,2064.75,1688.75,26.5,52.674999237061,1.796562714199035
2004-10-09 20:00:00,2004-10-09,20:00:00,3.5,1455.0,17.254592240067023,1217.5,394.0,535.0,107.0,1796.25,1387.25,26.200000286102,51.724999427795,1.7334485859020714
2004-10-09 21:00:00,2004-10-09,21:00:00,2.2,1241.5,11.21459198410163,1022.0,266.0,629.75,83.0,1640.75,1138.5,24.824999809265,56.449999809265,1.744692771021014
2004-10-09 22:00:00,2004-10-09,22:00:00,1.5,1181.0,8.889611855025933,935.0,158.0,701.25,62.0,1564.75,960.25,24.875,56.02499961853,1.736684587617592
2004-10-09 23:00:00,2004-10-09,23:00:00,3.4,1467.75,15.203949872907684,1155.0,319.0,565.0,89.0,1737.5,1292.75,24.5,57.5,1.7432750549353069
2004-10-10 00:00:00,2004-10-10,00:00:00,3.7,1520.25,17.229331023414908,1216.75,409.0,551.5,103.0,1812.25,1356.75,24.675000190735,56.924999237061,1.7438265013666807
2004-10-10 01:00:00,2004-10-10,01:00:00,2.0,1202.75,11.888908849711504,1045.75,223.0,621.25,74.0,1664.0,1102.75,23.900000095367,59.22500038147,1.732713910872817
2004-10-10 02:00:00,2004-10-10,02:00:00,1.4,1095.5,8.086801830707312,902.75,107.0,731.75,52.0,1560.0,856.5,23.799999713898,60.22500038147,1.751512041499954
2004-10-10 03:00:00,2004-10-10,03:00:00,1.1,990.75,4.902415029941832,758.5,81.5,844.5,45.5,1439.5,657.5,23.525000095367,61.300000190735,1.753790785321609
2004-10-10 05:00:00,2004-10-10,05:00:00,0.7,952.25,3.71145409746532,694.5,56.0,910.25,39.0,1428.5,626.5,22.224999904633,65.574999809265,1.7354916302032124
2004-10-10 06:00:00,2004-10-10,06:00:00,1.2,1081.5,6.29188712636252,825.25,163.0,752.75,59.0,1526.0,930.0,21.275000095367,69.125,1.727452697551065
2004-10-10 07:00:00,2004-10-10,07:00:00,1.3,1094.75,7.670752132572825,885.5,187.0,705.0,56.0,1573.5,1000.5,21.349999904633,68.224998474121,1.7127233888282052
2004-10-10 08:00:00,2004-10-10,08:00:00,1.1,1048.75,6.313818518864275,826.25,150.0,764.75,51.0,1521.0,916.75,22.224999904633,65.200000762939,1.725566998741132
2004-10-10 09:00:00,2004-10-10,09:00:00,1.0,1054.75,5.633465103186379,794.5,103.0,806.5,51.0,1493.5,833.5,24.074999809265,59.02499961853,1.7449305616745028
2004-10-10 10:00:00,2004-10-10,10:00:00,1.2,1074.0,5.061121320382599,766.5,143.0,814.25,58.0,1488.75,795.5,24.325000286102,61.550000190735,1.8467949283854237
2004-10-10 11:00:00,2004-10-10,11:00:00,1.9,1229.25,9.042534011144204,941.0,220.0,680.25,68.0,1652.75,1040.0,24.775000095367,59.550000190735,1.8350685576471888
2004-10-10 12:00:00,2004-10-10,12:00:00,2.3,1228.0,9.332254224116117,952.25,301.0,668.25,81.0,1622.25,1109.5,24.525000095367,58.75,1.7838134533369765
2004-10-10 13:00:00,2004-10-10,13:00:00,1.6,1107.25,5.902703204378455,807.25,214.0,767.75,73.0,1545.5,835.5,21.0,76.825002670288,1.8881297425666292
2004-10-10 14:00:00,2004-10-10,14:00:00,1.3,1030.75,4.382794692041042,731.5,162.0,872.0,69.0,1476.25,704.25,19.849999904633,78.02499961853,1.7878534058321611
2004-10-10 15:00:00,2004-10-10,15:00:00,1.8,1154.75,5.8388712751462535,804.25,232.0,815.25,81.0,1510.0,773.25,19.375,80.5,1.7916566264525884
2004-10-10 16:00:00,2004-10-10,16:00:00,1.7,1130.75,6.635470454500727,840.75,254.0,783.75,82.0,1531.0,810.5,19.625,79.100002288818,1.7876921743419725
2004-10-10 17:00:00,2004-10-10,17:00:00,1.8,1143.0,7.772386848630005,889.75,224.0,744.25,71.0,1578.0,848.25,20.75,73.100002288818,1.7695035923385
2004-10-10 18:00:00,2004-10-10,18:00:00,2.0,1145.25,8.381735969623461,914.75,247.0,732.5,81.0,1585.5,891.5,21.14999961853,68.60000038147,1.701394761297044
2004-10-10 19:00:00,2004-10-10,19:00:00,2.2,1168.5,8.25829945796103,909.75,334.0,725.5,87.0,1562.75,992.25,21.125,68.299999237061,1.6913883683266204
2004-10-10 20:00:00,2004-10-10,20:00:00,1.6,1104.75,8.14787482420468,905.25,239.0,733.75,72.0,1575.75,950.25,21.200000286102,67.72500038147,1.6847922494287997
2004-10-10 21:00:00,2004-10-10,21:00:00,1.3,1049.25,6.101377435130518,816.5,168.0,806.0,63.0,1517.25,881.75,20.849999427795,68.64999961853,1.6719142730531475
2004-10-10 22:00:00,2004-10-10,22:00:00,1.5,1068.5,6.70849793298091,844.0,185.0,767.0,63.0,1527.0,882.5,20.849999904633,68.10000038147,1.6585195420804382
2004-10-10 23:00:00,2004-10-10,23:00:00,1.5,1073.25,6.579527516625024,838.25,178.0,768.25,63.0,1548.5,892.0,20.700000286102,68.39999961853,1.6507061880779044
2004-10-11 00:00:00,2004-10-11,00:00:00,1.3,1038.75,6.106785889853505,816.75,132.0,799.0,55.0,1501.5,836.25,20.074999809265,70.52499961853,1.6383773167956694
2004-10-11 01:00:00,2004-10-11,01:00:00,1.4,1020.75,5.982908820688995,811.0,135.0,793.5,52.0,1501.75,836.75,20.200000286102,67.924999237061,1.590064339662581
2004-10-11 02:00:00,2004-10-11,02:00:00,0.5,825.0,1.3928823984861172,535.5,39.0,1202.75,32.0,1302.25,497.5,19.375,70.375001907349,1.566308552843669
2004-10-11 03:00:00,2004-10-11,03:00:00,0.4,827.5,1.6623396649061857,558.0,36.0,1166.25,30.5,1303.5,494.0,18.824999809265,73.824998855591,1.5884591039589415
2004-10-11 04:00:00,2004-10-11,04:00:00,0.4,846.75,1.892364265362843,576.0,33.0,1138.75,29.0,1321.25,507.0,17.89999961853,77.72500038147,1.5794590919701914
2004-10-11 05:00:00,2004-10-11,05:00:00,0.6,903.25,3.4402233969608287,678.75,90.0,956.25,44.0,1384.5,659.75,18.224999904633,76.89999961853,1.5944622415994376
2004-10-11 06:00:00,2004-10-11,06:00:00,1.1,1041.25,7.19435228841872,865.25,164.0,757.25,53.0,1486.25,902.25,18.625,74.89999961853,1.5918428842760093
2004-10-11 07:00:00,2004-10-11,07:00:00,2.9,1313.75,18.965323348624494,1267.25,336.0,558.5,62.0,1888.25,1240.0,19.550000667572,70.325000762939,1.5820856742291152
2004-10-11 08:00:00,2004-10-11,08:00:00,3.5,1325.75,24.47542529281448,1415.75,366.0,498.5,68.0,1971.0,1394.5,20.175000190735,66.60000038147,1.5566704057756655
2004-10-11 09:00:00,2004-10-11,09:00:00,4.6,1463.75,25.590808921417104,1444.0,565.0,474.75,85.0,2049.0,1624.75,19.699999809265,68.875,1.5637698484171008
2004-10-11 10:00:00,2004-10-11,10:00:00,3.4,1313.0,17.086482300273307,1212.5,536.0,564.25,88.0,1789.0,1359.0,19.224999904633,73.425001144409,1.6192092856769915
2004-10-11 11:00:00,2004-10-11,11:00:00,2.3,1201.75,12.250534625044722,1058.25,416.0,646.5,82.0,1623.0,1152.25,19.974999904633,69.599999427795,1.6070399359162844
2004-10-11 12:00:00,2004-10-11,12:00:00,2.7,1225.0,15.211931495518682,1155.25,379.0,607.0,91.0,1737.5,1159.25,21.075000286102,63.975001335144,1.579486547581599
2004-10-11 13:00:00,2004-10-11,13:00:00,3.1,1257.0,18.30384729931777,1248.25,368.0,557.0,87.0,1837.0,1179.25,20.249999523163,67.424999237061,1.5831821256469938
2004-10-11 14:00:00,2004-10-11,14:00:00,3.2,1271.25,17.229331023414908,1216.75,444.0,566.25,90.0,1810.25,1227.0,20.150000095367,68.875,1.6073902067533707
2004-10-11 15:00:00,2004-10-11,15:00:00,2.5,1178.75,14.104214213178958,1120.0,352.0,633.75,97.0,1667.0,1119.0,21.900000095367,57.574999809265,1.4942157105476987
2004-10-11 16:00:00,2004-10-11,16:00:00,3.4,1277.75,18.27794198557088,1247.5,375.0,573.5,99.0,1813.5,1242.5,23.249999523163,52.025000572205,1.464189042029404
2004-10-11 17:00:00,2004-10-11,17:00:00,4.8,1434.6666666667,25.00908573295199,1429.3333333333,479.0,499.33333333333,109.0,2072.3333333333,1449.3333333333,21.666666666667,59.06666692098,1.511486177229368
2004-10-11 18:00:00,2004-10-11,18:00:00,4.5,1326.25,22.167803733141728,1355.5,448.0,524.75,95.0,1965.75,1404.5,20.775000572205,61.449999809265,1.489758881819169
2004-10-11 19:00:00,2004-10-11,19:00:00,4.0,1323.5,21.40493886253313,1335.0,388.0,536.5,80.0,1919.5,1444.0,19.85000038147,64.199999809265,1.4710694293175834
2004-10-11 20:00:00,2004-10-11,20:00:00,3.2,1205.75,16.182651999829726,1185.25,376.0,592.25,76.0,1751.25,1386.25,19.675000190735,65.14999961853,1.4769329152193686
2004-10-11 21:00:00,2004-10-11,21:00:00,1.9,1052.25,10.258379842905248,987.25,224.0,700.25,62.0,1556.25,1101.5,20.025000095367,63.349998474121,1.4672055974389702
2004-10-11 22:00:00,2004-10-11,22:00:00,1.9,1057.0,8.864232997095865,934.0,206.0,742.75,57.0,1524.75,1041.0,19.049999713898,66.075000762939,1.441532650031322
2004-10-11 23:00:00,2004-10-11,23:00:00,1.3,951.5,6.468248061517456,833.25,143.0,845.75,57.0,1380.5,880.5,18.75,60.85000038147,1.3032454318702162
2004-10-12 00:00:00,2004-10-12,00:00:00,1.1,910.5,5.116173813476844,769.25,113.0,918.5,54.0,1340.0,791.0,18.900000095367,60.650000572205,1.311020078528473
2004-10-12 01:00:00,2004-10-12,01:00:00,1.0,897.5,4.572351408632516,741.5,93.0,914.5,50.0,1345.0,795.5,18.124999523163,65.175000190735,1.3430176024721951
2004-10-12 02:00:00,2004-10-12,02:00:00,0.5,809.0,2.114283383220237,592.5,58.0,1133.75,44.0,1277.0,647.0,18.275000095367,65.050000190735,1.3529387342238328
2004-10-12 03:00:00,2004-10-12,03:00:00,0.6,823.25,2.444611245499507,615.75,57.0,1071.5,39.0,1299.5,715.5,18.324999809265,66.874998092651,1.395201917097398
2004-10-12 04:00:00,2004-10-12,04:00:00,0.5,813.75,3.222993460672848,665.75,56.0,1029.0,34.0,1311.0,718.5,17.849999904633,67.500001907349,1.3674298481352631
2004-10-12 05:00:00,2004-10-12,05:00:00,0.8,857.25,3.901595974565998,705.25,105.0,982.0,44.0,1312.0,732.5,16.949999809265,66.675000190735,1.2771735877626615
2004-10-12 06:00:00,2004-10-12,06:00:00,1.2,935.0,5.961475539335539,810.0,243.0,880.75,74.0,1356.0,834.75,17.849999427795,60.60000038147,1.2276480670617391
2004-10-12 07:00:00,2004-10-12,07:00:00,2.7,1159.25,13.80414566318666,1110.25,492.0,671.0,101.0,1649.75,1093.75,17.624999523163,60.824999809265,1.2151192557770218
2004-10-12 08:00:00,2004-10-12,08:00:00,3.0,1101.75,14.75195387119492,1140.75,435.0,648.0,103.0,1593.75,1113.5,17.89999961853,57.824999809265,1.1750687840934668
2004-10-13 09:00:00,2004-10-13,09:00:00,1.5,895.75,5.929387126898798,808.5,286.0,882.25,78.0,1257.25,787.5,15.400000333786,53.200000762939,0.9246302225955292
2004-10-13 10:00:00,2004-10-13,10:00:00,1.2,882.0,5.25237752206223,776.0,281.0,932.0,72.0,1221.5,760.0,16.5,49.875,0.9288721527007956
2004-10-20 16:00:00,2004-10-20,16:00:00,4.7,1597.25,30.939693555993,1572.75,652.0,424.0,167.0,2306.75,1956.25,24.775000572205,57.650000572205,1.7765189931833758
2004-10-20 17:00:00,2004-10-20,17:00:00,8.0,1883.75,43.67999591148138,1845.75,895.0,348.0,194.0,2594.5,2203.0,24.625,58.949999809265,1.8005212476889505
2004-10-20 18:00:00,2004-10-20,18:00:00,7.7,1834.5,39.9583513798135,1770.0,826.0,358.25,172.0,2474.25,2073.0,23.900000095367,61.824999809265,1.808780692599868
2004-10-20 19:00:00,2004-10-20,19:00:00,6.8,1758.5,35.91712485406509,1684.25,648.0,373.25,134.0,2378.25,1922.75,23.049999713898,65.875,1.8319359680753748
2004-10-20 20:00:00,2004-10-20,20:00:00,6.0,1665.5,30.09119221430864,1553.0,629.0,409.25,130.0,2169.75,1779.5,22.449999809265,67.699998855591,1.816142474627038
2004-10-20 21:00:00,2004-10-20,21:00:00,4.7,1506.0,22.327382242811574,1359.75,529.0,458.0,113.0,1943.5,1608.5,22.0,69.175001144409,1.8061233484092385
2004-10-20 22:00:00,2004-10-20,22:00:00,3.4,1378.0,17.652408888465633,1229.25,405.0,510.75,99.0,1819.5,1466.25,21.75,69.60000038147,1.790016106899724
2004-10-20 23:00:00,2004-10-20,23:00:00,3.9,1447.75,19.52122373854763,1283.0,461.0,495.75,109.0,1877.25,1503.75,21.874999523163,68.300001144409,1.7698850110575637
2004-10-21 00:00:00,2004-10-21,00:00:00,4.4,1480.75,22.289790459997715,1358.75,486.0,467.25,105.0,1956.5,1518.0,21.700000286102,69.700000762939,1.7871830898650354
2004-10-21 01:00:00,2004-10-21,01:00:00,3.3,1289.0,15.379957884375363,1160.5,335.0,552.0,91.0,1765.25,1289.0,21.275000095367,70.324998855591,1.7574409978787158
2004-10-21 02:00:00,2004-10-21,02:00:00,2.0,1109.0,9.30634368271899,951.25,210.0,663.75,77.0,1569.75,1075.5,20.800000190735,71.72500038147,1.7415043297528765
2004-10-21 03:00:00,2004-10-21,03:00:00,1.5,994.25,5.999005297727464,811.75,179.5,784.0,68.5,1452.5,946.75,21.449999809265,68.974998474121,1.7420638412041918
2004-10-21 05:00:00,2004-10-21,05:00:00,0.8,965.75,5.1412815724,770.5,149.0,829.5,60.0,1420.0,899.75,21.349999904633,69.499998092651,1.7447310358233414
2004-10-21 06:00:00,2004-10-21,06:00:00,1.3,1088.25,8.80092124258785,931.5,203.0,705.75,72.0,1565.0,1034.25,21.47500038147,67.52499961853,1.7080235813013709
2004-10-21 07:00:00,2004-10-21,07:00:00,2.7,1303.0,16.586369795055898,1197.5,332.0,578.0,83.0,1790.75,1234.75,21.925000667572,64.75,1.6829609059780728
2004-10-21 08:00:00,2004-10-21,08:00:00,3.6,1440.25,24.33871347808761,1412.25,446.0,493.75,104.0,2016.0,1455.0,22.624999523163,61.39999961853,1.6645408372824957
2004-10-21 09:00:00,2004-10-21,09:00:00,3.6,1392.0,20.58079447046756,1312.5,524.0,517.25,119.0,1865.75,1477.5,22.574999809265,61.549999237061,1.6636059199036568
2004-10-21 10:00:00,2004-10-21,10:00:00,2.6,1248.0,15.58101438633092,1166.75,347.0,572.25,105.0,1703.75,1393.0,25.47500038147,52.300000190735,1.679639291758525
2004-10-21 11:00:00,2004-10-21,11:00:00,2.0,1197.0,12.243256870893829,1058.0,273.0,633.5,91.0,1626.0,1237.0,26.974999427795,47.625,1.670007048180802
2004-10-21 12:00:00,2004-10-21,12:00:00,3.3,1357.25,17.66091504876288,1229.5,404.0,542.25,103.0,1834.0,1372.5,25.200000286102,53.27499961853,1.6834432647013238
2004-10-21 13:00:00,2004-10-21,13:00:00,2.6,1263.25,14.82293484014385,1143.0,358.0,577.5,107.0,1735.5,1310.0,26.550000190735,49.324999809265,1.6872315431249176
2004-10-21 14:00:00,2004-10-21,14:00:00,2.1,1261.25,14.981190048066996,1148.0,312.0,584.5,111.0,1732.75,1287.0,27.150000095367,48.474999427795,1.7172334716927882
2004-10-21 15:00:00,2004-10-21,15:00:00,2.9,1381.75,16.66098269486679,1199.75,369.0,538.75,101.0,1807.25,1413.0,26.949999809265,50.0,1.7507345706273283
2004-10-21 16:00:00,2004-10-21,16:00:00,3.0,1400.25,17.66942295603853,1229.75,362.0,518.75,102.0,1864.0,1483.0,26.474999904633,52.175000190735,1.7769093377641012
2004-10-21 17:00:00,2004-10-21,17:00:00,3.2,1443.0,20.90879651455527,1321.5,335.0,488.25,101.0,1933.25,1538.5,27.025000095367,51.0,1.793573735091197
2004-10-21 18:00:00,2004-10-21,18:00:00,4.4,1630.25,28.67503304842678,1519.5,447.0,426.75,118.0,2165.75,1691.0,25.875,55.800000190735,1.834697158052136
2004-10-21 19:00:00,2004-10-21,19:00:00,6.0,1719.75,34.8418105814225,1660.75,576.0,381.5,120.0,2403.25,1846.25,25.074999809265,59.39999961853,1.8631914469490167
2004-10-21 20:00:00,2004-10-21,20:00:00,5.0,1600.25,27.51377685400156,1491.5,486.0,432.0,107.0,2160.0,1664.75,24.700000286102,58.675000190735,1.800097697193131
2004-10-21 21:00:00,2004-10-21,21:00:00,4.3,1524.75,24.917065034856005,1427.0,439.0,449.5,104.0,2084.5,1576.5,23.574999809265,62.249999046326,1.7862901300810017
2004-10-21 22:00:00,2004-10-21,22:00:00,4.3,1544.25,24.192598971050693,1408.5,462.0,448.0,91.0,2048.25,1603.25,22.400000095367,67.074998855591,1.7939763041921264
2004-10-21 23:00:00,2004-10-21,23:00:00,4.2,1455.0,22.23345343018301,1357.25,441.0,466.25,91.0,1963.5,1529.5,21.60000038147,69.174999237061,1.7630361298548618
2004-10-22 00:00:00,2004-10-22,00:00:00,2.2,1202.75,13.182230127749888,1089.75,223.0,592.5,74.0,1655.25,1204.75,21.325000286102,68.47500038147,1.7163991832562444
2004-10-22 01:00:00,2004-10-22,01:00:00,1.3,1038.0,7.886652812465704,894.5,126.0,714.25,63.0,1473.75,998.75,21.175000190735,68.625,1.704596436234891
2004-10-22 02:00:00,2004-10-22,02:00:00,1.0,974.75,5.89737257818286,807.0,116.0,788.0,57.0,1423.25,904.25,20.324999809265,70.625,1.6659228608816876
2004-10-22 03:00:00,2004-10-22,03:00:00,0.7,916.75,4.050256979222614,713.5,157.0,870.25,53.0,1354.75,843.25,20.825000286102,67.25,1.6353325839623287
2004-10-22 05:00:00,2004-10-22,05:00:00,0.9,959.5,5.822959543858955,803.5,198.0,801.5,49.0,1435.0,885.75,18.675000190735,74.39999961853,1.5860999961755626
2004-10-22 06:00:00,2004-10-22,06:00:00,1.0,982.0,6.484888375798436,834.0,185.0,769.66666666667,55.0,1434.6666666667,910.66666666667,19.799999872843,69.199999491374,1.5807955578759654
2004-10-22 07:00:00,2004-10-22,07:00:00,2.8,1359.25,19.47685467747145,1281.75,425.0,540.5,78.0,1912.0,1318.75,19.799999713898,69.425001144409,1.585935450200431
2004-10-22 08:00:00,2004-10-22,08:00:00,4.1,1499.5,27.99859718319523,1503.25,465.0,436.75,91.0,2157.5,1926.5,20.375,66.699998855591,1.5781417966304645
2004-10-22 09:00:00,2004-10-22,09:00:00,2.9,1314.75,18.746627930881356,1261.0,341.0,535.0,88.0,1829.75,1554.25,22.25,60.624999046326,1.6069021010474938
2004-10-22 10:00:00,2004-10-22,10:00:00,2.7,1307.25,18.28657535215321,1247.75,316.0,524.75,83.0,1787.0,1564.75,22.624999523163,59.925001144409,1.624553944605662
2004-10-22 11:00:00,2004-10-22,11:00:00,2.1,1235.25,14.259161510663034,1125.0,241.0,573.5,81.0,1704.25,1461.75,24.474999904633,54.549999237061,1.6513883586696612
2004-10-22 12:00:00,2004-10-22,12:00:00,2.4,1309.75,16.47058919617261,1194.0,266.0,537.75,83.0,1781.25,1486.5,24.400000095367,55.449999809265,1.6711851906541364
2004-10-22 13:00:00,2004-10-22,13:00:00,3.8,1458.5,22.91350370211889,1375.25,412.0,467.25,111.0,2006.75,1689.75,25.950000286102,51.925000190735,1.7148223398401616
2004-10-22 14:00:00,2004-10-22,14:00:00,3.7,1460.5,22.26161434732829,1358.0,394.0,473.5,112.0,2032.75,1602.5,26.849999904633,49.125000953674,1.7100930210639258
2004-10-22 15:00:00,2004-10-22,15:00:00,3.7,1476.0,22.03675272325216,1352.0,365.0,473.5,112.0,1996.0,1568.25,26.424999713898,49.849999427795,1.6927685519409648
2004-10-22 16:00:00,2004-10-22,16:00:00,5.5,1612.25,27.69902610328447,1496.0,548.0,428.5,137.0,2126.5,1743.25,26.949999809265,48.60000038147,1.7017140160068176
2004-10-22 17:00:00,2004-10-22,17:00:00,5.4,1654.25,29.803507153076023,1546.25,494.0,434.5,152.0,2175.75,2006.5,26.150000095367,48.899998664856,1.6339794694029277
2004-10-22 18:00:00,2004-10-22,18:00:00,8.4,1807.75,40.00655986550903,1771.0,686.0,373.0,163.0,2485.75,2235.25,24.299999713898,54.324999809265,1.6275936123661323
2004-10-22 19:00:00,2004-10-22,19:00:00,6.8,1680.75,35.08083109281455,1666.0,556.0,397.0,135.0,2339.0,1997.75,23.349999904633,58.125,1.6456713399691385
2004-10-22 20:00:00,2004-10-22,20:00:00,4.5,1494.0,25.531052836203216,1442.5,467.0,454.25,119.0,2019.75,1795.25,22.299999713898,62.500000953674,1.661591454551727
2004-10-22 21:00:00,2004-10-22,21:00:00,2.5,1250.5,13.712370811214416,1107.25,297.0,578.75,91.0,1657.0,1406.5,21.300000190735,66.14999961853,1.655611901362856
2004-10-22 22:00:00,2004-10-22,22:00:00,1.6,1131.5,9.658722783426333,964.75,164.0,669.0,74.0,1502.25,1211.0,21.175000190735,65.699999809265,1.6319415014281404
2004-10-22 23:00:00,2004-10-22,23:00:00,1.7,1157.5,9.790648164067562,969.75,196.0,663.75,73.0,1509.25,1201.75,20.275000095367,68.075002670288,1.600884083600331
2004-10-23 00:00:00,2004-10-23,00:00:00,1.7,1145.75,10.13721772169623,982.75,201.0,672.75,71.0,1518.0,1136.25,20.425000190735,66.699998855591,1.5829578088484306
2004-10-23 01:00:00,2004-10-23,01:00:00,1.1,993.0,6.025873720736165,813.0,132.0,792.25,57.0,1412.75,946.0,19.925000190735,67.52499961853,1.5543708758866364
2004-10-23 02:00:00,2004-10-23,02:00:00,1.0,989.0,6.047405304882035,814.0,146.0,799.75,51.0,1418.25,915.25,19.125,69.950000762939,1.533126129411813
2004-10-23 03:00:00,2004-10-23,03:00:00,0.8,943.0,4.649130358347195,745.5,136.5,852.0,47.0,1373.5,863.75,19.349999427795,68.125,1.513906449892194
2004-10-23 05:00:00,2004-10-23,05:00:00,0.7,925.0,4.581918958781177,742.0,127.0,875.75,43.0,1381.0,841.5,18.10000038147,72.10000038147,1.4834190724431269
2004-10-23 06:00:00,2004-10-23,06:00:00,1.2,1038.75,7.587481564402678,882.0,217.0,724.25,52.0,1473.0,1002.0,18.14999961853,72.325000762939,1.4926606816026016
2004-10-23 07:00:00,2004-10-23,07:00:00,2.3,1207.75,13.605630197714015,1103.75,394.0,597.75,65.0,1699.25,1164.5,17.60000038147,74.750001907349,1.490986145934041
2004-10-23 08:00:00,2004-10-23,08:00:00,3.0,1267.75,15.978309465234798,1179.0,511.0,545.25,69.0,1753.0,1294.0,18.174999713898,72.800001144409,1.504790010519819
2004-10-23 09:00:00,2004-10-23,09:00:00,3.3,1352.75,18.895223172864338,1265.25,523.0,507.25,91.0,1832.75,1475.0,20.175000190735,65.774997711182,1.537387264121502
2004-10-23 10:00:00,2004-10-23,10:00:00,2.8,1317.25,15.726463869605348,1171.25,471.0,542.0,92.0,1726.5,1435.5,21.64999961853,61.400000572205,1.569613537027535
2004-10-23 11:00:00,2004-10-23,11:00:00,3.0,1355.75,16.24006619645548,1187.0,441.0,533.75,102.0,1738.0,1464.5,23.25,57.450000762939,1.61687002506585
2004-10-23 12:00:00,2004-10-23,12:00:00,3.4,1413.5,19.38824571724707,1279.25,414.0,503.5,118.0,1853.5,1583.25,25.000000476837,52.374999046326,1.635578557735006
2004-10-23 13:00:00,2004-10-23,13:00:00,3.0,1325.75,16.877332470396162,1206.25,317.0,533.0,111.0,1785.25,1432.25,25.449999809265,50.750000953674,1.6274624408373055
2004-10-23 14:00:00,2004-10-23,14:00:00,2.3,1211.25,12.513760440386402,1067.25,230.0,609.25,101.0,1608.0,1269.5,26.125,47.125,1.572362185245331
2004-10-23 15:00:00,2004-10-23,15:00:00,3.1,1324.0,15.766968720541028,1172.5,365.0,563.5,119.0,1748.75,1354.25,26.974999904633,44.175000190735,1.5490302094009176
2004-10-23 16:00:00,2004-10-23,16:00:00,3.0,1323.5,16.027250694192563,1180.5,360.0,564.5,115.0,1747.0,1318.25,27.175000667572,42.97500038147,1.524612985999403
2004-10-23 17:00:00,2004-10-23,17:00:00,3.3,1360.5,16.297567059467095,1188.75,420.0,548.75,120.0,1776.0,1350.75,25.625,48.275001525879,1.5641225492188344
2004-10-23 18:00:00,2004-10-23,18:00:00,4.0,1475.25,21.000300346859888,1324.0,475.0,489.75,115.0,1924.5,1530.25,23.324999809265,57.925000190735,1.6375613431637328
2004-10-23 19:00:00,2004-10-23,19:00:00,4.6,1537.25,23.132580568690425,1381.0,526.0,468.75,118.0,2015.5,1615.0,22.150000095367,63.624999046326,1.676297193009216
2004-10-23 20:00:00,2004-10-23,20:00:00,4.1,1412.75,17.703472052446337,1230.75,460.0,519.75,117.0,1853.0,1414.75,21.574999809265,67.699998855591,1.7228376858332075
2004-10-23 21:00:00,2004-10-23,21:00:00,2.3,1228.5,12.156067689808504,1055.0,255.0,606.5,96.0,1667.75,1219.25,21.025000095367,69.299999237061,1.705773582189558
2004-10-23 22:00:00,2004-10-23,22:00:00,2.6,1296.5,14.586896875181992,1135.5,283.0,567.0,89.0,1725.25,1306.75,20.299999713898,70.47500038147,1.6598523605459694
2004-10-23 23:00:00,2004-10-23,23:00:00,2.6,1302.0,13.122210701282372,1087.75,271.0,594.25,84.0,1638.75,1297.25,20.049999713898,69.450000762939,1.610942003314886
2004-10-24 00:00:00,2004-10-24,00:00:00,2.9,1346.75,15.53265931246383,1165.25,315.0,573.0,97.0,1740.75,1320.75,19.675000190735,70.100002288818,1.589148140345675
2004-10-24 01:00:00,2004-10-24,01:00:00,2.1,1164.5,11.774165410493625,1041.75,227.0,631.25,68.0,1620.5,1132.5,19.5,70.675001144409,1.5850932554790813
2004-10-24 02:00:00,2004-10-24,02:00:00,2.1,1155.25,10.935703959526428,1012.0,243.0,632.75,66.0,1576.5,1124.25,19.449999809265,71.375,1.5958916925840054
2004-10-24 03:00:00,2004-10-24,03:00:00,1.5,1049.5,8.406516914528089,915.75,191.0,696.25,57.0,1512.25,997.0,19.300000190735,71.075000762939,1.574622142711666
2004-10-24 05:00:00,2004-10-24,05:00:00,1.4,1057.25,8.624678823055866,924.5,139.0,683.5,48.0,1503.0,972.25,18.025000095367,75.39999961853,1.544126756751886
2004-10-24 06:00:00,2004-10-24,06:00:00,1.2,1029.25,7.528239978446694,879.5,182.0,708.5,47.0,1450.75,964.75,17.275000095367,78.375,1.5320115671757888
2004-10-24 07:00:00,2004-10-24,07:00:00,1.5,1036.75,8.056338823005872,901.5,196.0,704.0,48.0,1480.75,984.25,17.499999523163,76.550001144409,1.5174303895223855
2004-10-24 08:00:00,2004-10-24,08:00:00,0.9,919.75,4.823871521429194,754.5,108.0,852.75,45.0,1359.25,879.75,19.974999904633,66.700000762939,1.540079968863952
2004-10-24 09:00:00,2004-10-24,09:00:00,1.4,1079.75,7.7903815648974515,890.5,175.0,732.0,59.0,1476.75,1001.25,19.14999961853,70.0,1.5365814257978967
2004-10-24 10:00:00,2004-10-24,10:00:00,2.1,1151.75,9.698220270852254,966.25,266.0,660.75,84.0,1542.0,1137.0,21.425000190735,61.650000572205,1.5547066652196164
2004-10-24 11:00:00,2004-10-24,11:00:00,1.6,1085.0,8.449958592777877,917.5,179.0,721.25,72.0,1466.5,1023.0,24.575000286102,50.449999809265,1.5363472756250187
2004-10-24 12:00:00,2004-10-24,12:00:00,1.5,1070.5,7.581548498505182,881.75,154.0,744.75,68.0,1430.5,962.25,24.974999904633,49.050000190735,1.5294840005279633
2004-10-24 13:00:00,2004-10-24,13:00:00,1.1,1000.25,5.902703204378455,807.25,95.0,811.25,52.0,1376.0,825.25,25.325000286102,46.72500038147,1.4873926633058556
2004-10-24 14:00:00,2004-10-24,14:00:00,1.4,1057.5,7.416226879535422,874.75,151.0,755.75,70.0,1420.75,877.0,24.849999904633,47.875000953674,1.4818556551021196
2004-10-24 15:00:00,2004-10-24,15:00:00,2.0,1184.0,10.130504493671385,982.5,230.0,666.5,90.0,1537.0,1045.5,25.300000190735,47.974999427795,1.524934722478962
2004-10-24 16:00:00,2004-10-24,16:00:00,2.0,1189.0,9.652146550765297,964.5,239.0,669.75,87.0,1533.0,1059.75,26.450000286102,44.924999237061,1.5277622016210557
2004-10-24 17:00:00,2004-10-24,17:00:00,2.5,1277.0,11.802806788281838,1042.75,306.0,613.75,99.0,1630.75,1154.5,24.999999523163,50.050001144409,1.562972898618938
2004-10-24 18:00:00,2004-10-24,18:00:00,4.3,1482.25,20.309150171726216,1305.0,472.0,503.25,128.0,1874.0,1464.0,22.924999713898,57.550000190735,1.5884893165954566
2004-10-24 19:00:00,2004-10-24,19:00:00,5.2,1554.5,24.260739062188463,1410.25,532.0,463.75,127.0,1970.75,2184.5,21.675000667572,62.949999809265,1.611669991339243
2004-10-24 20:00:00,2004-10-24,20:00:00,3.4,1323.5,15.621359219570662,1168.0,375.0,568.25,99.0,1715.5,1958.5,21.75,62.950000762939,1.618987279847926
2004-10-24 21:00:00,2004-10-24,21:00:00,1.3,1015.0,7.289367340759562,869.33333333333,147.0,747.0,72.0,1439.0,1375.0,21.166666666667,63.43333307902,1.5748433022900692
2004-10-24 22:00:00,2004-10-24,22:00:00,1.2,1009.5,7.078731968506726,860.25,118.0,768.0,62.0,1449.75,1211.5,20.150000095367,65.775000572205,1.53504307468544
2004-10-24 23:00:00,2004-10-24,23:00:00,1.7,1080.75,8.965933937610119,938.0,181.0,697.0,62.0,1517.25,1273.0,18.449999809265,71.52499961853,1.5037833876445434
2004-10-25 00:00:00,2004-10-25,00:00:00,1.7,1071.0,8.902312882353245,935.5,209.0,695.25,63.0,1515.75,1249.25,17.949999809265,72.39999961853,1.4758157548911588
2004-10-25 01:00:00,2004-10-25,01:00:00,1.4,1013.75,7.153794346007262,863.5,167.0,745.0,56.0,1474.25,1097.25,16.89999961853,75.375,1.4393254295302953
2004-10-25 02:00:00,2004-10-25,02:00:00,0.9,890.5,4.4393022909116695,734.5,112.0,877.5,44.0,1352.5,933.25,16.500000238419,75.474998474121,1.4056466236388074
2004-10-25 03:00:00,2004-10-25,03:00:00,0.7,873.5,4.068437354625373,714.5,146.5,888.5,46.0,1315.25,858.25,15.400000095367,79.02499961853,1.3734755797224394
2004-10-25 05:00:00,2004-10-25,05:00:00,0.9,940.25,5.870750253780853,805.75,181.0,799.75,48.0,1392.25,1013.0,16.175000190735,76.875,1.4028569764702108
2004-10-25 06:00:00,2004-10-25,06:00:00,1.2,1019.75,7.217572131689938,866.25,253.0,749.25,59.0,1440.25,1086.75,15.774999856949,79.625001907349,1.4169825782962535
2004-10-25 07:00:00,2004-10-25,07:00:00,3.2,1316.0,18.4509394072448,1252.5,521.0,526.5,77.0,1779.75,1565.5,16.000000238419,76.299999237061,1.37715236756533
2004-10-25 08:00:00,2004-10-25,08:00:00,4.4,1422.75,24.97620459696824,1428.5,649.0,467.25,88.0,1997.75,1631.25,16.27499961853,74.300001144409,1.3643966909704928
2004-10-25 09:00:00,2004-10-25,09:00:00,3.5,1313.5,18.79028048923849,1262.25,516.0,530.75,111.0,1754.25,1564.0,18.675000190735,66.325000762939,1.4139527418793318
2004-10-25 10:00:00,2004-10-25,10:00:00,3.2,1317.25,19.512346483092777,1282.75,487.0,518.0,114.0,1811.5,1600.75,20.5,60.175000190735,1.4346426300700357
2004-10-25 11:00:00,2004-10-25,11:00:00,3.0,1304.75,18.18308969843881,1244.75,529.0,524.25,108.0,1741.75,1539.25,19.349999904633,66.175001144409,1.4705726823675982
2004-10-25 12:00:00,2004-10-25,12:00:00,3.5,1351.25,20.039046119280368,1297.5,565.0,497.75,111.0,1821.0,1576.5,20.025000095367,63.925001144409,1.4805228374817387
2004-10-25 13:00:00,2004-10-25,13:00:00,4.0,1438.0,24.838305281978883,1425.0,558.0,451.0,126.0,1971.25,1732.0,21.375,59.375,1.4928104113042606
2004-10-25 14:00:00,2004-10-25,14:00:00,3.8,1454.0,23.07534440892659,1379.5,568.0,456.75,117.0,1947.25,1672.0,21.474999904633,60.875000953674,1.539813916751021
2004-10-25 15:00:00,2004-10-25,15:00:00,4.2,1512.0,25.461412691187697,1440.75,605.0,432.0,119.0,2034.25,1744.25,21.625000476837,60.924999237061,1.5551196373865257
2004-10-25 16:00:00,2004-10-25,16:00:00,5.0,1584.0,32.00621055330481,1597.25,666.0,392.0,125.0,2176.25,1844.5,21.575000286102,62.025000572205,1.5784196947777411
2004-10-25 17:00:00,2004-10-25,17:00:00,7.9,1816.25,46.27765725981946,1897.0,814.0,329.75,158.0,2640.5,2163.5,21.749999523163,61.89999961853,1.5919826513881217
2004-10-25 18:00:00,2004-10-25,18:00:00,8.4,1823.5,44.509330125659794,1862.25,860.0,339.5,149.0,2566.75,2105.75,21.049999713898,64.85000038147,1.598662977204229
2004-10-25 19:00:00,2004-10-25,19:00:00,8.0,1744.0,41.049028483766826,1792.5,820.0,352.25,136.0,2468.5,2006.5,20.025000095367,68.575000762939,1.5882182697268292
2004-10-25 20:00:00,2004-10-25,20:00:00,6.4,1587.5,32.54523784531371,1609.5,742.0,400.0,112.0,2229.75,1791.25,19.275000095367,71.449998855591,1.580501827521107
2004-10-25 21:00:00,2004-10-25,21:00:00,3.5,1319.0,19.14986255385515,1272.5,492.0,511.0,87.0,1806.0,1443.75,18.474999904633,73.424999237061,1.5461152153940452
2004-10-25 22:00:00,2004-10-25,22:00:00,3.5,1312.5,19.592303742507564,1285.0,464.0,505.25,82.0,1802.5,1373.0,17.749999523163,75.625,1.522553230421114
2004-10-25 23:00:00,2004-10-25,23:00:00,1.9,1073.25,10.72850589717818,1004.5,258.0,660.5,67.0,1488.25,1110.0,18.525000095367,70.400001525879,1.4870007804064298
2004-10-26 00:00:00,2004-10-26,00:00:00,2.2,1119.25,12.185101230870202,1056.0,311.0,624.25,68.0,1561.75,1098.5,16.950000286102,76.125,1.4581903559531553
2004-10-26 01:00:00,2004-10-26,01:00:00,1.6,989.25,8.01984793446924,900.0,231.0,737.0,60.0,1401.0,967.5,16.849999904633,74.899997711182,1.425797317572347
2004-10-26 02:00:00,2004-10-26,02:00:00,1.0,911.5,5.487932183616301,787.5,127.0,822.25,48.0,1331.25,847.25,15.549999952316,78.549999237061,1.3781905551615257
2004-10-26 03:00:00,2004-10-26,03:00:00,1.0,904.25,5.482764633691687,787.25,132.5,819.5,47.0,1319.0,851.5,15.250000238419,79.02499961853,1.3605359555420946
2004-10-26 05:00:00,2004-10-26,05:00:00,0.9,901.75,5.940075060201868,809.0,138.0,835.0,46.0,1355.25,833.75,14.825000047684,79.425001144409,1.3311649167920825
2004-10-26 06:00:00,2004-10-26,06:00:00,1.4,980.75,8.580855881819877,922.75,228.0,730.0,54.0,1424.75,956.25,15.650000095367,76.97500038147,1.3590898912165488
2004-10-26 07:00:00,2004-10-26,07:00:00,3.0,1266.5,18.711737053885297,1260.0,383.0,571.5,82.0,1775.5,1259.0,16.200000286102,75.89999961853,1.3872384469201011
2004-10-26 08:00:00,2004-10-26,08:00:00,4.5,1392.0,24.995931065442637,1429.0,581.0,468.5,93.0,1989.75,1494.0,16.325000286102,75.949998855591,1.399074088626094
2004-10-26 09:00:00,2004-10-26,09:00:00,3.8,1307.5,19.58341271916784,1284.75,545.0,521.5,95.0,1781.0,1457.5,17.72500038147,70.64999961853,1.4201867423441918
2004-10-26 10:00:00,2004-10-26,10:00:00,3.4,1312.5,20.771860311810173,1317.75,593.0,511.0,120.0,1819.5,1490.75,18.324999809265,67.599998474121,1.4103274789811069
2004-10-26 11:00:00,2004-10-26,11:00:00,3.5,1350.25,20.08395637109161,1298.75,602.0,518.0,132.0,1783.5,1560.25,20.075000286102,62.025000572205,1.4409125490382808
2004-10-26 12:00:00,2004-10-26,12:00:00,4.4,1476.75,26.666439640762828,1470.75,624.0,455.25,146.0,2031.0,1750.25,22.574999809265,54.52499961853,1.473730516206298
2004-10-26 13:00:00,2004-10-26,13:00:00,4.0,1408.75,23.602269521503597,1393.25,546.0,484.25,157.0,1874.0,1708.75,24.625000476837,47.074999809265,1.437820866146866
2004-10-26 14:00:00,2004-10-26,14:00:00,4.5,1494.5,26.413434693804845,1464.5,597.0,450.5,158.0,2042.75,1785.5,24.85000038147,48.275000572205,1.494236724597032
2004-10-26 15:00:00,2004-10-26,15:00:00,5.3,1606.0,30.939693555993,1572.75,688.0,418.5,175.0,2164.75,1899.5,24.900000095367,50.0,1.5522117479524091
2004-10-26 16:00:00,2004-10-26,16:00:00,5.8,1669.0,32.78849753676954,1615.0,760.0,403.5,166.0,2232.25,1963.0,24.025000095367,55.0,1.6211151381711282
2004-10-26 17:00:00,2004-10-26,17:00:00,8.4,1821.75,45.89351982491986,1889.5,918.0,346.5,187.0,2640.75,2161.0,23.224999904633,58.749999046326,1.65098790170887
2004-10-26 18:00:00,2004-10-26,18:00:00,9.5,1907.75,52.054064159388766,2006.75,952.0,325.25,180.0,2775.0,2372.0,22.52499961853,61.52499961853,1.6579441266361468
2004-10-26 19:00:00,2004-10-26,19:00:00,6.2,1664.25,36.61076911742439,1699.25,685.0,385.0,134.0,2305.25,2061.5,22.150000095367,61.0,1.607137607956739
2004-10-26 20:00:00,2004-10-26,20:00:00,5.0,1464.5,23.998363424730808,1403.5,561.0,468.0,127.0,1961.75,1735.75,22.64999961853,58.300000190735,1.582873919555941
2004-10-26 21:00:00,2004-10-26,21:00:00,2.1,1075.5,9.837002206603987,971.5,239.0,690.5,95.0,1505.75,1192.0,20.97500038147,57.449999809265,1.4098089935710452
2004-10-26 22:00:00,2004-10-26,22:00:00,1.4,1055.0,7.904759767489353,895.25,175.0,758.25,79.0,1467.5,1042.75,19.77499961853,63.674999237061,1.4523595000752088
2004-10-26 23:00:00,2004-10-26,23:00:00,1.6,1075.0,7.486888715241108,877.75,169.0,733.75,78.0,1495.25,947.5,17.749999523163,78.75,1.585468653165788
2004-10-27 00:00:00,2004-10-27,00:00:00,2.0,1134.75,9.228796421407274,948.25,215.0,684.5,80.0,1568.5,992.0,17.60000038147,80.525001525879,1.6061760349547136
2004-10-27 01:00:00,2004-10-27,01:00:00,1.2,997.5,5.733143019017354,799.25,115.0,785.75,67.0,1434.75,866.75,17.449999809265,81.299999237061,1.6065861836144677
2004-10-27 02:00:00,2004-10-27,02:00:00,0.8,953.25,4.4345815399504325,734.25,94.0,861.0,61.0,1400.5,825.25,17.449999809265,81.025001525879,1.6011518966838818
2004-10-27 03:00:00,2004-10-27,03:00:00,0.6,926.25,3.9463944042101966,707.75,113.0,874.25,58.5,1380.5,803.25,17.150000095367,81.750001907349,1.5855900427650278
2004-10-27 05:00:00,2004-10-27,05:00:00,0.7,967.25,5.061121320382599,766.5,132.0,832.5,56.0,1416.25,866.25,16.825000762939,81.27499961853,1.5447384860298523
2004-10-27 06:00:00,2004-10-27,06:00:00,1.7,1163.75,10.529822826107193,997.25,295.0,641.25,68.0,1606.0,1113.0,17.599999904633,78.825000762939,1.5722672590046125
2004-10-27 07:00:00,2004-10-27,07:00:00,3.4,1421.0,20.589875771644454,1312.75,517.0,502.0,101.0,1983.25,1383.75,18.049999713898,75.700000762939,1.552672711515915
2004-10-27 08:00:00,2004-10-27,08:00:00,4.9,1465.25,28.49745443230326,1515.25,555.0,453.5,119.0,2118.5,1516.0,17.974999904633,74.849998474121,1.5281224823627244
2004-10-27 09:00:00,2004-10-27,09:00:00,2.7,1189.0,12.742336107885956,1075.0,429.0,613.75,108.0,1652.25,1222.25,18.224999427795,74.000001907349,1.5343329782157054
2004-10-27 10:00:00,2004-10-27,10:00:00,3.2,1277.75,16.059913624790514,1181.5,561.0,584.5,132.0,1734.0,1354.25,19.699999809265,65.425001144409,1.4854394790893806
2004-10-27 11:00:00,2004-10-27,11:00:00,2.7,1168.75,14.862431461356575,1144.25,427.0,611.0,130.0,1666.0,1290.5,21.049999713898,57.875,1.4267173363368524
2004-10-27 12:00:00,2004-10-27,12:00:00,3.2,1213.6666666667,16.769008831433194,1203.0,445.0,580.33333333333,129.0,1738.6666666667,1308.0,20.700000127157,58.599999745687,1.414201488391741
2004-10-27 13:00:00,2004-10-27,13:00:00,4.1,1350.5,21.766344535645214,1344.75,538.0,501.75,117.0,1923.25,1419.5,19.5,67.14999961853,1.5060348040641671
2004-10-27 14:00:00,2004-10-27,14:00:00,3.6,1339.75,18.563760110118164,1255.75,556.0,536.5,119.0,1842.25,1297.0,18.474999904633,76.200000762939,1.6045486117370178
2004-10-27 15:00:00,2004-10-27,15:00:00,2.8,1156.75,14.453859645603398,1131.25,370.0,622.75,113.0,1675.0,1157.0,19.550000190735,69.674999237061,1.5674626907522573
2004-10-27 16:00:00,2004-10-27,16:00:00,2.1,1118.25,13.378099027683405,1096.25,257.0,646.75,102.0,1649.25,1130.0,19.949999809265,65.349999427795,1.5066049328823226
2004-10-27 17:00:00,2004-10-27,17:00:00,2.4,1149.75,15.791292949255476,1173.25,266.0,607.75,101.0,1711.0,1195.0,19.974999904633,63.324999809265,1.4621523631038915
2004-10-27 18:00:00,2004-10-27,18:00:00,3.6,1247.25,20.671684325502948,1315.0,403.0,544.25,116.0,1874.0,1341.0,19.175000190735,66.375,1.4592488564640858
2004-10-27 19:00:00,2004-10-27,19:00:00,2.6,1194.0,16.59465306613999,1197.75,275.0,586.75,101.0,1732.25,1228.0,19.324999809265,67.5,1.4977172522168076
2004-10-27 20:00:00,2004-10-27,20:00:00,2.8,1184.0,15.267852849249552,1157.0,338.0,585.5,94.0,1684.5,1272.5,18.199999809265,71.375,1.4776187261822256
2004-10-27 21:00:00,2004-10-27,21:00:00,1.4,989.75,7.97130332309673,898.0,176.0,748.25,75.0,1442.0,1006.0,17.824999809265,71.175001144409,1.4396449016746973
2004-10-27 22:00:00,2004-10-27,22:00:00,1.1,932.5,5.812362008803251,803.0,159.0,841.5,69.0,1369.25,897.75,17.624999523163,69.925001144409,1.3969127105177446
2004-10-27 23:00:00,2004-10-27,23:00:00,1.3,967.75,7.026963566820903,858.0,147.0,796.0,60.0,1388.0,893.75,16.024999856949,75.89999961853,1.3720853290009325
2004-10-28 00:00:00,2004-10-28,00:00:00,0.9,860.5,4.453477389405901,735.25,99.0,924.5,58.0,1286.5,789.25,16.899999856949,72.0,1.374878042699373
2004-10-28 01:00:00,2004-10-28,01:00:00,1.0,904.25,5.211861857678675,774.0,98.0,878.0,51.0,1328.5,805.0,15.699999809265,76.325000762939,1.35186174516694
2004-10-28 02:00:00,2004-10-28,02:00:00,0.9,866.0,4.4345815399504325,734.25,109.0,899.25,45.0,1299.0,770.25,14.799999952316,78.699998855591,1.3169271791846116
2004-10-28 03:00:00,2004-10-28,03:00:00,0.7,880.5,4.238247947117017,723.75,136.0,913.0,46.5,1277.0,776.25,14.750000238419,79.650001525879,1.328609277839382
2004-10-28 05:00:00,2004-10-28,05:00:00,0.8,905.0,5.247305750259137,775.75,163.0,850.75,48.0,1327.25,825.0,15.200000047684,77.974998474121,1.338226520850464
2004-10-28 06:00:00,2004-10-28,06:00:00,1.6,1054.5,9.98329351054076,977.0,326.0,702.75,61.0,1505.5,1013.25,15.5,77.200000762939,1.3502431471400034
2004-10-28 07:00:00,2004-10-28,07:00:00,3.4,1327.75,19.994178736509628,1296.25,640.0,527.0,88.0,1828.75,1340.5,15.725000143051,76.425001144409,1.3557644441926615
2004-10-28 08:00:00,2004-10-28,08:00:00,4.4,1401.0,25.780429269616,1448.75,736.0,476.75,102.0,1969.0,1528.25,15.950000524521,76.424999237061,1.3750825173916443
2004-10-28 09:00:00,2004-10-28,09:00:00,3.5,1290.5,19.976243789903904,1295.75,667.0,528.75,97.0,1751.5,1431.5,16.675000190735,73.75,1.388639175738409
2004-10-28 10:00:00,2004-10-28,10:00:00,3.4,1315.75,20.626218054481757,1313.75,677.0,525.5,116.0,1780.0,1499.25,18.574999809265,66.300001144409,1.4047279241124513
2004-10-28 11:00:00,2004-10-28,11:00:00,2.4,1115.5,12.221434672355231,1057.25,425.0,639.25,112.0,1531.75,1236.0,20.400000095367,58.074999809265,1.3761669633403524
2004-10-28 12:00:00,2004-10-28,12:00:00,2.3,1139.0,13.137204610141335,1088.25,349.0,624.75,101.0,1580.0,1179.75,20.64999961853,57.324999809265,1.3792306163753991
2004-10-28 13:00:00,2004-10-28,13:00:00,2.6,1165.0,14.453859645603398,1131.25,332.0,608.75,99.0,1640.0,1195.5,21.624999523163,53.550001144409,1.366871638980728
2004-10-28 14:00:00,2004-10-28,14:00:00,2.9,1259.75,17.45724965343547,1223.5,412.0,570.75,113.0,1731.25,1300.75,21.425000190735,55.575000762939,1.4015056496963176
2004-10-28 15:00:00,2004-10-28,15:00:00,4.4,1475.0,25.86044789943604,1450.75,631.0,454.5,122.0,1991.25,1646.0,20.700000286102,63.0,1.5203872869720776
2004-10-28 16:00:00,2004-10-28,16:00:00,5.0,1521.0,26.6360247644022,1470.0,677.0,445.5,139.0,1977.25,1720.25,21.27499961853,61.875000953674,1.5462731894518158
2004-10-28 17:00:00,2004-10-28,17:00:00,6.5,1632.75,35.29768776997589,1670.75,761.0,397.5,149.0,2270.75,1851.75,20.775000095367,64.025000572205,1.5521856923085144
2004-10-28 18:00:00,2004-10-28,18:00:00,5.9,1463.25,28.18522845620032,1507.75,650.0,467.75,136.0,2092.0,1669.75,20.25,66.675000190735,1.5655717136739595
2004-10-28 19:00:00,2004-10-28,19:00:00,2.7,1140.25,14.166106517351905,1122.0,262.0,619.25,103.0,1601.5,1208.0,19.650000095367,64.474999427795,1.4593944864859063
2004-10-28 20:00:00,2004-10-28,20:00:00,2.5,1146.75,12.43307726816155,1064.5,292.0,650.5,112.0,1562.0,1160.25,19.424999713898,63.97500038147,1.428241238505835
2004-10-28 21:00:00,2004-10-28,21:00:00,1.5,987.5,6.590699947825004,838.75,177.0,804.75,88.0,1382.25,936.5,20.099999904633,60.824998855591,1.41519411515076
2004-10-28 22:00:00,2004-10-28,22:00:00,1.0,924.0,4.814091628341016,754.0,103.0,890.25,63.0,1326.5,783.25,20.35000038147,60.374999046326,1.4263152225875226
2004-10-28 23:00:00,2004-10-28,23:00:00,1.2,950.25,5.374725989928815,782.0,127.0,861.75,69.0,1331.0,807.25,20.074999809265,62.60000038147,1.454270417740677
2004-10-29 00:00:00,2004-10-29,00:00:00,1.0,925.5,4.289302117009657,726.5,119.0,924.5,65.0,1326.0,728.75,19.900000095367,64.85000038147,1.4905144129312844
2004-10-29 01:00:00,2004-10-29,01:00:00,0.8,879.0,2.881003344747363,644.5,83.0,1022.75,50.0,1288.25,612.25,18.174999713898,74.699998855591,1.5440633282513094
2004-10-29 02:00:00,2004-10-29,02:00:00,0.6,864.0,2.514599021549308,620.5,65.0,1072.75,43.0,1285.5,574.0,18.400000095367,73.775001525879,1.546305654589674
2004-10-29 03:00:00,2004-10-29,03:00:00,0.6,868.25,2.1627003433813274,596.0,132.5,1092.25,56.0,1275.5,578.75,18.674999713898,73.47500038147,1.5663803090715611
2004-10-29 05:00:00,2004-10-29,05:00:00,1.1,1008.75,6.085164330889835,815.75,200.0,799.25,69.0,1430.0,855.5,18.499999523163,76.39999961853,1.611245126516034
2004-10-29 06:00:00,2004-10-29,06:00:00,1.3,1069.25,7.748421496443901,888.75,242.0,738.25,91.0,1468.5,976.0,19.275000095367,71.625,1.5843729210548618
2004-10-29 07:00:00,2004-10-29,07:00:00,2.9,1310.75,15.929432062168386,1177.5,366.0,574.0,111.0,1769.25,1208.25,20.175000190735,66.924999237061,1.5642667435761417
2004-10-29 08:00:00,2004-10-29,08:00:00,3.7,1369.5,22.79955570692093,1372.25,404.0,485.0,124.0,1945.25,1399.5,20.775000095367,64.724998474121,1.5691560432384553
2004-10-29 09:00:00,2004-10-29,09:00:00,3.0,1245.75,16.569808542651536,1197.0,429.0,565.5,119.0,1745.75,1277.75,21.875,61.824999809265,1.6020957801695217
2004-10-29 10:00:00,2004-10-29,10:00:00,1.4,1038.5,8.431329041899918,916.75,169.0,735.25,77.0,1467.25,933.75,23.525000095367,57.72500038147,1.6515101702562425
2004-10-29 11:00:00,2004-10-29,11:00:00,2.6,1296.25,13.896181380526592,1113.25,419.0,603.75,101.0,1736.0,1072.5,19.825000286102,81.024997711182,1.853757699959289
2004-10-29 12:00:00,2004-10-29,12:00:00,4.2,1523.25,24.94662734456666,1427.75,603.0,458.25,116.0,2113.5,1362.5,20.175000190735,86.525001525879,2.022386012966225
2004-10-29 13:00:00,2004-10-29,13:00:00,5.1,1423.5,22.35559380069607,1360.5,589.0,483.75,137.0,1983.25,1345.75,20.150000095367,82.199998855591,1.918366216415467
2004-10-29 14:00:00,2004-10-29,14:00:00,5.5,1512.75,26.111187150457827,1457.0,706.0,463.0,163.0,2124.5,1392.5,19.700000286102,82.22500038147,1.8668744847467489
2004-10-29 15:00:00,2004-10-29,15:00:00,4.5,1337.75,18.1486501340004,1243.75,592.0,558.0,144.0,1846.5,1255.25,20.174999713898,79.14999961853,1.8500068728491013
2004-10-29 16:00:00,2004-10-29,16:00:00,2.7,1214.25,13.888501780044848,1113.0,305.0,615.75,118.0,1664.25,1213.25,20.075000286102,75.375,1.7510484866070408
2004-10-29 17:00:00,2004-10-29,17:00:00,3.1,1290.25,18.47694892740776,1253.25,371.0,549.5,135.0,1806.5,1331.75,20.175000190735,72.27499961853,1.6893145996875427
2004-10-29 18:00:00,2004-10-29,18:00:00,4.2,1352.75,20.945377604895445,1322.5,465.0,519.25,129.0,1860.0,1429.75,19.97500038147,73.324998855591,1.693048934839722
2004-10-29 19:00:00,2004-10-29,19:00:00,3.1,1129.5,12.935403223060518,1081.5,390.0,647.0,128.0,1591.0,1101.75,18.275000095367,74.924999237061,1.5583233410035997
2004-10-29 20:00:00,2004-10-29,20:00:00,1.7,969.0,6.691615196197922,843.25,227.0,828.25,103.0,1375.0,894.5,18.949999809265,70.374998092651,1.5259265900742878
2004-10-29 21:00:00,2004-10-29,21:00:00,1.8,1038.25,6.969633229266807,855.5,284.0,801.25,116.0,1415.0,904.5,17.27499961853,76.325000762939,1.4919397838864206
2004-10-29 22:00:00,2004-10-29,22:00:00,1.7,1020.25,7.281591093272267,869.0,211.0,792.75,95.0,1409.5,869.25,17.125,77.875001907349,1.5080807140180434
2004-10-29 23:00:00,2004-10-29,23:00:00,2.1,1097.0,9.106579508653963,943.5,297.0,716.25,107.0,1488.5,982.25,17.349999427795,79.27499961853,1.55685488923433
2004-10-30 00:00:00,2004-10-30,00:00:00,2.4,1122.5,9.883449559735752,973.25,351.0,689.5,108.0,1519.5,998.5,17.299999713898,79.900001525879,1.564253692489599
2004-10-30 01:00:00,2004-10-30,01:00:00,1.8,1022.75,6.866943662337093,851.0,259.0,781.75,94.0,1413.0,880.75,16.874999523163,80.624998092651,1.537176018637488
2004-10-30 02:00:00,2004-10-30,02:00:00,1.5,1014.5,6.468248061517456,833.25,214.0,785.5,84.0,1400.0,867.75,16.874999523163,81.350002288818,1.55099876704213
2004-10-30 03:00:00,2004-10-30,03:00:00,1.4,979.25,5.85480151426304,805.0,203.0,808.5,80.0,1383.25,843.0,16.75,81.500001907349,1.5417743721751849
2004-10-30 05:00:00,2004-10-30,05:00:00,1.0,922.25,5.395234084738762,783.0,192.0,857.25,76.0,1366.75,824.75,16.699999809265,79.700000762939,1.5030188510984146
2004-10-30 06:00:00,2004-10-30,06:00:00,1.4,989.0,7.7903815648974515,890.5,237.0,761.75,82.0,1453.0,901.25,16.77499961853,79.049997329712,1.497764129470061
2004-10-30 07:00:00,2004-10-30,07:00:00,2.4,1148.75,13.590410576037234,1103.25,413.0,621.5,94.0,1662.0,1090.0,16.77499961853,79.77499961853,1.511500782963497
2004-10-30 08:00:00,2004-10-30,08:00:00,3.1,1202.25,15.363921475301677,1160.0,455.0,584.75,102.0,1723.0,1164.75,16.89999961853,79.875,1.5252553059201637
2004-10-30 09:00:00,2004-10-30,09:00:00,3.0,1205.75,14.43824238050227,1130.75,493.0,591.5,106.0,1675.25,1200.5,17.374999523163,79.27499961853,1.559278566928502
2004-10-30 10:00:00,2004-10-30,10:00:00,2.7,1223.75,14.29023754784293,1126.0,482.0,596.0,108.0,1655.5,1231.25,18.049999713898,76.575000762939,1.5706197208802997
2004-10-30 11:00:00,2004-10-30,11:00:00,4.0,1371.25,20.309150171726216,1305.0,599.0,521.25,152.0,1844.75,1461.0,21.199999809265,64.375,1.6014543715247371
2004-10-30 12:00:00,2004-10-30,12:00:00,3.7,1327.25,18.668162432231355,1258.75,481.0,538.5,160.0,1825.5,1434.25,22.400000572205,60.800000190735,1.6261463231430466
2004-10-30 13:00:00,2004-10-30,13:00:00,3.4,1300.5,17.26301615174579,1217.75,406.0,553.0,133.0,1806.25,1399.0,22.64999961853,61.125,1.6595740654600004
2004-10-30 14:00:00,2004-10-30,14:00:00,3.4,1300.75,16.927428258993864,1207.75,419.0,559.5,147.0,1780.75,1417.25,23.574999809265,57.324999809265,1.6449651877099742
2004-10-30 15:00:00,2004-10-30,15:00:00,3.2,1313.75,16.363388395708625,1190.75,387.0,563.5,135.0,1776.5,1394.5,23.5,58.25,1.6640462661788644
2004-10-30 16:00:00,2004-10-30,16:00:00,3.9,1393.75,19.123453175722965,1271.75,461.0,526.0,135.0,1869.0,1442.0,22.949999809265,61.550000190735,1.7014429365373982
2004-10-30 17:00:00,2004-10-30,17:00:00,3.7,1384.75,18.69430200789783,1259.5,493.0,528.25,129.0,1850.0,1424.5,22.275000095367,64.25,1.70554877366415
2004-10-30 18:00:00,2004-10-30,18:00:00,4.3,1440.25,22.402646809320437,1361.75,532.0,485.75,117.0,1968.25,1495.5,21.575000286102,68.000001907349,1.7304722493397624
2004-10-30 19:00:00,2004-10-30,19:00:00,4.9,1492.5,25.292624372773805,1436.5,581.0,469.75,116.0,2015.0,1551.25,21.199999809265,67.35000038147,1.6754633403199664
2004-10-30 20:00:00,2004-10-30,20:00:00,4.0,1319.0,17.66942295603853,1229.75,494.0,550.5,109.0,1784.75,1380.75,20.825000286102,65.800000190735,1.6000726295410617
2004-10-30 21:00:00,2004-10-30,21:00:00,2.8,1187.0,13.80414566318666,1110.25,392.0,611.5,96.0,1658.25,1228.5,20.425000190735,64.800000190735,1.537866088084731
2004-10-30 22:00:00,2004-10-30,22:00:00,2.4,1119.25,10.170812296338092,984.0,311.0,688.0,90.0,1538.5,1081.5,20.125,66.724998474121,1.5548390318827334
2004-10-30 23:00:00,2004-10-30,23:00:00,1.9,1099.5,8.612148271777437,924.0,236.0,744.25,82.0,1494.25,962.75,19.5,70.049999237061,1.5710757628443857
2004-10-31 00:00:00,2004-10-31,00:00:00,2.0,1075.75,7.886652812465704,894.5,270.0,757.0,86.0,1491.5,938.75,19.275000095367,70.425001144409,1.5578284785823284
2004-10-31 01:00:00,2004-10-31,01:00:00,1.5,971.75,5.733143019017354,799.25,199.0,833.0,72.0,1425.25,824.75,19.675000190735,68.64999961853,1.5562769709912054
2004-10-31 02:00:00,2004-10-31,02:00:00,1.3,972.75,6.357778864799785,828.25,146.0,818.0,61.0,1444.75,811.25,19.700000286102,68.200000762939,1.548444398824622
2004-10-31 03:00:00,2004-10-31,03:00:00,1.0,917.5,4.586705930828619,742.25,100.5,905.25,49.0,1386.25,720.0,19.85000038147,68.39999961853,1.5673076121977303
2004-10-31 05:00:00,2004-10-31,05:00:00,0.5,817.0,2.052721102887811,588.0,55.0,1133.75,37.0,1310.25,588.5,18.949999809265,71.25,1.54489907622671
2004-10-31 06:00:00,2004-10-31,06:00:00,0.4,790.75,1.2029098055921177,518.5,43.0,1291.0,31.0,1295.0,539.5,18.074999809265,78.97500038147,1.6223554121667172
2004-10-31 07:00:00,2004-10-31,07:00:00,0.4,818.75,1.4131093727656314,537.25,46.0,1264.0,30.0,1314.75,550.5,20.375,71.150001525879,1.6834301823814637
2004-10-31 08:00:00,2004-10-31,08:00:00,0.9,972.0,4.601079630929639,743.0,139.0,944.0,41.0,1476.75,741.5,20.625000476837,70.749998092651,1.6996468590298868
2004-10-31 09:00:00,2004-10-31,09:00:00,1.3,997.0,5.685834257884226,797.0,169.0,811.5,64.0,1469.75,824.25,19.275000095367,74.099998474121,1.6391208521131433
2004-10-31 10:00:00,2004-10-31,10:00:00,2.1,1193.75,10.59815534829328,999.75,254.0,652.5,74.0,1642.0,1058.75,22.199999809265,64.350001335144,1.700510143426445
2004-10-31 11:00:00,2004-10-31,11:00:00,2.4,1239.75,10.977346204363998,1013.5,303.0,627.5,77.0,1643.0,1143.5,22.950000286102,64.575000762939,1.785063878512692
2004-10-31 12:00:00,2004-10-31,12:00:00,2.0,1116.5,8.562103762401971,922.0,259.0,716.75,83.0,1585.25,994.0,24.349999904633,57.35000038147,1.72332932463942
2004-10-31 13:00:00,2004-10-31,13:00:00,1.8,1140.5,8.80092124258785,931.5,226.0,689.0,71.0,1594.75,1013.75,21.950000286102,67.0,1.744069645363343
2004-10-31 14:00:00,2004-10-31,14:00:00,1.5,1061.5,7.528239978446694,879.5,161.0,719.25,62.0,1579.75,923.75,22.949999809265,65.650001525879,1.814780357981058
2004-10-31 15:00:00,2004-10-31,15:00:00,1.6,1159.5,11.5958294863929,1035.5,182.0,621.5,62.0,1727.0,1022.5,23.224999427795,63.89999961853,1.79571276586306
2004-10-31 16:00:00,2004-10-31,16:00:00,2.2,1168.75,10.130504493671385,982.5,289.0,672.25,79.0,1632.75,1033.0,22.974999904633,62.300000190735,1.7247558567559245
2004-10-31 17:00:00,2004-10-31,17:00:00,2.3,1185.0,10.769810294579814,1006.0,340.0,666.0,93.0,1638.25,1064.75,22.375,63.200000762939,1.6877974528655102
2004-10-31 18:00:00,2004-10-31,18:00:00,6.6,1570.5,30.34790073754928,1559.0,544.0,440.25,106.0,2277.25,1515.5,21.699999809265,66.60000038147,1.707695692045645
2004-10-31 19:00:00,2004-10-31,19:00:00,4.7,1463.5,22.39323283353517,1361.5,543.0,487.0,100.0,1987.0,1648.0,21.200000286102,70.250001907349,1.7476066160088666
2004-10-31 20:00:00,2004-10-31,20:00:00,4.1,1423.25,20.626218054481757,1313.75,501.0,508.25,89.0,1912.0,1466.0,20.799999713898,70.85000038147,1.7202590198035863
2004-10-31 21:00:00,2004-10-31,21:00:00,4.1,1317.5,17.541987836118764,1226.0,521.0,543.25,83.0,1847.75,1365.0,20.02499961853,73.249998092651,1.696492607285589
2004-10-31 22:00:00,2004-10-31,22:00:00,2.7,1228.5,13.92691787889518,1114.25,352.0,598.0,76.0,1722.5,1247.25,19.675000190735,73.699998855591,1.6707590913092345
2004-10-31 23:00:00,2004-10-31,23:00:00,2.6,1187.0,13.643711019399452,1105.0,321.0,610.75,68.0,1699.5,1182.5,19.900000095367,72.575000762939,1.6680660604370452
2004-11-01 00:00:00,2004-11-01,00:00:00,3.2,1352.5,15.864361525951503,1175.5,318.0,583.5,69.0,1723.0,2149.75,20.075000286102,71.299999237061,1.6563815026088071
2004-11-01 01:00:00,2004-11-01,01:00:00,3.7,1406.5,17.84849234167059,1235.0,338.0,547.75,77.0,1780.0,2519.25,20.050000190735,71.125,1.649794846141757
2004-11-01 02:00:00,2004-11-01,02:00:00,3.5,1333.0,16.685885382952215,1200.5,353.0,552.0,68.0,1767.0,1925.25,19.625000476837,73.200000762939,1.6543497921871768
2004-11-01 03:00:00,2004-11-01,03:00:00,3.0,1268.5,16.027250694192563,1180.5,316.0,558.5,58.5,1756.0,1762.0,19.074999809265,75.824998855591,1.656789950985838
2004-11-01 05:00:00,2004-11-01,05:00:00,2.7,1212.0,14.997054964117105,1148.5,279.0,562.0,49.0,1709.75,1599.25,18.39999961853,78.099998474121,1.6369564650425217
2004-11-01 06:00:00,2004-11-01,06:00:00,1.8,1060.75,9.579934069156192,961.75,200.0,679.25,45.0,1553.5,1395.0,19.150000095367,74.700000762939,1.6397519577638924
2004-11-01 07:00:00,2004-11-01,07:00:00,1.3,1027.5,7.7843813549585,890.25,180.0,733.0,51.0,1525.25,1323.0,19.425000190735,75.10000038147,1.6766068003867023
2004-11-01 08:00:00,2004-11-01,08:00:00,1.5,1066.5,8.718905392023482,928.25,213.0,711.25,51.0,1564.0,1308.75,19.074999809265,75.60000038147,1.6518736935966254
2004-11-01 09:00:00,2004-11-01,09:00:00,1.9,1110.75,9.797264454790868,970.0,266.0,666.5,62.0,1593.75,1440.75,20.349999904633,71.125001907349,1.6802761338389771
2004-11-01 10:00:00,2004-11-01,10:00:00,2.2,1189.25,12.43307726816155,1064.5,247.0,609.0,74.0,1683.25,1830.0,23.125,61.324999809265,1.7130747846121317
2004-11-01 11:00:00,2004-11-01,11:00:00,2.6,1293.0,13.91154601071718,1113.75,326.0,583.75,88.0,1702.0,1703.75,25.075000286102,56.0,1.756544185804941
2004-11-01 12:00:00,2004-11-01,12:00:00,2.7,1285.25,12.45505970217489,1065.25,319.0,596.75,90.0,1686.0,1576.25,25.849999904633,56.074999809265,1.841033859529042
2004-11-01 13:00:00,2004-11-01,13:00:00,2.5,1236.25,10.894129208187138,1010.5,320.0,631.0,91.0,1705.75,1304.5,23.724999904633,68.175000190735,1.973882183562768
2004-11-01 14:00:00,2004-11-01,14:00:00,1.5,1082.0,6.479339579156826,833.75,174.0,746.5,64.0,1561.75,990.5,23.14999961853,70.774997711182,1.980013271196733
2004-11-01 15:00:00,2004-11-01,15:00:00,2.0,1188.25,9.371177606329676,953.75,216.0,664.0,72.0,1635.75,1148.0,23.874999523163,66.27499961853,1.936088950034771
2004-11-01 16:00:00,2004-11-01,16:00:00,3.1,1347.75,15.275848754621206,1157.25,376.0,564.0,88.0,1810.0,1307.25,23.799999713898,64.97500038147,1.889655373080315
2004-11-01 17:00:00,2004-11-01,17:00:00,3.7,1394.0,16.44582406398566,1193.25,496.0,546.75,110.0,1810.5,1386.0,23.224999904633,65.600001335144,1.8434861330126509
2004-11-01 18:00:00,2004-11-01,18:00:00,4.0,1472.25,19.77941248374077,1290.25,523.0,510.0,95.0,1942.0,1420.25,21.825000286102,72.72500038147,1.8788744624385345
2004-11-01 19:00:00,2004-11-01,19:00:00,4.1,1291.0,15.815633162146003,1174.0,465.0,567.0,91.0,1745.6666666667,1341.3333333333,21.700000127157,67.300000508626,1.7256444818591683
2004-11-01 20:00:00,2004-11-01,20:00:00,3.1,1264.0,14.500754620232732,1132.75,407.0,592.75,94.0,1750.0,1258.25,21.300000190735,66.300000190735,1.6593661377042914
2004-11-01 21:00:00,2004-11-01,21:00:00,3.2,1263.75,14.673256555346214,1138.25,412.0,578.75,86.0,1732.5,1244.75,20.425000667572,71.64999961853,1.7004337577419837
2004-11-01 22:00:00,2004-11-01,22:00:00,3.2,1260.0,15.347892199083274,1159.5,403.0,567.5,79.0,1755.0,1231.0,19.60000038147,75.250001907349,1.6980776505060744
2004-11-01 23:00:00,2004-11-01,23:00:00,2.7,1183.5,12.995057360004209,1083.5,357.0,611.5,71.0,1674.25,1151.25,19.275000095367,75.77499961853,1.6761725303810322
2004-11-02 00:00:00,2004-11-02,00:00:00,2.3,1121.75,10.49572725238983,996.0,259.0,660.0,62.0,1586.0,1048.0,18.425000190735,76.299999237061,1.6017006997890804
2004-11-02 01:00:00,2004-11-02,01:00:00,1.6,982.75,7.569688303312307,881.25,227.0,752.25,56.0,1472.0,927.75,18.175000190735,76.375,1.5786859702981602
2004-11-02 02:00:00,2004-11-02,02:00:00,1.1,885.25,4.784802736993567,752.5,147.0,878.25,49.0,1374.0,812.75,17.925000190735,74.77499961853,1.5218684158891045
2004-11-02 03:00:00,2004-11-02,03:00:00,0.7,825.0,3.149209600499938,661.25,121.5,987.25,42.0,1334.0,752.5,17.52499961853,74.450000762939,1.4780977619485909
2004-11-02 05:00:00,2004-11-02,05:00:00,0.6,802.0,2.7488084277632137,636.0,96.0,1016.0,35.0,1288.5,721.25,17.550000190735,73.200000762939,1.4555405606933975
2004-11-02 06:00:00,2004-11-02,06:00:00,0.5,803.75,2.991851350574233,651.5,73.0,1054.0,37.0,1294.0,710.0,17.925000190735,69.275000572205,1.409928932388954
2004-11-02 07:00:00,2004-11-02,07:00:00,1.5,1013.5,8.687448039881527,927.0,309.0,746.5,56.0,1496.5,951.0,16.14999961853,76.299999237061,1.3901817883530123
2004-11-02 08:00:00,2004-11-02,08:00:00,3.4,1315.5,20.735408792744465,1316.75,607.0,537.5,85.0,1859.75,1336.0,17.074999809265,72.799999237061,1.405414064278485
2004-11-02 09:00:00,2004-11-02,09:00:00,4.4,1296.0,25.223262456082846,1434.75,562.0,504.0,112.0,1898.5,1489.25,20.799999713898,57.949999809265,1.407043180420035
2004-11-02 10:00:00,2004-11-02,10:00:00,4.4,1380.75,23.62152594904619,1393.75,560.0,494.5,107.0,1911.0,1557.5,20.599999904633,60.150000572205,1.442803494136628
2004-11-02 11:00:00,2004-11-02,11:00:00,5.8,1570.0,32.866060256144394,1616.75,844.0,425.5,151.0,2169.75,1944.25,22.074999809265,56.625000953674,1.485147010474629
2004-11-02 12:00:00,2004-11-02,12:00:00,4.9,1426.0,25.620709295302756,1444.75,667.0,477.0,151.0,1969.5,1782.25,23.950000286102,50.025000572205,1.467915228978094
2004-11-02 13:00:00,2004-11-02,13:00:00,5.1,1535.25,31.166935113334727,1578.0,583.0,439.75,150.0,2124.75,1920.5,25.72500038147,45.625000953674,1.4869807343522652
2004-11-02 14:00:00,2004-11-02,14:00:00,7.5,1678.0,37.88533043857424,1726.5,726.0,390.25,190.0,2317.75,2039.0,25.5,49.699999809265,1.5984903025635544
2004-11-02 15:00:00,2004-11-02,15:00:00,5.8,1605.0,32.25874540860432,1603.0,674.0,415.0,168.0,2199.0,1912.0,25.200000762939,50.599998474121,1.5989156195465708
2004-11-02 16:00:00,2004-11-02,16:00:00,5.9,1558.75,31.52546028671684,1586.25,544.0,421.25,127.0,2197.0,1827.0,25.375,50.699999809265,1.6186913189545586
2004-11-02 17:00:00,2004-11-02,17:00:00,6.8,1712.5,37.95602923255246,1728.0,715.0,389.5,140.0,2386.25,1918.75,24.400000095367,56.025000572205,1.6885149068479242
2004-11-02 18:00:00,2004-11-02,18:00:00,7.9,1751.0,44.05614158410143,1853.25,789.0,358.0,158.0,2496.25,2012.5,23.049999713898,62.14999961853,1.728346409367073
2004-11-02 19:00:00,2004-11-02,19:00:00,8.0,1722.5,44.86317624246978,1869.25,737.0,358.5,121.0,2562.75,1919.0,21.849999427795,65.274997711182,1.6889472829361911
2004-11-02 20:00:00,2004-11-02,20:00:00,9.2,1778.0,48.21877473095517,1934.5,859.0,348.75,119.0,2643.0,1927.25,20.949999809265,67.5,1.6539214376578966
2004-11-02 21:00:00,2004-11-02,21:00:00,5.9,1461.25,29.052633105574586,1528.5,668.0,449.75,96.0,2110.5,1572.75,20.175000190735,68.60000038147,1.6034172645402125
2004-11-02 22:00:00,2004-11-02,22:00:00,3.7,1257.75,19.132254575304646,1272.0,454.0,541.0,77.0,1804.0,1324.5,19.349999904633,70.77499961853,1.5727960594433763
2004-11-02 23:00:00,2004-11-02,23:00:00,2.6,1137.75,13.896181380526592,1113.25,337.0,609.75,66.0,1640.75,1203.0,19.150000095367,68.77499961853,1.509691286718784
2004-11-03 00:00:00,2004-11-03,00:00:00,1.1,936.25,6.821512588341003,849.0,127.0,797.5,56.0,1380.75,947.0,20.425000190735,61.074998855591,1.4494624890951222
2004-11-03 01:00:00,2004-11-03,01:00:00,2.6,1167.0,13.197253226542324,1090.25,281.0,625.5,62.0,1619.5,1106.25,18.0,71.47500038147,1.4614811265666303
2004-11-03 02:00:00,2004-11-03,02:00:00,2.2,1070.75,10.673538660162198,1002.5,252.0,664.5,58.0,1541.5,1044.75,17.5,73.224998474121,1.4515197856283957
2004-11-03 03:00:00,2004-11-03,03:00:00,0.9,865.5,4.118612249212145,717.25,160.5,909.25,46.5,1327.75,827.0,17.199999332428,71.650001525879,1.3940302956779826
2004-11-03 05:00:00,2004-11-03,05:00:00,0.5,822.5,2.653299923936666,629.75,69.0,1032.75,35.0,1253.25,748.25,16.775000095367,71.924999237061,1.3627664859915478
2004-11-03 06:00:00,2004-11-03,06:00:00,0.7,890.0,4.289302117009657,726.5,151.0,917.25,50.0,1290.25,833.0,16.949999809265,70.5,1.3504422599128765
2004-11-03 07:00:00,2004-11-03,07:00:00,1.3,1018.75,8.032003716425482,900.5,231.0,749.75,64.0,1438.25,959.75,17.049999237061,70.10000038147,1.3511823244342538
2004-11-03 08:00:00,2004-11-03,08:00:00,2.2,1176.5,15.540714041369164,1165.5,297.0,621.0,75.0,1667.0,1157.25,18.775000095367,62.474999427795,1.3401116833087832
2004-11-03 09:00:00,2004-11-03,09:00:00,3.7,1348.25,23.766162497512138,1397.5,515.0,504.5,101.0,1846.75,1444.25,20.275000572205,58.449999809265,1.3745379865161864
2004-11-03 10:00:00,2004-11-03,10:00:00,3.7,1341.0,20.95452713680839,1322.75,499.0,516.25,94.0,1785.75,1521.5,23.724999904633,49.14999961853,1.423048159849037
2004-11-03 11:00:00,2004-11-03,11:00:00,3.4,1307.25,19.326321964058323,1277.5,445.0,527.25,95.0,1766.5,1452.25,26.625,42.824999809265,1.4713255656117266
2004-11-03 12:00:00,2004-11-03,12:00:00,3.4,1305.25,19.654589072534,1286.75,464.0,525.0,124.0,1771.25,1437.25,26.224999904633,43.47500038147,1.459104021650483
2004-11-03 13:00:00,2004-11-03,13:00:00,2.6,1177.25,13.189740765267087,1090.0,298.0,611.5,86.0,1631.75,1209.0,26.25,43.625000953674,1.4662843687415137
2004-11-03 14:00:00,2004-11-03,14:00:00,2.5,1192.25,13.03240060277446,1084.75,266.0,616.75,79.0,1638.25,1170.0,26.574999809265,42.52499961853,1.4567553306271377
2004-11-03 15:00:00,2004-11-03,15:00:00,2.5,1213.5,12.890739433927624,1080.0,323.0,611.25,87.0,1641.5,1189.5,26.275000095367,43.72500038147,1.4717992130745994
2004-11-03 16:00:00,2004-11-03,16:00:00,2.7,1240.25,15.092394745716724,1151.5,352.0,575.25,94.0,1698.5,1278.25,25.550000190735,46.199998855591,1.4903005247950434
2004-11-03 17:00:00,2004-11-03,17:00:00,3.2,1270.75,16.272913223148343,1188.0,372.0,563.25,107.0,1703.0,1305.0,25.125,47.624999046326,1.4982625971791896
2004-11-03 18:00:00,2004-11-03,18:00:00,3.7,1333.25,20.54448634722028,1311.5,383.0,520.25,107.0,1853.0,1364.25,23.799999713898,51.425000190735,1.4955833374460703
2004-11-03 19:00:00,2004-11-03,19:00:00,4.6,1389.75,24.387501647443607,1413.5,455.0,486.5,117.0,1958.5,1428.0,23.27499961853,53.074999809265,1.4959738239132234
2004-11-03 20:00:00,2004-11-03,20:00:00,3.3,1265.5,18.72917902853018,1260.5,355.0,540.75,97.0,1807.25,1284.75,22.375000476837,55.175000190735,1.4734845938229588
2004-11-03 21:00:00,2004-11-03,21:00:00,2.4,1139.5,12.661026734455216,1072.25,267.0,625.5,90.0,1596.75,1143.0,21.674999713898,57.675000190735,1.476617346846219
2004-11-03 22:00:00,2004-11-03,22:00:00,2.8,1239.75,15.629433523319976,1168.25,308.0,581.75,86.0,1713.5,1235.25,20.52499961853,63.0,1.504282211093197
2004-11-03 23:00:00,2004-11-03,23:00:00,2.7,1187.0,14.158363661462388,1121.75,313.0,588.75,77.0,1640.5,1208.25,19.5,67.574998855591,1.5155666528556893
2004-11-04 00:00:00,2004-11-04,00:00:00,1.8,1043.25,9.923335795241156,974.75,216.0,674.75,66.0,1488.75,1041.25,18.699999809265,68.975002288818,1.4727152782211106
2004-11-04 01:00:00,2004-11-04,01:00:00,1.1,948.25,6.3083326207889066,826.0,137.0,801.5,57.0,1381.75,897.0,19.275000095367,65.549999237061,1.4499915360051143
2004-11-04 02:00:00,2004-11-04,02:00:00,1.2,955.25,5.221978232928398,774.5,140.0,830.5,55.0,1362.0,862.25,17.574999809265,70.824998855591,1.410504365501101
2004-11-04 03:00:00,2004-11-04,03:00:00,0.8,914.5,4.192061415723198,721.25,117.0,890.5,47.5,1314.75,816.0,16.824999809265,72.875,1.3850853398084115
2004-11-04 04:00:00,2004-11-04,04:00:00,0.6,832.0,2.877077516989232,644.25,94.0,989.75,40.0,1239.0,747.25,17.774999856949,68.050001144409,1.3721732783083167
2004-11-04 05:00:00,2004-11-04,05:00:00,0.5,846.25,2.61926987611744,627.5,79.0,1025.0,40.0,1218.25,727.0,16.075000047684,73.5,1.3328771820952554
2004-11-04 06:00:00,2004-11-04,06:00:00,0.7,896.5,4.736157363623643,750.0,156.0,873.5,46.0,1270.25,798.75,15.849999904633,73.549999237061,1.3150620852501365
2004-11-04 07:00:00,2004-11-04,07:00:00,0.8,908.0,5.066115597584205,766.75,153.0,868.25,53.0,1271.75,807.25,17.049999952316,67.975001335144,1.3102228802292577
2004-11-04 08:00:00,2004-11-04,08:00:00,3.5,1347.5,22.2146879287769,1356.75,464.0,526.25,84.0,1832.75,1323.5,16.049999713898,72.224998474121,1.3077016278241944
2004-11-04 09:00:00,2004-11-04,09:00:00,3.6,1383.75,23.314227034947468,1385.75,435.0,503.5,88.0,1833.25,1404.0,17.800000190735,65.425000190735,1.321290038921586
2004-11-04 18:00:00,2004-11-04,18:00:00,8.7,1882.0,47.47714560046999,1920.25,1014.0,328.0,171.0,2609.0,2203.75,23.124999523163,61.14999961853,1.7081862170905702
2004-11-04 19:00:00,2004-11-04,19:00:00,5.8,1589.25,32.97699964163878,1619.25,633.0,406.25,124.0,2216.25,1779.5,22.22500038147,63.72500038147,1.6865300540228028
2004-11-04 20:00:00,2004-11-04,20:00:00,4.3,1463.0,27.206206652534675,1484.0,485.0,443.0,97.0,2011.25,1589.75,21.075000286102,66.075000762939,1.6313336875098188
2004-11-04 21:00:00,2004-11-04,21:00:00,3.6,1379.5,21.766344535645214,1344.75,480.0,492.75,92.0,1856.0,1419.0,20.000000476837,69.0,1.595622162641395
2004-11-04 22:00:00,2004-11-04,22:00:00,3.9,1382.5,21.294256464471182,1332.0,572.0,494.5,96.0,1854.75,1415.0,19.074999809265,72.0,1.573213033582321
2004-11-04 23:00:00,2004-11-04,23:00:00,2.4,1181.0,13.310158892741038,1094.0,345.0,600.25,74.0,1599.0,1180.0,18.849999904633,70.575000762939,1.520870525821162
2004-11-05 00:00:00,2004-11-05,00:00:00,1.6,1060.75,8.775650731240786,930.5,195.0,698.5,65.0,1481.25,1014.75,18.5,69.5,1.4657269652958775
2004-11-05 01:00:00,2004-11-05,01:00:00,1.8,1091.25,9.151525969960906,945.25,213.0,698.25,62.0,1467.0,1014.0,18.424999713898,68.549999237061,1.439011528341661
2004-11-05 02:00:00,2004-11-05,02:00:00,1.5,1010.25,7.640968165500885,884.25,216.0,719.0,59.0,1430.0,938.25,16.800000190735,73.324998855591,1.391463765578879
2004-11-05 03:00:00,2004-11-05,03:00:00,0.7,868.25,3.5941382910062885,687.75,144.5,921.5,50.0,1248.5,776.75,17.925000190735,66.800001144409,1.3595561677253358
2004-11-05 04:00:00,2004-11-05,04:00:00,0.5,851.75,2.799040891215181,639.25,73.0,1009.25,41.0,1204.0,723.0,16.524999856949,70.975002288818,1.3239085602694023
2004-11-05 05:00:00,2004-11-05,05:00:00,0.4,826.0,2.2256360902201564,600.5,67.0,1055.5,38.0,1180.0,701.5,16.875000476837,67.924999237061,1.2950410986663674
2004-11-05 06:00:00,2004-11-05,06:00:00,0.5,862.25,3.410629499321059,677.0,96.0,973.0,43.0,1192.25,725.25,16.10000038147,69.325000762939,1.2591406079530691
2004-11-05 07:00:00,2004-11-05,07:00:00,0.8,950.5,5.743678765887553,799.75,162.0,803.0,52.0,1257.0,835.5,16.050000429153,69.550001144409,1.2592683380796812
2004-11-05 08:00:00,2004-11-05,08:00:00,2.0,1210.0,16.26469881388359,1187.75,305.0,583.0,75.0,1575.0,1129.0,16.22500038147,70.124998092651,1.2836988823899869
2004-11-05 09:00:00,2004-11-05,09:00:00,6.2,1600.75,37.89710966840165,1726.75,725.0,389.25,118.0,2251.75,1718.25,16.500000238419,69.25,1.2897122312677345
2004-11-05 10:00:00,2004-11-05,10:00:00,4.5,1476.5,25.531052836203216,1442.5,658.0,468.75,126.0,1878.0,1646.25,19.574999809265,58.324999809265,1.3141363411741491
2004-11-05 11:00:00,2004-11-05,11:00:00,4.6,1458.25,24.17314538251936,1408.0,710.0,470.5,151.0,1888.5,1664.25,20.724999904633,55.5,1.3414265632440217
2004-11-05 12:00:00,2004-11-05,12:00:00,3.3,1354.25,20.890516193308223,1321.0,445.0,504.0,107.0,1799.25,1495.5,20.800000190735,56.27499961853,1.3663737186654707
2004-11-05 13:00:00,2004-11-05,13:00:00,3.6,1384.75,22.092876876610813,1353.5,455.0,490.0,114.0,1822.75,1506.25,21.72500038147,53.14999961853,1.3648826334188169
2004-11-05 14:00:00,2004-11-05,14:00:00,4.4,1460.0,25.01566417318117,1429.5,524.0,466.0,125.0,1931.75,1603.75,23.025000095367,49.049999237061,1.362005174114634
2004-11-05 15:00:00,2004-11-05,15:00:00,4.3,1492.25,26.352866565410544,1463.0,527.0,460.0,138.0,1934.5,1632.0,24.175000190735,43.97500038147,1.30776195353334
2004-11-05 16:00:00,2004-11-05,16:00:00,5.0,1569.25,29.846052804521342,1547.25,601.0,435.25,144.0,2016.25,1736.0,24.72500038147,43.60000038147,1.3395906216427742
2004-11-05 17:00:00,2004-11-05,17:00:00,8.1,1869.75,44.96449447147535,1871.25,1001.0,351.25,180.0,2482.75,2164.5,23.049999713898,54.175000190735,1.5065674598845955
2004-11-05 18:00:00,2004-11-05,18:00:00,8.0,1774.25,42.82008525690141,1828.5,852.0,358.5,154.0,2456.5,2152.25,21.39999961853,60.85000038147,1.5322119058302623
2004-11-05 19:00:00,2004-11-05,19:00:00,3.6,1387.5,22.44974198847688,1363.0,370.0,484.5,105.0,1815.25,1556.0,20.25,61.39999961853,1.441711321295503
2004-11-05 20:00:00,2004-11-05,20:00:00,2.9,1302.75,15.905017304347645,1176.75,348.0,562.0,98.0,1618.75,1388.75,19.97500038147,63.150000572205,1.4581117336866785
2004-11-05 21:00:00,2004-11-05,21:00:00,2.7,1257.25,14.29023754784293,1126.0,361.0,581.0,93.0,1598.75,1300.0,19.050000190735,64.399998664856,1.4049898204783446
2004-11-05 22:00:00,2004-11-05,22:00:00,1.9,1132.25,10.666676220569292,1002.25,255.0,640.0,76.0,1473.5,1125.75,18.050000190735,67.549999237061,1.3855091481960335
2004-11-05 23:00:00,2004-11-05,23:00:00,1.3,1050.0,7.551912855453091,880.5,162.0,731.75,69.0,1363.0,982.0,17.75,66.875001907349,1.3463901249775088
2004-11-06 00:00:00,2004-11-06,00:00:00,1.2,1032.5,6.669133099118774,842.25,166.0,755.75,66.0,1362.25,940.75,17.574999809265,66.525001525879,1.3248684304046747
2004-11-06 01:00:00,2004-11-06,01:00:00,1.8,1106.0,8.953194276149835,937.5,247.0,684.5,76.0,1394.5,1009.75,16.125000238419,71.174999237061,1.2947718266517363
2004-11-06 02:00:00,2004-11-06,02:00:00,1.9,1107.25,9.02335795018982,940.25,255.0,689.0,73.0,1403.25,985.0,15.525000095367,73.324998855591,1.284490829751262
2004-11-06 03:00:00,2004-11-06,03:00:00,1.5,1011.0,6.969633229266807,855.5,192.0,769.25,63.5,1341.0,888.5,15.375,72.799999237061,1.263289699631623
2004-11-06 04:00:00,2004-11-06,04:00:00,0.9,915.5,4.284650061791204,726.25,129.0,879.0,54.0,1247.75,791.0,15.599999904633,70.799999237061,1.2461326353820663
2004-11-06 05:00:00,2004-11-06,05:00:00,0.5,852.0,2.8223557959412444,640.75,83.0,1011.5,44.0,1172.25,710.0,16.974999666214,64.5,1.2374397163548907
2004-11-06 06:00:00,2004-11-06,06:00:00,0.6,889.25,3.707080441730824,694.25,114.0,912.75,45.0,1197.75,742.75,14.925000429153,72.25,1.2186014344480844
2004-11-06 07:00:00,2004-11-06,07:00:00,1.1,1002.25,6.346776588397269,827.75,233.0,798.25,58.0,1306.75,857.0,14.0,76.60000038147,1.2182866595448043
2004-11-06 08:00:00,2004-11-06,08:00:00,2.8,1231.25,14.524226388835752,1133.5,448.0,587.0,87.0,1572.25,1142.5,14.600000143051,74.175001144409,1.2255739768055194
2004-11-06 09:00:00,2004-11-06,09:00:00,2.9,1212.0,16.355154543742813,1190.5,455.0,551.25,97.0,1586.0,1210.0,15.925000190735,69.75,1.2530121100782154
2004-11-06 10:00:00,2004-11-06,10:00:00,1.7,1121.25,10.92183820793345,1011.5,254.0,649.75,80.0,1436.0,1059.75,18.400000095367,61.325000762939,1.2853567399003698
2004-11-06 11:00:00,2004-11-06,11:00:00,2.3,1259.75,14.142883364271055,1121.25,313.0,568.0,82.0,1568.75,1252.25,19.950000286102,56.72500038147,1.3077608053840384
2004-11-06 12:00:00,2004-11-06,12:00:00,3.3,1391.25,17.12844399318191,1213.75,490.0,517.5,112.0,1690.75,1434.75,20.39999961853,57.0,1.3506933256755331
2004-11-06 13:00:00,2004-11-06,13:00:00,3.5,1463.25,19.423668630339964,1280.25,496.0,482.25,121.0,1793.5,1543.75,20.675000190735,59.275000572205,1.428317913377017
2004-11-06 14:00:00,2004-11-06,14:00:00,3.8,1464.0,20.89965550184668,1321.25,514.0,474.5,132.0,1793.75,1599.5,21.674999713898,54.775000572205,1.4023704508183503
2004-11-06 15:00:00,2004-11-06,15:00:00,3.4,1412.0,17.6779326101686,1230.0,454.0,515.5,141.0,1672.25,1533.5,21.950000286102,54.150000572205,1.4095727208117972
2004-11-06 16:00:00,2004-11-06,16:00:00,3.8,1449.5,19.82407389759504,1291.5,507.0,495.0,130.0,1767.75,1494.5,21.375,57.099999427795,1.4356121874741845
2004-11-06 17:00:00,2004-11-06,17:00:00,3.6,1416.25,19.503470949142304,1282.5,474.0,510.25,113.0,1738.5,1441.75,20.800000190735,58.724999427795,1.4258604423048755
2004-11-06 18:00:00,2004-11-06,18:00:00,3.5,1346.25,17.036186202033473,1211.0,404.0,539.5,101.0,1673.5,1339.5,20.075000286102,59.625,1.385157758062286
2004-11-06 19:00:00,2004-11-06,19:00:00,2.8,1273.25,14.641827890596746,1137.25,356.0,586.0,91.0,1563.0,1230.5,19.974999904633,58.35000038147,1.3472813454694517
2004-11-06 20:00:00,2004-11-06,20:00:00,2.5,1206.0,11.989698276034336,1049.25,345.0,633.75,90.0,1483.5,1127.5,19.474999904633,58.924999237061,1.3195406867379214
2004-11-06 21:00:00,2004-11-06,21:00:00,3.1,1251.75,13.295081115569923,1093.5,395.0,615.0,90.0,1526.25,1187.75,19.5,57.39999961853,1.287362586297339
2004-11-06 22:00:00,2004-11-06,22:00:00,1.8,1069.25,7.934977356048177,896.5,249.0,728.5,83.0,1364.0,998.25,19.099999904633,59.175000190735,1.2949736327916863
2004-11-06 23:00:00,2004-11-06,23:00:00,1.6,1061.25,7.904759767489353,895.25,197.0,737.0,73.0,1358.75,943.5,18.799999713898,59.125000953674,1.2702080845533998
2004-11-07 00:00:00,2004-11-07,00:00:00,1.9,1071.75,7.534155226996669,879.75,224.0,767.25,80.0,1318.25,927.75,17.974999904633,60.39999961853,1.233114218214546
2004-11-07 01:00:00,2004-11-07,01:00:00,2.0,1075.0,8.437536944416262,917.0,231.0,737.25,87.0,1354.25,1037.0,17.47500038147,60.675000190735,1.2008766345873363
2004-11-07 02:00:00,2004-11-07,02:00:00,1.4,992.0,6.9049010584045005,852.66666666667,177.0,795.66666666667,79.0,1305.3333333333,929.66666666667,17.5,59.36666615804,1.1768097279735064
2004-11-07 03:00:00,2004-11-07,03:00:00,1.2,914.25,4.567570831187788,741.25,120.5,890.75,60.5,1209.5,803.0,17.14999961853,59.175000190735,1.1477343866175582
2004-11-07 05:00:00,2004-11-07,05:00:00,0.7,773.75,2.0902503563419117,590.75,64.0,1151.25,42.0,1043.75,532.5,16.050000429153,49.824999809265,0.9021285934181094
2004-11-07 06:00:00,2004-11-07,06:00:00,0.4,756.75,1.471584164605935,542.25,44.0,1339.0,31.0,1003.75,449.0,15.525000095367,51.52499961853,0.9026033487335352
2004-11-07 07:00:00,2004-11-07,07:00:00,0.4,751.5,1.1786599765064665,516.25,53.0,1370.0,35.0,997.25,439.5,15.125,51.974999427795,0.8877914729889601
2004-11-07 08:00:00,2004-11-07,08:00:00,0.5,757.0,1.573301041453539,550.75,94.0,1295.25,51.0,966.75,453.0,14.925000190735,46.75,0.7885067986288747
2004-11-07 09:00:00,2004-11-07,09:00:00,0.7,776.5,1.9485210748566253,580.25,100.0,1263.25,58.0,962.5,465.0,15.474999904633,42.375,0.739980037208928
2004-11-07 10:00:00,2004-11-07,10:00:00,0.7,774.25,1.9852302955998735,583.0,98.0,1246.25,57.0,966.25,456.5,16.64999961853,38.22500038147,0.7186145900969231
2004-11-07 11:00:00,2004-11-07,11:00:00,0.7,805.25,2.679897108936152,631.5,115.0,1175.75,63.0,1033.25,475.0,17.974999904633,34.724999427795,0.7089385892772316
2004-11-07 12:00:00,2004-11-07,12:00:00,1.0,838.25,3.555390476090225,685.5,115.0,1082.5,61.0,1045.75,532.25,17.974999427795,35.14999961853,0.7176152863077037
2004-11-07 13:00:00,2004-11-07,13:00:00,1.0,824.0,3.71145409746532,694.5,76.0,1090.75,34.0,1034.75,526.0,17.550000190735,33.824999809265,0.6725909655011717
2004-11-07 14:00:00,2004-11-07,14:00:00,0.9,811.75,3.883737686012144,704.25,55.0,1055.25,26.0,1043.5,519.75,17.52499961853,33.700000762939,0.6690650798510424
2004-11-07 15:00:00,2004-11-07,15:00:00,0.9,806.25,3.848125952943005,702.25,59.0,1051.75,28.0,1035.25,499.5,17.200000286102,33.875,0.6590757580705981
2004-11-07 16:00:00,2004-11-07,16:00:00,0.9,788.5,3.376941467632198,675.0,95.0,1121.25,50.0,974.25,482.0,16.75,32.099999427795,0.6072509853542682
2004-11-07 17:00:00,2004-11-07,17:00:00,1.1,820.5,4.045717310202204,713.25,107.0,1067.25,55.0,1029.5,538.75,15.999999761581,34.099999427795,0.6154769857016442
2004-11-07 18:00:00,2004-11-07,18:00:00,3.2,1023.75,14.305786381113023,1126.5,189.0,703.75,84.0,1345.5,943.0,14.75,37.52499961853,0.6259392458993612
2004-11-07 19:00:00,2004-11-07,19:00:00,3.1,1009.25,10.4752925410855,995.25,386.0,783.75,140.0,1201.0,1015.75,14.449999809265,39.150000572205,0.6407371456223985
2004-11-07 20:00:00,2004-11-07,20:00:00,3.1,1063.5,12.163323306748472,1055.25,412.0,738.25,138.0,1242.25,1062.5,14.100000143051,43.0,0.6882626328460355
2004-11-07 21:00:00,2004-11-07,21:00:00,2.3,1000.75,11.411592481675298,1029.0,342.0,732.75,127.0,1255.25,1033.75,13.374999761581,48.400000572205,0.7396750714470688
2004-11-07 22:00:00,2004-11-07,22:00:00,1.8,927.25,7.264107476149063,868.25,255.0,847.0,117.0,1155.25,864.25,12.725000143051,51.199999809265,0.7505283200778748
2004-11-07 23:00:00,2004-11-07,23:00:00,0.8,818.5,2.397210943913996,612.5,89.0,1118.0,57.0,1059.75,500.25,9.9499998092651,71.350002288818,0.873552770916714
2004-11-08 00:00:00,2004-11-08,00:00:00,0.9,846.5,2.6608875776716525,630.25,106.0,1057.0,59.0,1091.0,536.5,10.175000190735,71.575000762939,0.8893123515017585
2004-11-08 01:00:00,2004-11-08,01:00:00,0.8,798.25,2.518305901173276,620.75,109.0,1115.25,62.0,1041.0,524.25,10.649999856949,61.300001144409,0.7856453897009371
2004-11-08 02:00:00,2004-11-08,02:00:00,0.7,756.75,1.6997929461444818,561.0,67.0,1192.0,42.0,997.75,456.5,11.099999904633,55.64999961853,0.7344355840174858
2004-11-08 03:00:00,2004-11-08,03:00:00,0.4,702.75,0.5274545139236263,445.5,40.0,1523.25,27.5,918.0,359.75,11.474999904633,50.39999961853,0.6815384797961561
2004-11-08 04:00:00,2004-11-08,04:00:00,0.2,689.25,0.2700279110701101,407.0,13.0,1757.25,13.0,895.0,333.25,11.300000190735,49.474999427795,0.6614786778337085
2004-11-08 05:00:00,2004-11-08,05:00:00,0.2,698.25,0.3714251133227818,423.5,20.0,1664.5,18.0,902.75,339.0,10.774999856949,50.85000038147,0.6570449902238367
2004-11-08 06:00:00,2004-11-08,06:00:00,0.3,720.0,0.6242462749539572,457.75,33.0,1535.5,26.0,917.25,358.25,10.875,50.125,0.6519086524550018
2004-11-08 07:00:00,2004-11-08,07:00:00,0.7,797.0,2.114283383220237,592.5,146.0,1211.75,72.0,984.25,493.5,10.799999952316,49.675000190735,0.6429086466074037
2004-11-08 08:00:00,2004-11-08,08:00:00,1.7,950.25,7.4103512917057,874.5,359.0,850.25,131.0,1179.0,828.0,10.675000190735,50.375,0.646679381931753
2004-11-08 09:00:00,2004-11-08,09:00:00,1.8,886.75,5.934730067801716,808.75,322.0,899.0,133.0,1111.25,768.75,10.949999809265,49.974999427795,0.6531380730826121
2004-11-08 10:00:00,2004-11-08,10:00:00,1.5,849.75,4.833659874950018,755.0,293.0,966.0,116.0,1050.75,713.75,12.074999809265,46.450000762939,0.6529828981201876
2004-11-08 11:00:00,2004-11-08,11:00:00,1.3,836.25,4.534166508860511,739.5,255.0,987.0,117.0,1046.25,672.0,12.399999856949,44.050000190735,0.6323577804905341
2004-11-08 12:00:00,2004-11-08,12:00:00,1.2,826.5,5.091118475893959,768.0,233.0,971.5,103.0,1040.0,671.25,13.025000095367,40.074999809265,0.5988720278515033
2004-11-08 13:00:00,2004-11-08,13:00:00,1.3,818.75,5.961475539335539,810.0,220.0,946.75,100.0,1026.75,631.25,13.400000333786,36.300000190735,0.5556441091474449
2004-11-08 14:00:00,2004-11-08,14:00:00,1.8,919.0,10.016669866719493,978.25,246.0,820.25,105.0,1179.75,804.5,13.075000286102,38.52499961853,0.5775576472246694
2004-11-08 15:00:00,2004-11-08,15:00:00,1.7,896.75,7.778383116128054,890.0,272.0,850.0,121.0,1139.0,807.75,11.549999952316,46.375,0.6301655959361027
2004-11-08 16:00:00,2004-11-08,16:00:00,2.2,972.75,11.242645342095422,1023.0,358.0,779.75,132.0,1225.5,963.75,13.074999809265,40.425001144409,0.6060420004557749
2004-11-08 17:00:00,2004-11-08,17:00:00,3.2,1064.5,17.036186202033473,1211.0,514.0,669.0,156.0,1364.0,1188.25,13.02499961853,39.324998855591,0.5876641597478136
2004-11-08 18:00:00,2004-11-08,18:00:00,5.9,1340.75,31.047815403289256,1575.25,742.0,502.75,183.0,1777.5,1571.25,11.250000238419,50.949999809265,0.678991925034049
2004-11-08 19:00:00,2004-11-08,19:00:00,6.6,1303.0,28.874059534259917,1524.25,694.6666666666666,515.25,172.73333333333332,1744.25,1579.75,10.600000143051,53.374999046326,0.6818484744829456
2004-11-09 15:00:00,2004-11-09,15:00:00,2.1,1044.5,13.099733526912344,1087.0,647.3333333333334,712.25,162.46666666666667,1269.75,1144.25,12.574999809265,42.425000190735,0.6159290548653109
2004-11-09 16:00:00,2004-11-09,16:00:00,1.5,909.0,7.522326710746406,879.25,600.0,873.75,152.2,1083.0,846.75,13.825000047684,40.72500038147,0.6405284133593309
2004-11-09 17:00:00,2004-11-09,17:00:00,1.6,1013.3333333333,8.13360693876634,904.66666666667,552.6666666666666,816.33333333333,141.93333333333334,1201.3333333333,923.33333333333,11.0,58.766666412354,0.7705412165713095
2004-11-09 18:00:00,2004-11-09,18:00:00,3.5,1235.5,16.860647942425057,1205.75,505.3333333333333,615.0,131.66666666666666,1523.25,1166.25,8.3499999046326,76.47500038147,0.8426051010135958
2004-11-09 19:00:00,2004-11-09,19:00:00,4.6,1275.25,19.89562146325444,1293.5,458.0,569.75,121.39999999999999,1605.25,1279.75,8.625,75.47500038147,0.8468665977114056
2004-11-09 20:00:00,2004-11-09,20:00:00,4.7,1237.0,16.45407734279843,1193.5,410.66666666666663,615.0,111.13333333333333,1507.5,1192.75,8.7750000953674,76.575000762939,0.8677716331880999
2004-11-09 21:00:00,2004-11-09,21:00:00,3.0,1100.75,9.59960545219535,962.5,363.3333333333333,747.75,100.86666666666666,1320.0,965.75,8.0000001192093,80.950000762939,0.8714355311820262
2004-11-09 22:00:00,2004-11-09,22:00:00,1.5,961.75,5.282852006266751,777.5,316.0,910.75,90.6,1161.75,751.75,7.3250000476837,85.675003051758,0.8817581002369497
2004-11-09 23:00:00,2004-11-09,23:00:00,0.9,840.5,3.4656763020974166,680.25,268.66666666666663,1052.25,80.33333333333333,1067.25,594.0,6.5249999761581,85.625,0.8352862945328894
2004-11-10 00:00:00,2004-11-10,00:00:00,0.8,830.5,2.4997947900912423,619.5,221.33333333333326,1163.5,70.06666666666666,1039.0,545.0,6.4750001430511,83.474998474121,0.8115830895507983
2004-11-10 01:00:00,2004-11-10,01:00:00,0.7,842.75,2.533156691548873,621.75,174.0,1145.5,59.79999999999998,1060.25,554.5,6.9249999523163,82.275001525879,0.8244219887479254
2004-11-10 02:00:00,2004-11-10,02:00:00,0.6,797.5,2.2186052430350567,600.0,126.66666666666663,1150.5,49.53333333333333,1049.0,543.0,7.3250000476837,78.125,0.8040542646890302
2004-11-10 03:00:00,2004-11-10,03:00:00,0.3,730.25,0.7901587664876446,477.0,79.33333333333326,1432.75,39.26666666666665,949.5,419.5,7.8750001192093,68.049999237061,0.726504362191127
2004-11-10 04:00:00,2004-11-10,04:00:00,0.2,714.5,0.5236520841705996,445.0,32.0,1600.5,29.0,925.25,372.75,8.025000333786,64.450000762939,0.6949644911495115
2004-11-10 05:00:00,2004-11-10,05:00:00,0.2,726.0,0.5048162128686892,442.5,29.0,1662.5,26.0,942.0,362.5,8.0500001907349,68.60000038147,0.7409432563775799
2004-11-10 06:00:00,2004-11-10,06:00:00,0.3,771.25,0.9090974782997642,489.75,48.0,1419.25,39.0,989.5,411.25,6.3000000715256,84.799999237061,0.8148254443620014
2004-11-10 07:00:00,2004-11-10,07:00:00,0.5,805.25,1.6283204995881555,555.25,113.0,1254.75,72.0,1018.75,495.5,6.7000000476837,79.75,0.787163741639257
2004-11-10 08:00:00,2004-11-10,08:00:00,1.4,958.25,5.817659747566895,803.25,267.0,909.5,128.0,1172.25,738.25,7.1250001192093,77.924999237061,0.7913515449418743
2004-11-10 09:00:00,2004-11-10,09:00:00,2.0,1020.5,9.507952908441492,959.0,332.0,759.75,149.0,1296.5,909.5,7.9499998092651,73.474998474121,0.7883426929043188
2004-11-10 10:00:00,2004-11-10,10:00:00,1.6,969.0,6.685991648003947,843.0,354.0,856.5,165.0,1213.25,821.25,6.9499999284744,86.000001907349,0.8631910998407527
2004-11-10 11:00:00,2004-11-10,11:00:00,1.3,923.25,4.415719954409823,733.25,316.0,961.5,150.0,1124.25,740.0,6.8000000715256,87.074998855591,0.8652449442344392
2004-11-10 12:00:00,2004-11-10,12:00:00,1.4,972.75,6.849891943840394,850.25,395.0,868.25,165.0,1212.5,852.0,7.9500000476837,81.599998474121,0.875519086673628
2004-11-10 13:00:00,2004-11-10,13:00:00,1.9,995.75,7.838454177489808,892.5,391.0,808.0,175.0,1237.25,894.75,9.4500000476837,70.02499961853,0.8296491152564951
2004-11-10 14:00:00,2004-11-10,14:00:00,2.7,1054.75,10.790487862803053,1006.75,457.0,735.5,145.0,1300.5,1018.5,10.549999952316,62.224999427795,0.7923157524748702
2004-11-10 15:00:00,2004-11-10,15:00:00,2.1,1022.75,9.817124758804075,970.75,448.0,752.25,98.0,1283.25,992.75,11.424999713898,59.074999809265,0.7962614219008698
2004-11-10 16:00:00,2004-11-10,16:00:00,2.4,1038.75,11.26370496666722,1023.75,543.0,721.25,105.0,1325.0,1043.25,11.099999904633,58.625000953674,0.7736978815557907
2004-11-10 17:00:00,2004-11-10,17:00:00,2.7,1051.25,12.330711570529866,1061.0,574.0,695.5,106.0,1333.0,1110.5,10.824999809265,57.64999961853,0.7473392781195294
2004-11-10 18:00:00,2004-11-10,18:00:00,2.5,1050.25,12.594666004682017,1070.0,435.0,699.25,141.0,1333.5,1086.5,10.625,56.89999961853,0.7280653525975816
2004-11-10 19:00:00,2004-11-10,19:00:00,3.7,1155.5,16.96086061172638,1208.75,504.0,614.25,177.0,1467.25,1249.75,10.625000238419,59.299999237061,0.7587746188804767
2004-11-10 20:00:00,2004-11-10,20:00:00,4.6,1277.0,21.39570598678425,1334.75,586.0,550.75,182.0,1636.0,1330.75,9.9749999046326,71.499998092651,0.8768242572744588
2004-11-10 21:00:00,2004-11-10,21:00:00,3.9,1171.75,15.31585504960172,1158.5,580.0,621.25,193.0,1460.75,1242.75,10.25,71.10000038147,0.887754538135428
2004-11-10 22:00:00,2004-11-10,22:00:00,2.2,1048.25,9.883449559735752,973.25,346.0,731.0,148.0,1298.25,1073.5,10.525000333786,70.25,0.8930406792110056
2004-11-10 23:00:00,2004-11-10,23:00:00,2.7,1144.25,13.362988476365068,1095.75,531.0,642.5,167.0,1393.5,1258.25,10.174999952316,71.300001144409,0.8858954944451618
2004-11-11 00:00:00,2004-11-11,00:00:00,2.6,1104.25,11.242645342095422,1023.0,477.0,676.75,158.0,1314.0,1189.0,9.6749999523163,73.075000762939,0.8786797645258416
2004-11-11 01:00:00,2004-11-11,01:00:00,2.1,1037.5,9.44923146802745,956.75,344.0,713.0,132.0,1270.75,1091.5,9.349999666214,73.5,0.86511102188347
2004-11-11 02:00:00,2004-11-11,02:00:00,1.4,959.5,6.568363167649283,837.75,219.0,797.25,97.0,1188.5,995.5,9.1999998092651,73.925001144409,0.8615625646093011
2004-11-11 03:00:00,2004-11-11,03:00:00,1.2,934.25,5.472435760874404,786.75,196.5,821.75,85.5,1147.25,974.25,8.0750000476837,78.125001907349,0.8452241309297744
2004-11-11 04:00:00,2004-11-11,04:00:00,1.1,930.0,5.4209160125202605,784.25,174.0,849.5,74.0,1151.0,902.0,7.5500000715256,81.200000762939,0.8483391179937868
2004-11-11 05:00:00,2004-11-11,05:00:00,1.1,918.0,5.298117426488063,778.25,165.0,864.25,68.0,1136.0,859.0,7.5250000953674,81.450000762939,0.8495341334876906
2004-11-11 06:00:00,2004-11-11,06:00:00,1.1,951.5,6.052793316140268,814.25,250.0,804.25,89.0,1152.75,970.25,8.2750000953674,77.199998855591,0.8463747156968972
2004-11-11 07:00:00,2004-11-11,07:00:00,1.5,1019.25,8.14175871073353,905.0,388.0,756.5,117.0,1244.25,1061.5,8.9499998092651,75.599998474121,0.8666799367360566
2004-11-11 08:00:00,2004-11-11,08:00:00,3.1,1287.25,17.26301615174579,1217.75,758.0,579.75,190.0,1579.75,1304.25,9.1749997138977,81.699998855591,0.950609710995464
2004-11-11 09:00:00,2004-11-11,09:00:00,6.8,1578.0,32.33577174000746,1604.75,1247.0,429.25,211.0,2031.75,1642.75,9.9249999523163,83.400001525879,1.019411954873665
2004-11-11 10:00:00,2004-11-11,10:00:00,5.4,1416.5,24.11482465261717,1406.5,1110.0,490.25,190.0,1709.25,1488.25,10.225000143051,82.25,1.02529589960229
2004-11-11 11:00:00,2004-11-11,11:00:00,4.5,1392.0,21.036949568915464,1325.0,1145.0,511.0,194.0,1631.0,1464.75,11.150000095367,80.724998474121,1.0688277356003226
2004-11-11 12:00:00,2004-11-11,12:00:00,3.0,1146.5,12.675793749974762,1072.75,720.0,628.0,210.0,1414.75,1198.0,11.799999952316,76.14999961853,1.0516446879372212
2004-11-11 13:00:00,2004-11-11,13:00:00,2.8,1149.75,13.636091225089844,1104.75,557.0,629.0,199.0,1449.75,1159.5,12.475000143051,71.299999237061,1.0284986898314763
2004-11-11 14:00:00,2004-11-11,14:00:00,3.9,1251.5,18.019749778145,1240.0,678.0,563.75,178.0,1613.75,1276.5,13.224999904633,68.35000038147,1.034581860626222
2004-11-11 15:00:00,2004-11-11,15:00:00,3.4,1185.5,14.266927815926682,1125.25,659.0,616.5,184.0,1493.0,1171.0,12.474999904633,73.22500038147,1.056266712556629
2004-11-11 16:00:00,2004-11-11,16:00:00,3.2,1172.25,13.697100382456911,1106.75,552.0,629.25,186.0,1448.5,1106.0,12.150000095367,75.699998855591,1.0693355481089224
2004-11-11 17:00:00,2004-11-11,17:00:00,2.8,1109.25,11.172567986822711,1020.5,395.0,689.0,168.0,1361.0,1035.5,11.474999666214,78.125,1.056452248296677
2004-11-11 18:00:00,2004-11-11,18:00:00,3.9,1200.75,16.520167112897187,1195.5,573.0,596.5,187.0,1545.75,1196.0,11.599999904633,75.950000762939,1.0353929596431206
2004-11-11 19:00:00,2004-11-11,19:00:00,3.5,1188.75,16.092604901165874,1182.5,463.0,602.5,166.0,1533.75,1169.75,12.024999856949,73.25,1.0264120363064857
2004-11-11 20:00:00,2004-11-11,20:00:00,4.7,1282.0,20.57171487732563,1312.25,568.0,550.75,177.0,1670.5,1312.25,12.875,68.75,1.017545189782379
2004-11-11 21:00:00,2004-11-11,21:00:00,4.6,1207.25,16.777330860434,1203.25,706.0,624.75,207.0,1570.0,1251.25,13.124999761581,69.575000762939,1.0463996956961672
2004-11-11 22:00:00,2004-11-11,22:00:00,1.2,903.5,4.809204855249734,753.75,193.0,929.5,114.0,1171.5,805.25,12.325000047684,73.424999237061,1.048968743418884
2004-11-11 23:00:00,2004-11-11,23:00:00,1.1,900.0,3.9959242929204266,710.5,151.0,974.75,84.0,1152.75,736.25,12.700000047684,70.974998474121,1.0387350192201352
2004-11-12 00:00:00,2004-11-12,00:00:00,1.2,931.75,4.534166508860511,739.5,167.0,925.5,92.0,1179.75,773.5,12.924999952316,69.85000038147,1.0371487934061858
2004-11-12 01:00:00,2004-11-12,01:00:00,1.6,968.0,5.426058636400471,784.5,239.0,872.25,111.0,1209.0,825.75,12.875000238419,70.549999237061,1.0441863776217084
2004-11-12 02:00:00,2004-11-12,02:00:00,0.7,827.25,2.3646274029643117,610.25,102.0,1091.75,71.0,1120.0,635.75,13.149999856949,67.699998855591,1.0198321961678989
2004-11-12 03:00:00,2004-11-12,03:00:00,0.4,788.75,1.1599447453644307,514.5,86.5,1276.0,60.5,1054.0,516.0,13.075000047684,67.550001144409,1.0126935631681004
2004-11-12 05:00:00,2004-11-12,05:00:00,0.6,811.0,1.671669623943802,558.75,71.0,1170.25,50.0,1084.75,558.25,13.674999952316,64.425000190735,1.003634363208593
2004-11-12 06:00:00,2004-11-12,06:00:00,0.5,827.0,1.687268997808763,560.0,79.0,1168.75,53.0,1086.75,564.5,13.900000095367,63.774998664856,1.007869342669941
2004-11-12 07:00:00,2004-11-12,07:00:00,0.6,848.75,2.271567519386863,603.75,117.0,1085.75,67.0,1108.0,604.0,14.050000190735,64.474998474121,1.0287143807082468
2004-11-12 08:00:00,2004-11-12,08:00:00,1.4,1000.5,5.712096271148231,798.25,266.0,854.75,113.0,1257.0,793.75,13.974999904633,66.050001144409,1.0488224837321614
2004-11-12 09:00:00,2004-11-12,09:00:00,2.0,1021.3333333333,7.922884422424001,896.0,340.0,741.0,140.0,1314.0,906.66666666667,14.166666666667,66.399998982747,1.0673235160345778
2004-11-12 10:00:00,2004-11-12,10:00:00,1.6,977.5,6.407389602778555,830.5,257.0,806.75,116.0,1257.25,838.0,14.899999856949,62.525000572205,1.0529079475842715
2004-11-12 11:00:00,2004-11-12,11:00:00,1.6,996.0,6.946757178144978,854.5,311.0,793.25,122.0,1277.0,884.0,16.275000095367,58.424999237061,1.0728785569871149
2004-11-12 12:00:00,2004-11-12,12:00:00,1.7,1013.75,6.691615196197922,843.25,279.0,791.0,116.0,1296.75,865.5,16.924999713898,56.47500038147,1.0801040365578436
2004-11-12 13:00:00,2004-11-12,13:00:00,2.0,1061.25,8.700025163722502,927.5,267.0,729.5,118.0,1366.25,908.75,17.375,55.824999809265,1.0980350514373227
2004-11-12 14:00:00,2004-11-12,14:00:00,2.3,1091.5,9.923335795241156,974.75,310.0,689.75,125.0,1418.25,989.5,17.449999809265,57.325000762939,1.1328112554205718
2004-11-12 15:00:00,2004-11-12,15:00:00,2.4,1128.5,11.383360037921852,1028.0,352.0,661.25,126.0,1479.75,1049.75,17.674999713898,55.52499961853,1.112689086220715
2004-11-12 16:00:00,2004-11-12,16:00:00,2.2,1076.5,9.77081072639634,969.0,337.0,690.25,135.0,1404.5,1022.5,16.824999809265,58.924999237061,1.11994720537187
2004-11-12 17:00:00,2004-11-12,17:00:00,2.6,1152.5,12.861000171037778,1079.0,358.0,635.0,140.0,1495.5,1102.75,17.025000095367,57.52499961853,1.107071054897096
2004-11-12 18:00:00,2004-11-12,18:00:00,4.0,1233.5,16.553254344130867,1196.5,547.0,574.5,163.0,1597.0,1239.0,16.200000286102,60.200000762939,1.1002866400882048
2004-11-12 19:00:00,2004-11-12,19:00:00,5.2,1318.5,20.80833912225132,1318.75,600.0,538.5,178.0,1735.0,1384.25,16.674999713898,57.974999427795,1.0916115663576258
2004-11-12 20:00:00,2004-11-12,20:00:00,3.9,1251.0,18.84272068412105,1263.75,470.0,560.5,160.0,1676.5,1288.5,16.450000286102,58.824999809265,1.092133013160285
2004-11-12 21:00:00,2004-11-12,21:00:00,3.8,1164.5,12.594666004682017,1070.0,522.0,649.5,166.0,1467.0,1179.5,15.750000238419,61.099999427795,1.0856083932871388
2004-11-12 22:00:00,2004-11-12,22:00:00,1.6,954.0,5.892044005394133,806.75,208.0,833.0,115.0,1242.5,854.5,15.699999809265,60.799999237061,1.0768842745255798
2004-11-12 23:00:00,2004-11-12,23:00:00,1.5,971.0,6.123023510216667,817.5,205.0,827.5,107.0,1251.5,856.75,15.875000238419,59.60000038147,1.0673146290572206
2004-11-13 00:00:00,2004-11-13,00:00:00,1.6,960.5,5.021242735593165,764.5,217.0,864.75,108.0,1212.0,810.75,15.649999856949,60.0,1.0593750158461106
2004-11-13 01:00:00,2004-11-13,01:00:00,1.5,952.25,4.897490221739576,758.25,216.0,875.75,111.0,1202.5,793.75,15.575000286102,60.074999809265,1.0557009144594722
2004-11-13 02:00:00,2004-11-13,02:00:00,1.0,874.5,2.725755128418066,634.5,117.0,1036.75,75.0,1132.5,612.25,15.700000047684,59.47500038147,1.053416026365515
2004-11-13 03:00:00,2004-11-13,03:00:00,0.8,891.0,2.698964301723999,632.75,145.5,1034.75,81.5,1137.25,589.75,15.700000047684,60.075000762939,1.0640431808608648
2004-11-13 04:00:00,2004-11-13,04:00:00,1.3,1005.5,5.036181443461722,765.25,174.0,848.25,88.0,1238.75,806.5,15.574999809265,61.724999427795,1.0846964059993125
2004-11-13 05:00:00,2004-11-13,05:00:00,1.0,907.0,3.650423146324865,691.0,111.0,927.0,71.0,1172.75,701.5,15.825000286102,59.89999961853,1.069320000152453
2004-11-13 06:00:00,2004-11-13,06:00:00,1.0,937.5,3.843684322663092,702.0,147.0,904.0,75.0,1185.25,752.75,15.200000047684,61.775000572205,1.0601980853993116
2004-11-13 07:00:00,2004-11-13,07:00:00,0.9,924.5,3.3183308378132934,671.5,140.0,990.5,86.0,1154.25,708.5,16.149999856949,55.374999046326,1.0089294511878968
2004-11-13 08:00:00,2004-11-13,08:00:00,2.1,1156.75,9.704809865547722,966.5,421.0,678.0,124.0,1364.75,1087.25,14.875,64.075000762939,1.0773035369682689
2004-11-13 09:00:00,2004-11-13,09:00:00,2.1,1168.75,10.680402981289363,1002.75,350.0,664.5,128.0,1408.5,1126.25,15.575000286102,62.049999237061,1.090407676150707
2004-11-13 10:00:00,2004-11-13,10:00:00,3.1,1311.5,14.696846905473556,1139.0,550.0,564.75,164.0,1567.75,1385.75,17.89999961853,54.625000953674,1.110041222022687
2004-11-13 11:00:00,2004-11-13,11:00:00,3.8,1347.25,17.575932080294027,1227.0,589.0,539.25,199.0,1627.25,1475.75,21.050000190735,44.475001335144,1.096384574931985
2004-11-13 12:00:00,2004-11-13,12:00:00,3.7,1321.25,17.45724965343547,1223.5,537.0,542.75,192.0,1617.0,1423.75,20.25,46.72500038147,1.0971329390232132
2004-11-13 13:00:00,2004-11-13,13:00:00,3.6,1267.0,14.05015325074239,1118.25,473.0,591.75,166.0,1502.75,1309.75,21.549999713898,42.650000572205,1.08372301493188
2004-11-13 14:00:00,2004-11-13,14:00:00,3.3,1234.25,12.09085021877653,1052.75,364.0,638.75,133.0,1476.0,1113.5,21.500000476837,43.10000038147,1.0918508759976189
2004-11-13 15:00:00,2004-11-13,15:00:00,2.1,1101.0,9.203008830704247,947.25,270.0,699.0,118.0,1374.0,1028.75,21.474999904633,43.35000038147,1.0965245639888723
2004-11-13 16:00:00,2004-11-13,16:00:00,2.3,1149.25,10.550302795333629,998.0,368.0,664.0,133.0,1433.5,1100.75,20.800000190735,45.52499961853,1.105360523192836
2004-11-13 17:00:00,2004-11-13,17:00:00,2.1,1093.5,9.029748042099776,940.5,318.0,695.0,128.0,1370.5,1039.75,19.150000095367,49.625,1.0893265070005822
2004-11-13 18:00:00,2004-11-13,18:00:00,1.9,1055.5,7.492790093022252,878.0,244.0,758.0,116.0,1308.0,855.75,18.27499961853,51.599999427795,1.073199625653231
2004-11-13 19:00:00,2004-11-13,19:00:00,1.9,1029.5,7.98342769496114,898.5,234.0,766.5,118.0,1274.75,835.5,17.72500038147,51.52499961853,1.0357412845382885
2004-11-13 20:00:00,2004-11-13,20:00:00,2.3,1074.75,9.100166288289229,943.25,296.0,752.0,142.0,1305.25,893.5,17.199999809265,51.47500038147,1.001503288277276
2004-11-13 21:00:00,2004-11-13,21:00:00,1.7,927.25,4.6925578499877005,747.75,205.0,887.5,113.0,1157.0,695.75,15.925000190735,54.85000038147,0.9853435801545036
2004-11-13 22:00:00,2004-11-13,22:00:00,0.8,793.25,1.817504773236558,570.25,95.0,1143.25,59.0,1036.0,523.75,14.049999952316,55.200000762939,0.8807295088308139
2004-11-13 23:00:00,2004-11-13,23:00:00,0.8,796.25,2.069743918068734,589.25,93.0,1136.25,52.0,1026.0,506.0,13.274999856949,52.97500038147,0.804428690043238
2004-11-14 00:00:00,2004-11-14,00:00:00,0.8,779.5,1.788563190389188,568.0,100.0,1189.5,57.0,996.5,452.5,11.899999856949,55.47500038147,0.7710886820682655
2004-11-14 01:00:00,2004-11-14,01:00:00,0.8,774.25,1.7981883753610235,568.75,100.0,1221.75,58.0,983.75,434.25,11.424999952316,54.624999046326,0.7362806639843424
2004-11-14 02:00:00,2004-11-14,02:00:00,0.6,717.75,1.00982332118666,500.0,63.0,1401.25,44.0,913.5,373.0,10.350000143051,53.700000762939,0.6748951290439
2004-11-14 03:00:00,2004-11-14,03:00:00,0.4,705.25,0.801504323462925,478.25,49.5,1545.5,35.0,884.75,330.0,9.875,54.250000953674,0.6609369756980781
2004-11-14 04:00:00,2004-11-14,04:00:00,0.3,688.75,0.7279035085931244,470.0,36.0,1643.25,26.0,863.25,305.25,9.8000001907349,51.349998474121,0.6225363942026793
2004-11-14 05:00:00,2004-11-14,05:00:00,0.3,677.5,0.3946824523025651,427.0,24.0,1771.25,20.0,853.0,285.75,9.4749999046326,52.22500038147,0.6197744612774235
2004-11-14 06:00:00,2004-11-14,06:00:00,0.2,654.75,0.2420520143344565,402.0,20.0,2076.75,17.0,814.25,267.75,9.9500002861023,45.724999427795,0.5598206014997753
2004-11-14 07:00:00,2004-11-14,07:00:00,0.2,648.75,0.2127981659470445,396.5,25.0,2061.75,21.0,798.25,261.0,10.174999952316,41.924999237061,0.5209139878343694
2004-11-14 08:00:00,2004-11-14,08:00:00,0.3,647.25,0.2963130857713886,411.5,39.0,1963.5,29.0,779.0,273.5,10.649999856949,36.075000762939,0.4623516721654387
2004-11-14 09:00:00,2004-11-14,09:00:00,0.3,667.25,0.4082418576500824,429.0,57.0,1793.0,39.0,790.25,291.0,10.700000047684,35.950000762939,0.4622539094129568
2004-11-14 10:00:00,2004-11-14,10:00:00,0.4,669.25,0.5141973779513705,443.75,59.0,1663.5,41.0,791.25,303.5,10.824999809265,35.35000038147,0.4582557492007579
2004-11-14 11:00:00,2004-11-14,11:00:00,0.4,667.0,0.5999010945068097,454.75,65.0,1715.75,44.0,785.5,300.5,11.424999952316,32.89999961853,0.4434532537688919
2004-11-14 12:00:00,2004-11-14,12:00:00,0.6,704.75,1.0915528675497626,508.0,93.0,1493.5,54.0,820.0,329.25,12.375,31.97500038147,0.4582771285746307
2004-11-14 13:00:00,2004-11-14,13:00:00,0.6,710.25,1.2492881202445862,522.75,112.0,1479.0,62.0,827.0,350.25,12.424999952316,31.300000190735,0.4500497274994649
2004-11-14 14:00:00,2004-11-14,14:00:00,0.6,712.75,1.4305456363738902,538.75,110.0,1593.0,62.0,828.75,380.25,12.200000047684,31.849999904633,0.4513654497746238
2004-11-14 15:00:00,2004-11-14,15:00:00,0.5,703.25,1.1307935393991844,511.75,81.0,2121.25,48.0,837.0,356.25,10.525000095367,37.924999237061,0.4821148263455504
2004-11-14 16:00:00,2004-11-14,16:00:00,0.6,738.0,1.3188453913553588,529.0,100.0,1990.5,59.0,876.0,383.25,9.6000001430511,44.199999809265,0.5288652744833977
2004-11-14 17:00:00,2004-11-14,17:00:00,0.7,795.0,1.804617397022203,569.25,109.0,1772.75,63.0,958.75,429.25,8.1500002145767,57.875,0.6292672701163898
2004-11-14 18:00:00,2004-11-14,18:00:00,1.4,860.75,4.726453728738122,749.5,148.0,1481.0,78.0,1051.0,555.5,7.2750000953674,63.549999237061,0.6518699869575867
2004-11-14 19:00:00,2004-11-14,19:00:00,1.2,836.25,3.019841731523195,653.25,207.0,1798.25,99.0,977.75,536.75,8.4000000953674,55.675000190735,0.615465432366134
2004-11-14 20:00:00,2004-11-14,20:00:00,1.1,811.5,2.995843171964047,651.75,210.0,1585.5,106.0,963.75,554.0,9.1499998569489,49.625,0.5764548687273943
2004-11-14 21:00:00,2004-11-14,21:00:00,1.0,770.5,2.845753102030184,642.25,180.0,1677.5,97.0,915.0,517.75,10.049999952316,41.400000572205,0.5101997328315484
2004-11-14 22:00:00,2004-11-14,22:00:00,0.6,711.25,1.6314007540189843,555.5,109.0,1937.5,67.0,840.25,415.75,10.399999856949,36.175000190735,0.4561305223951775
2004-11-14 23:00:00,2004-11-14,23:00:00,0.8,741.25,2.310744583007826,606.5,128.0,1312.0,73.0,865.25,432.75,11.349999904633,32.27499961853,0.432917781520461
2004-11-15 00:00:00,2004-11-15,00:00:00,0.6,696.0,1.3490109559862118,531.66666666667,96.0,1416.3333333333,62.0,813.66666666667,393.33333333333,10.933333396912,33.533332824707,0.4377820481220005
2004-11-15 01:00:00,2004-11-15,01:00:00,0.5,692.0,1.0837757202159377,507.25,65.0,1483.25,44.0,810.5,352.75,10.600000143051,34.875,0.4455169268846958
2004-11-15 02:00:00,2004-11-15,02:00:00,0.3,678.5,0.5563455388601064,449.25,42.0,1666.0,31.0,800.0,314.25,10.700000047684,36.074999809265,0.4638611777470552
2004-11-15 03:00:00,2004-11-15,03:00:00,0.2,676.25,0.4082418576500824,429.0,35.0,1749.5,26.5,802.75,295.75,10.975000143051,37.27499961853,0.4879510167547981
2004-11-15 05:00:00,2004-11-15,05:00:00,0.3,683.25,0.3846413048145271,425.5,28.0,1774.5,22.0,804.5,301.5,10.375000238419,38.625,0.4862278816427396
2004-11-15 06:00:00,2004-11-15,06:00:00,0.4,704.0,0.794688713821778,477.5,55.0,1497.75,41.0,821.25,347.75,10.425000190735,37.35000038147,0.4717156924220747
2004-11-15 07:00:00,2004-11-15,07:00:00,0.7,767.0,2.0493237341205406,587.75,181.0,1291.75,94.0,885.25,508.0,10.525000095367,37.025000572205,0.4706737529441761
2004-11-15 08:00:00,2004-11-15,08:00:00,2.0,963.5,8.706316634357416,927.75,480.0,871.0,167.0,1129.5,936.0,10.700000286102,37.875000953674,0.4870060406222584
2004-11-15 09:00:00,2004-11-15,09:00:00,2.4,925.0,8.593367010206421,923.25,442.0,840.5,162.0,1115.0,943.5,11.075000047684,38.124999046326,0.5023340816788237
2004-11-15 10:00:00,2004-11-15,10:00:00,1.8,882.5,6.821512588341003,849.0,361.0,910.0,141.0,1052.5,842.5,12.575000047684,36.599999427795,0.5313613034771071
2004-11-15 11:00:00,2004-11-15,11:00:00,1.6,894.25,6.182718636981682,820.25,288.0,932.0,127.0,1071.75,820.25,13.824999809265,36.175000190735,0.5689653752271727
2004-11-15 12:00:00,2004-11-15,12:00:00,1.7,880.75,6.41843653094434,831.0,330.0,911.0,116.0,1074.0,792.5,13.400000095367,37.125,0.5682723727041843
2004-11-15 13:00:00,2004-11-15,13:00:00,1.8,867.0,6.669133099118774,842.25,300.0,909.25,104.0,1076.5,736.75,13.524999856949,34.949999809265,0.5392718016946126
2004-11-15 14:00:00,2004-11-15,14:00:00,1.7,855.5,6.199041963295953,821.0,239.0,936.75,111.0,1042.5,718.25,13.724999904633,32.199999332428,0.5032257323273441
2004-11-15 15:00:00,2004-11-15,15:00:00,1.7,862.25,6.674750599214449,842.5,265.0,929.75,114.0,1032.25,742.5,13.575000047684,32.14999961853,0.497655545497062
2004-11-15 16:00:00,2004-11-15,16:00:00,1.7,890.75,7.7903815648974515,890.5,287.0,874.25,121.0,1076.5,847.75,13.450000286102,31.750000476837,0.4875536021621587
2004-11-15 17:00:00,2004-11-15,17:00:00,2.6,931.25,11.503553738991377,1032.25,403.0,794.75,164.0,1098.25,991.25,13.475000143051,27.875,0.4287336757751656
2004-11-15 18:00:00,2004-11-15,18:00:00,4.0,1024.75,16.73573832040316,1202.0,515.0,691.25,194.0,1262.5,1190.75,12.700000286102,28.924999237061,0.4233238569183664
2004-11-15 19:00:00,2004-11-15,19:00:00,3.8,1029.0,16.59465306613999,1197.75,446.0,693.5,175.0,1305.0,1168.5,12.575000286102,30.199999809265,0.4384456765204144
2004-11-15 20:00:00,2004-11-15,20:00:00,4.0,1037.5,16.346922458639206,1190.25,501.0,685.0,180.0,1290.75,1166.5,12.275000095367,31.97500038147,0.4553335346713003
2004-11-15 21:00:00,2004-11-15,21:00:00,2.4,903.5,8.6058859089994,923.75,355.0,845.75,147.0,1082.75,966.0,11.950000047684,34.324999809265,0.4786529829918141
2004-11-15 22:00:00,2004-11-15,22:00:00,1.4,844.0,5.369604169687442,781.75,217.0,968.75,112.0,1003.0,795.75,11.649999856949,37.25,0.509459736365441
2004-11-15 23:00:00,2004-11-15,23:00:00,1.3,838.5,4.009478131589395,711.25,180.0,1029.25,94.0,990.0,711.5,11.349999904633,40.300000190735,0.5405603991961185
2004-11-16 00:00:00,2004-11-16,00:00:00,1.3,844.0,3.8971281280841183,705.0,167.0,1035.0,91.0,985.75,701.25,11.349999904633,41.824999809265,0.5610158433317249
2004-11-16 01:00:00,2004-11-16,01:00:00,1.0,800.0,2.8223557959412444,640.75,126.0,1112.5,76.0,956.5,590.75,11.200000047684,42.024998664856,0.5582362043789781
2004-11-16 02:00:00,2004-11-16,02:00:00,0.8,785.5,2.1627003433813274,596.0,113.0,1177.75,73.0,937.25,608.75,11.024999856949,42.60000038147,0.559474808358234
2004-11-16 03:00:00,2004-11-16,03:00:00,0.6,736.75,0.9259746755846644,491.5,75.0,1390.75,52.5,880.25,467.0,11.224999904633,41.324999809265,0.5498297975220933
2004-11-16 04:00:00,2004-11-16,04:00:00,0.4,732.0,0.7410603752875764,471.5,37.0,1460.5,32.0,866.0,391.25,11.149999856949,40.75,0.5395445075787928
2004-11-16 05:00:00,2004-11-16,05:00:00,0.5,736.5,0.7105175744554979,468.0,50.0,1481.0,40.0,868.75,395.25,10.650000333786,41.825000762939,0.5360459939937854
2004-11-16 06:00:00,2004-11-16,06:00:00,0.5,777.5,1.1867198553749905,517.0,96.0,1330.25,63.0,889.5,510.0,10.150000095367,43.575000762939,0.5405302445331328
2004-11-16 07:00:00,2004-11-16,07:00:00,0.9,867.0,3.2767342333321707,669.0,271.0,1069.0,119.0,980.5,779.25,10.075000047684,44.02499961853,0.5434381330927298
2004-11-16 08:00:00,2004-11-16,08:00:00,3.5,1247.75,16.578088287183164,1197.25,892.0,641.25,202.0,1404.75,1395.0,10.075000286102,45.625,0.5631883117365336
2004-11-16 09:00:00,2004-11-16,09:00:00,5.2,1389.0,26.34277764108512,1462.75,1071.0,517.75,222.0,1693.5,1706.0,11.275000333786,43.949999809265,0.5866568960953727
2004-11-16 10:00:00,2004-11-16,10:00:00,4.3,1184.25,16.421074820610755,1192.5,839.0,626.25,212.0,1326.5,1478.75,14.475000143051,33.800000190735,0.5540565745902876
2004-11-16 11:00:00,2004-11-16,11:00:00,3.5,1160.25,15.524606363904706,1165.0,713.0,654.75,219.0,1324.75,1402.5,17.499999523163,26.375000476837,0.5228246459685779
2004-11-16 12:00:00,2004-11-16,12:00:00,2.6,982.0,10.680402981289363,1002.75,498.0,1036.5,189.0,1116.75,1071.75,17.150000572205,22.449999809265,0.4354311484382276
2004-11-16 13:00:00,2004-11-16,13:00:00,2.5,947.5,11.081746852795824,1017.25,389.0,1064.5,147.0,1076.5,929.25,17.349999904633,20.425000190735,0.4011196784121704
2004-11-16 14:00:00,2004-11-16,14:00:00,2.8,1016.75,11.695554651706663,1039.0,457.0,769.25,161.0,1149.0,1023.5,18.099999904633,21.0,0.4320637924672762
2004-11-16 15:00:00,2004-11-16,15:00:00,2.2,984.5,10.901053644755171,1010.75,425.0,779.25,148.0,1138.0,1010.0,17.89999961853,22.324999809265,0.4536690093781316
2004-11-16 16:00:00,2004-11-16,16:00:00,2.4,1017.0,11.411592481675298,1029.0,483.0,767.5,148.0,1160.25,1045.75,17.625,23.675000190735,0.4729625902918277
2004-11-16 17:00:00,2004-11-16,17:00:00,3.5,1120.75,16.346922458639206,1190.25,604.0,672.75,188.0,1297.25,1263.75,16.674999952316,25.949999809265,0.4886126889278175
2004-11-16 18:00:00,2004-11-16,18:00:00,4.2,1129.0,18.529014820026653,1254.75,648.0,634.25,206.0,1369.5,1364.5,14.825000047684,29.624999523163,0.4965156998048439
2004-11-16 19:00:00,2004-11-16,19:00:00,3.1,1100.75,14.539883225021017,1134.0,427.0,683.25,168.0,1283.0,1280.75,13.550000190735,33.974999904633,0.5250658056588018
2004-11-16 20:00:00,2004-11-16,20:00:00,3.2,1182.0,15.839989355585663,1174.75,461.0,636.5,171.0,1363.0,1463.25,13.375,40.425000190735,0.6177967976621802
2004-11-16 21:00:00,2004-11-16,21:00:00,2.8,1144.0,13.227321306164397,1091.25,436.0,671.0,171.0,1294.5,1387.5,11.799999952316,44.324999809265,0.6121359267989938
2004-11-16 22:00:00,2004-11-16,22:00:00,2.2,1045.75,7.772386848630005,889.75,300.0,790.75,142.0,1108.75,1194.5,10.700000286102,47.5,0.610766636226667
2004-11-16 23:00:00,2004-11-16,23:00:00,1.8,990.0,6.117608927663041,817.25,277.0,849.0,134.0,1070.75,1111.0,10.174999952316,49.39999961853,0.613790131630035
2004-11-17 00:00:00,2004-11-17,00:00:00,1.7,973.5,5.0063229515556085,763.75,196.0,909.75,107.0,1028.5,992.0,9.4500000476837,51.02499961853,0.6045390363454469
2004-11-17 01:00:00,2004-11-17,01:00:00,1.6,952.75,5.282852006266751,777.5,277.0,884.75,121.0,1050.5,1019.25,7.7000000476837,57.875,0.6107227216803512
2004-11-17 02:00:00,2004-11-17,02:00:00,1.1,867.5,2.912492080376828,646.5,131.0,1054.25,85.0,961.5,827.5,8.3999999761581,54.474999427795,0.6021998867773416
2004-11-17 03:00:00,2004-11-17,03:00:00,0.8,832.5,1.866180125868544,574.0,114.0,1150.25,76.5,929.5,751.75,7.9000000953674,55.449999809265,0.5929711551393381
2004-11-17 04:00:00,2004-11-17,04:00:00,0.7,785.5,1.243793053254571,522.25,97.0,1253.25,68.0,909.75,698.5,6.1999999284744,61.025000572205,0.5824449509431384
2004-11-17 05:00:00,2004-11-17,05:00:00,0.8,833.75,1.576336510556659,551.0,105.0,1193.0,69.0,916.75,718.5,6.7749999761581,58.60000038147,0.5813204531724164
2004-11-17 06:00:00,2004-11-17,06:00:00,0.9,844.5,1.9852302955998735,583.0,138.0,1132.25,81.0,929.0,761.25,5.7499998807907,62.650001525879,0.5800893202187579
2004-11-17 07:00:00,2004-11-17,07:00:00,1.2,928.75,4.032111328470852,712.5,183.0,986.75,92.0,1002.0,829.75,5.924999833107,62.02499961853,0.5811236584234836
2004-11-17 08:00:00,2004-11-17,08:00:00,3.3,1234.25,15.387978763390306,1160.75,664.0,629.25,200.0,1385.5,1318.0,6.3000000715256,61.675001144409,0.592622177661021
2004-11-17 09:00:00,2004-11-17,09:00:00,3.8,1270.0,18.956554774854485,1267.0,611.0,564.75,201.0,1433.75,1482.25,7.5000001192093,58.75,0.6117496967021941
2004-11-17 10:00:00,2004-11-17,10:00:00,3.2,1240.75,14.579056773736026,1135.25,600.0,621.5,213.0,1280.0,1474.25,11.399999856949,45.425000190735,0.6112836137598224
2004-11-17 12:00:00,2004-11-17,12:00:00,3.2,1248.25,14.44605011331646,1131.0,878.0,615.25,187.0,1295.75,1591.5,13.325000047684,42.325000762939,0.644767774193558
2004-11-17 13:00:00,2004-11-17,13:00:00,4.2,1317.0,19.01797109049921,1268.75,905.0,553.75,205.0,1445.75,1679.0,14.674999952316,38.925000190735,0.6462132906026352
2004-11-17 14:00:00,2004-11-17,14:00:00,4.3,1307.75,20.336245340449008,1305.75,808.0,552.75,212.0,1471.25,1670.25,16.499999761581,32.89999961853,0.6127296844803494
2004-11-17 15:00:00,2004-11-17,15:00:00,4.0,1321.3333333333,19.46207455621108,1281.3333333333,858.0,556.66666666667,198.0,1442.3333333333,1650.0,17.36666615804,32.666667938232,0.6421952959383794
2004-11-17 16:00:00,2004-11-17,16:00:00,4.1,1359.5,21.036949568915464,1325.0,839.0,535.25,171.0,1512.5,1692.0,17.299999713898,33.85000038147,0.6627032174753923
2004-11-17 17:00:00,2004-11-17,17:00:00,7.8,1659.0,35.94015515598352,1684.75,1290.0,422.75,272.0,1945.5,2155.0,15.974999666214,41.52499961853,0.7483160585491259
2004-11-17 18:00:00,2004-11-17,18:00:00,10.2,1802.0,47.671835935250485,1924.0,748.0,356.0,192.0,2235.0,2452.0,13.724999904633,52.75,0.8243837866646874
2004-11-17 19:00:00,2004-11-17,19:00:00,6.6,1549.25,30.10186983767198,1553.25,1148.0,446.25,288.0,1795.5,2032.0,13.049999952316,55.050000190735,0.8239748888817868
2004-11-17 20:00:00,2004-11-17,20:00:00,4.3,1407.0,22.00871347255381,1351.25,729.0,516.0,254.0,1556.5,1750.75,12.375,56.799999237061,0.8140778809337059
2004-11-17 21:00:00,2004-11-17,21:00:00,4.9,1374.25,18.97409365112664,1267.5,810.0,536.25,267.0,1530.75,1674.75,10.674999952316,62.10000038147,0.7971968087438993
2004-11-17 22:00:00,2004-11-17,22:00:00,2.6,1126.5,9.228796421407274,948.25,427.0,703.0,198.0,1188.25,1312.0,10.500000238419,61.099999427795,0.7754566157090418
2004-11-17 23:00:00,2004-11-17,23:00:00,2.3,1096.25,7.061457835865667,859.5,274.0,776.5,145.0,1130.5,1178.5,9.6749999523163,62.450001716614,0.7509210021222836
2004-11-18 00:00:00,2004-11-18,00:00:00,2.7,1119.0,8.203007924916658,907.5,387.0,735.25,167.0,1173.0,1197.0,8.8000001907349,65.499999046326,0.7434932835466099
2004-11-18 01:00:00,2004-11-18,01:00:00,2.2,998.5,5.1412815724,770.5,235.0,863.5,127.0,1068.25,995.0,8.7999999523163,63.75,0.7236289583157048
2004-11-18 02:00:00,2004-11-18,02:00:00,2.0,987.0,5.612575310063474,793.5,225.0,852.0,119.0,1106.25,970.75,8.4750001430511,64.999999046326,0.7221278378115836
2004-11-18 03:00:00,2004-11-18,03:00:00,1.3,911.5,3.538226729481069,684.5,205.0,934.0,101.5,1050.0,875.75,7.4750000238419,69.27499961853,0.7201425010994799
2004-11-18 04:00:00,2004-11-18,04:00:00,1.2,893.0,3.817080483026031,700.5,185.0,934.75,84.0,1044.5,843.75,6.3500000238419,74.0,0.7134449795491672
2004-11-18 05:00:00,2004-11-18,05:00:00,1.1,877.5,3.5725896205436136,686.5,212.0,963.5,89.0,1034.5,812.75,5.9250000715256,76.625,0.7179137656820522
2004-11-18 06:00:00,2004-11-18,06:00:00,1.4,996.25,6.635470454500727,840.75,358.0,796.5,122.0,1127.0,1005.25,6.0999999046326,76.700000762939,0.7271411616799274
2004-11-18 07:00:00,2004-11-18,07:00:00,2.1,1119.25,9.890092509311115,973.5,531.0,710.0,162.0,1223.75,1170.0,6.8250000476837,74.5,0.7415310493011932
2004-11-18 08:00:00,2004-11-18,08:00:00,4.5,1407.25,21.543635720255526,1338.75,992.0,531.0,225.0,1584.0,1533.25,7.7250001430511,72.525001525879,0.7665908683484995
2004-11-18 09:00:00,2004-11-18,09:00:00,5.6,1503.25,27.79184940008089,1498.25,1132.0,468.5,249.0,1748.5,1783.25,8.9250001907349,67.399998664856,0.7714011898203526
2004-11-18 10:00:00,2004-11-18,10:00:00,5.6,1445.75,22.865995939119948,1374.0,1195.0,498.5,282.0,1560.25,1818.25,11.449999809265,58.27499961853,0.7867526933475657
2004-11-18 11:00:00,2004-11-18,11:00:00,4.7,1416.25,20.18290975446118,1301.5,1120.0,526.0,278.0,1470.75,1826.25,13.400000095367,52.824998855591,0.8085922542158255
2004-11-18 12:00:00,2004-11-18,12:00:00,4.2,1447.5,19.68130858264465,1287.5,870.0,518.0,251.0,1505.5,1838.75,15.774999856949,50.125,0.89200941960096
2004-11-18 13:00:00,2004-11-18,13:00:00,3.6,1281.5,13.811805346219716,1110.5,570.0,585.75,208.0,1455.0,1428.25,18.324999809265,50.0,1.043141650011291
2004-11-18 14:00:00,2004-11-18,14:00:00,3.2,1271.0,15.259858728740529,1156.75,384.0,571.5,187.0,1483.0,1352.75,18.77499961853,49.175000190735,1.0548217839059475
2004-11-18 15:00:00,2004-11-18,15:00:00,3.1,1321.0,15.94571743631389,1178.0,381.0,551.75,182.0,1538.5,1491.25,18.39999961853,49.574999809265,1.0390796162326237
2004-11-18 16:00:00,2004-11-18,16:00:00,3.8,1362.0,17.423403372432468,1222.5,541.0,535.0,212.0,1596.75,1516.5,18.25,50.97500038147,1.0585628789931796
2004-11-18 17:00:00,2004-11-18,17:00:00,3.9,1315.5,17.59291469220221,1227.5,484.0,539.75,174.0,1610.0,1412.5,17.60000038147,53.124999046326,1.0596472984577123
2004-11-18 18:00:00,2004-11-18,18:00:00,4.6,1374.25,20.372396186200135,1306.75,549.0,520.5,220.0,1708.5,1429.0,17.275000095367,53.575000762939,1.047241095761075
2004-11-18 19:00:00,2004-11-18,19:00:00,4.9,1387.75,22.61018085769056,1367.25,596.0,499.5,214.0,1721.75,1502.75,16.800000190735,55.22500038147,1.047986200944018
2004-11-18 20:00:00,2004-11-18,20:00:00,5.4,1421.75,25.09466298134501,1431.5,620.0,473.75,212.0,1851.75,1636.25,16.550000190735,56.47500038147,1.0550869560788732
2004-11-18 21:00:00,2004-11-18,21:00:00,4.3,1280.75,17.212498978895304,1216.25,542.0,548.0,191.0,1604.25,1687.0,16.25,58.074999809265,1.0647811268667398
2004-11-18 22:00:00,2004-11-18,22:00:00,3.1,1191.5,11.709830816255746,1039.5,381.0,640.25,160.0,1441.0,1405.25,15.924999952316,58.950000762939,1.058997329582254
2004-11-18 23:00:00,2004-11-18,23:00:00,2.5,1107.5,9.151525969960906,945.25,270.0,692.25,130.0,1354.75,1198.5,15.874999761581,59.35000038147,1.0628376063321543
2004-11-19 00:00:00,2004-11-19,00:00:00,2.4,1070.75,7.652875824367053,884.75,284.0,740.25,133.0,1297.5,1089.75,15.675000190735,60.925000190735,1.0774015024233907
2004-11-19 01:00:00,2004-11-19,01:00:00,1.9,999.0,5.596929682822607,792.75,204.0,816.5,110.0,1241.5,897.5,16.10000038147,59.525000572205,1.0811445306028948
2004-11-19 02:00:00,2004-11-19,02:00:00,1.3,924.75,3.2933460288860523,670.0,93.0,939.5,65.0,1172.5,663.0,15.450000047684,63.775000572205,1.1119269768528712
2004-11-19 03:00:00,2004-11-19,03:00:00,1.2,886.0,2.325061547147355,607.5,72.0,1012.5,53.0,1142.5,611.0,14.925000190735,65.325000762939,1.101801224000296
2004-11-19 04:00:00,2004-11-19,04:00:00,1.1,888.0,2.083405300850765,590.25,51.0,1009.0,41.0,1151.5,625.25,14.700000047684,64.375,1.070416267884596
2004-11-19 05:00:00,2004-11-19,05:00:00,0.9,862.75,1.3442784224941926,531.25,45.0,1097.0,36.0,1094.75,606.25,14.725000143051,59.849999427795,0.9967533085935556
2004-11-19 06:00:00,2004-11-19,06:00:00,1.0,869.5,1.5642096054907717,550.0,68.0,1126.0,45.0,1078.25,515.25,15.425000190735,55.85000038147,0.9722195743085512
2004-11-19 07:00:00,2004-11-19,07:00:00,1.6,1042.5,5.257451382616683,776.25,198.0,800.25,98.0,1247.5,826.25,14.474999904633,62.950000762939,1.031889380724698
2004-11-19 08:00:00,2004-11-19,08:00:00,4.8,1478.0,20.499139634782683,1310.25,633.0,491.75,194.0,1774.75,1541.75,14.724999904633,63.124999046326,1.0512957611585645
2004-11-19 09:00:00,2004-11-19,09:00:00,5.9,1435.5,22.73319791536591,1370.5,548.0,457.5,191.0,1808.25,1626.0,15.150000095367,62.199998855591,1.0641256243326536
2004-11-19 10:00:00,2004-11-19,10:00:00,5.6,1353.5,16.694189802468895,1200.75,588.0,529.0,193.0,1593.0,1538.25,16.075000286102,59.199999809265,1.0735555116576183
2004-11-19 11:00:00,2004-11-19,11:00:00,3.5,1289.5,13.781177484066122,1109.5,612.0,571.0,231.0,1512.0,1440.75,17.0,55.89999961853,1.0741216502446358
2004-11-19 12:00:00,2004-11-19,12:00:00,2.8,1203.25,11.802806788281838,1042.75,428.0,616.5,202.0,1470.0,1217.25,17.574999809265,52.200000762939,1.0395810821742637
2004-11-19 13:00:00,2004-11-19,13:00:00,3.6,1297.75,15.219914903957571,1155.5,463.0,549.0,188.0,1581.75,1320.0,17.299999713898,55.35000038147,1.0836225384547968
2004-11-19 14:00:00,2004-11-19,14:00:00,4.8,1352.25,17.865586704833834,1235.5,479.0,522.25,184.0,1659.0,1368.0,17.849999904633,53.47500038147,1.0833082901395503
2004-11-19 15:00:00,2004-11-19,15:00:00,5.0,1247.0,14.775598053926103,1141.5,469.0,573.75,222.0,1546.5,1199.0,18.324999809265,52.349999427795,1.0921692956240043
2004-11-19 16:00:00,2004-11-19,16:00:00,5.6,1374.75,18.25205231527492,1246.75,583.0,530.75,221.0,1649.5,1374.75,18.324999809265,52.800000190735,1.1015575863911955
2004-11-19 17:00:00,2004-11-19,17:00:00,7.5,1553.0,24.416794540086396,1414.25,760.0,455.0,193.0,1851.25,1681.5,17.650000095367,56.625,1.1329723506072678
2004-11-19 18:00:00,2004-11-19,18:00:00,7.2,1520.75,25.03540391941196,1430.0,691.0,448.5,187.0,1906.5,1760.5,17.349999427795,58.224999427795,1.1434610592371468
2004-11-19 19:00:00,2004-11-19,19:00:00,8.3,1622.5,29.814141140129134,1546.5,832.0,414.0,188.0,2039.5,1882.75,16.224999904633,62.574999809265,1.1454895843630422
2004-11-19 20:00:00,2004-11-19,20:00:00,8.6,1510.25,27.915819679494387,1501.25,881.0,455.75,185.0,1901.0,1855.0,15.150000095367,57.450000762939,0.9828620426779752
2004-11-19 21:00:00,2004-11-19,21:00:00,4.3,836.5,6.507103808553313,835.0,390.0,896.25,146.0,959.75,1078.0,14.174999952316,27.675000190735,0.445087974725947
2004-11-19 22:00:00,2004-11-19,22:00:00,2.6,666.75,3.6200695828222633,689.25,207.0,1210.0,120.0,709.25,619.75,13.400000095367,14.274999856949,0.2185074219275501
2004-11-19 23:00:00,2004-11-19,23:00:00,2.6,694.75,4.00495801135597,711.0,204.0,1193.0,110.0,738.5,644.75,12.849999904633,14.750000238419,0.217959608433878
2004-11-20 00:00:00,2004-11-20,00:00:00,2.7,683.25,3.5682865172598426,686.25,243.0,1239.75,121.0,701.5,626.5,12.200000047684,14.025000095367,0.198756687443934
2004-11-20 01:00:00,2004-11-20,01:00:00,2.7,695.0,3.968875339934366,709.0,264.0,1236.0,126.0,717.0,645.0,12.0,14.5,0.2028527693331785
2004-11-20 02:00:00,2004-11-20,02:00:00,2.6,703.0,3.546804176479148,685.0,215.0,1218.0,117.0,734.0,641.0,10.75,17.0,0.2193035741532561
2004-11-20 03:00:00,2004-11-20,03:00:00,2.4,697.5,2.411753501464891,613.5,153.5,1286.25,93.5,718.25,590.75,10.375,19.224999904633,0.2420124487408323
2004-11-20 05:00:00,2004-11-20,05:00:00,0.6,692.25,1.513116506644446,545.75,92.0,1346.5,70.0,697.0,500.25,8.9500000476837,23.099999904633,0.2648188779764623
2004-11-20 06:00:00,2004-11-20,06:00:00,0.7,729.33333333333,2.800334000224899,639.33333333333,174.0,1234.0,96.0,773.33333333333,627.66666666667,8.6999998092651,24.700000127157,0.2785240371491699
2004-11-20 07:00:00,2004-11-20,07:00:00,1.2,880.25,5.99363775677734,811.5,294.0,928.25,136.0,954.25,1040.25,6.9249999523163,39.400000572205,0.3948006833909275
2004-11-20 08:00:00,2004-11-20,08:00:00,2.0,974.25,11.130611270278596,1019.0,412.0,769.25,177.0,1122.25,1159.0,6.3000000715256,44.849999427795,0.4309542575728817
2004-11-20 09:00:00,2004-11-20,09:00:00,2.8,1085.5,15.259858728740529,1156.75,573.0,674.25,214.0,1237.0,1329.5,7.2249999046326,43.199999809265,0.4416505378966233
2004-11-20 10:00:00,2004-11-20,10:00:00,2.9,1086.5,17.111654050501958,1213.25,661.0,667.75,243.0,1215.5,1401.5,11.900000095367,27.924999713898,0.3881505436661773
2004-11-20 11:00:00,2004-11-20,11:00:00,2.2,932.75,10.332725294089729,990.0,555.0,849.0,192.0,955.75,1103.5,14.75,17.850000143051,0.2977485874064486
2004-11-20 12:00:00,2004-11-20,12:00:00,1.6,852.0,8.487270269306281,919.0,363.0,967.0,149.0,830.75,855.25,14.775000095367,14.349999904633,0.2397459180501823
2004-11-20 13:00:00,2004-11-20,13:00:00,1.5,882.25,10.414090310619091,993.0,302.0,902.0,141.0,940.75,861.75,14.724999904633,15.525000095367,0.2585563095259258
2004-11-20 14:00:00,2004-11-20,14:00:00,1.9,888.25,10.859535166937013,1009.25,340.0,866.25,137.0,937.25,973.0,14.674999952316,16.60000038147,0.2755848636596288
2004-11-20 15:00:00,2004-11-20,15:00:00,1.5,878.25,10.591313617363795,999.5,306.0,880.0,138.0,942.0,935.5,14.825000047684,15.599999904633,0.261456371114816
2004-11-20 16:00:00,2004-11-20,16:00:00,1.8,891.5,11.088721871777622,1017.5,377.0,879.0,149.0,931.25,1008.5,15.25,14.299999713898,0.2461963122561887
2004-11-20 17:00:00,2004-11-20,17:00:00,3.4,1117.25,21.11032972732463,1327.0,625.0,692.25,196.0,1302.0,1475.25,13.474999904633,19.525000095367,0.3003058271863736
2004-11-20 18:00:00,2004-11-20,18:00:00,4.6,1251.5,22.289790459997715,1358.75,870.0,604.0,239.0,1380.0,1764.5,11.075000047684,31.775000095367,0.4186666463612383
2004-11-20 19:00:00,2004-11-20,19:00:00,1.6,1011.5,10.56396553223368,998.5,421.0,785.25,164.0,1057.0,1329.0,10.150000095367,33.39999961853,0.4143134743571923
2004-11-20 20:00:00,2004-11-20,20:00:00,1.2,1024.75,8.406516914528089,915.75,294.0,831.75,149.0,1018.25,1261.75,9.5,35.949999809265,0.4273344280515138
2004-11-20 21:00:00,2004-11-20,21:00:00,1.2,1032.75,7.563761174473438,881.0,339.0,854.5,159.0,999.25,1230.0,8.0249998569489,39.75,0.4286243184046331
2004-11-20 22:00:00,2004-11-20,22:00:00,0.9,1007.5,7.090258051836377,860.75,260.0,858.0,149.0,990.75,1228.75,6.6250001192093,44.125,0.4333455506110925
2004-11-20 23:00:00,2004-11-20,23:00:00,0.7,991.5,7.229194013399055,866.75,256.0,875.5,133.0,996.5,1196.0,6.125,45.22500038147,0.4294702375529395
2004-11-21 00:00:00,2004-11-21,00:00:00,2.5,1187.25,13.91923104013137,1114.0,572.0,699.5,216.0,1192.5,1433.25,5.1749999523163,50.75,0.4519758706040188
2004-11-21 01:00:00,2004-11-21,01:00:00,1.5,1064.75,9.731187323395478,967.5,428.0,808.25,196.0,1058.5,1248.75,4.8749998807907,53.049999237061,0.4629373936377091
2004-11-21 02:00:00,2004-11-21,02:00:00,0.5,888.75,4.93200817992722,760.0,195.0,967.75,120.0,918.75,983.25,5.2749999761581,48.674999237061,0.4364438328627559
2004-11-21 03:00:00,2004-11-21,03:00:00,0.3,900.5,5.076110451362033,767.25,177.5,960.75,110.5,943.75,964.75,4.1500000357628,53.624999046326,0.4454061503994157
2004-11-21 04:00:00,2004-11-21,04:00:00,0.5,875.0,5.633465103186379,794.5,160.0,928.25,101.0,965.0,931.5,3.1499999761581,56.324999809265,0.436839501730276
2004-11-21 05:00:00,2004-11-21,05:00:00,0.1,808.25,2.7526586895578395,636.25,101.0,1120.25,75.0,862.0,769.75,4.1499999761581,52.224999427795,0.4337778325172295
2004-11-21 06:00:00,2004-11-21,06:00:00,0.2,857.75,2.6951462531387347,632.5,97.0,1135.5,73.0,878.0,788.25,3.4749999642372,55.875,0.4431354837131073
2004-11-21 08:00:00,2004-11-21,08:00:00,0.2,862.25,4.872897842883733,757.0,227.0,983.25,116.0,938.25,879.25,1.2999999821186,65.324998855591,0.4457144757960207
2004-11-21 09:00:00,2004-11-21,09:00:00,0.5,877.0,5.602142822993097,793.0,253.0,944.0,132.0,950.75,924.25,3.1999999284744,56.97500038147,0.4434029408586761
2004-11-21 10:00:00,2004-11-21,10:00:00,0.4,941.25,6.429491570907796,831.5,234.0,914.25,125.0,970.0,964.0,7.1750001907349,42.75,0.4355923225451008
2004-11-21 11:00:00,2004-11-21,11:00:00,0.8,982.5,6.753607196696738,846.0,291.0,871.25,148.0,995.5,1055.25,10.325000047684,34.199999809265,0.4291198611761395
2004-11-21 12:00:00,2004-11-21,12:00:00,1.5,1066.75,10.076866943416698,980.5,402.0,755.25,186.0,1104.25,1383.0,10.875000238419,33.775000572205,0.4392661436695054
2004-11-21 13:00:00,2004-11-21,13:00:00,1.9,1099.5,11.20057651167028,1021.5,492.0,751.75,193.0,1101.0,1367.25,12.150000095367,30.049999713898,0.4244852496766026
2004-11-21 14:00:00,2004-11-21,14:00:00,1.1,958.0,8.712610043859888,928.0,351.0,841.0,174.0,986.0,1119.75,13.275000095367,24.275000095367,0.3686173984883495
2004-11-21 15:00:00,2004-11-21,15:00:00,0.3,865.75,4.986459357589333,762.75,160.0,1017.5,106.0,858.5,775.0,15.200000047684,18.724999904633,0.3213631544169744
2004-11-21 16:00:00,2004-11-21,16:00:00,0.9,1018.25,8.178484755708308,906.5,292.0,889.0,127.0,980.5,1149.5,14.900000095367,21.650000095367,0.3645814842219275
2004-11-21 17:00:00,2004-11-21,17:00:00,2.1,1175.0,12.720138818767603,1074.25,537.0,748.25,172.0,1133.5,1528.25,13.100000143051,25.400000095367,0.3814014348630734
2004-11-21 18:00:00,2004-11-21,18:00:00,2.4,1196.75,10.928770146232752,1011.75,607.0,717.0,179.0,1103.25,1655.0,11.650000095367,32.700000286102,0.4472304371024653
2004-11-21 19:00:00,2004-11-21,19:00:00,1.6,1110.25,7.357560374878767,872.25,308.0,821.75,150.0,970.5,1393.0,10.075000047684,34.425000190735,0.4249371492895097
2004-11-21 20:00:00,2004-11-21,20:00:00,1.1,1059.5,6.280933632518836,824.75,277.0,853.5,147.0,967.25,1337.5,9.7999999523163,36.0,0.4364422688756284
2004-11-21 21:00:00,2004-11-21,21:00:00,1.3,1135.5,7.658832618007967,885.0,348.0,806.0,163.0,1006.25,1403.0,7.0500000715256,43.150000572205,0.4360088546215838
2004-11-21 22:00:00,2004-11-21,22:00:00,0.8,1048.75,7.159582352292757,863.75,267.0,818.0,145.0,1009.5,1326.5,5.8750001192093,47.75,0.4458724960480094
2004-11-21 23:00:00,2004-11-21,23:00:00,1.0,1053.0,7.044201699807389,858.75,399.0,809.5,186.0,1007.75,1345.75,5.2750000953674,50.52499961853,0.453031844121625
2004-11-22 00:00:00,2004-11-22,00:00:00,0.3,969.75,4.996386946200936,763.25,163.0,916.75,116.0,930.25,1132.0,5.6499998569489,47.97500038147,0.4412204065483297
2004-11-22 01:00:00,2004-11-22,01:00:00,1.0,1048.5,8.184612613324596,906.75,297.0,794.5,145.0,1038.25,1208.5,3.9000000953674,55.949999809265,0.456843141217516
2004-11-22 02:00:00,2004-11-22,02:00:00,0.4,919.25,4.951779114948694,761.0,212.0,910.75,122.0,941.75,1044.25,3.3250000476837,57.97500038147,0.455078644599544
2004-11-22 03:00:00,2004-11-22,03:00:00,0.1,870.0,3.5296581382548093,684.0,206.5,997.25,115.0,895.25,936.25,3.7249999642372,56.325000762939,0.4544278262326749
2004-11-22 06:00:00,2004-11-22,06:00:00,0.1,896.75,4.205894718223859,722.0,201.0,987.0,108.0,953.25,958.75,3.6500000357628,57.949999809265,0.4651415637111092
2004-11-22 07:00:00,2004-11-22,07:00:00,0.4,987.75,6.849891943840394,850.25,333.0,860.75,149.0,1029.5,1133.0,4.5,54.775000572205,0.4659501841934951
2004-11-22 08:00:00,2004-11-22,08:00:00,2.4,1242.0,16.158072457294086,1184.5,733.0,624.75,232.0,1296.75,1510.75,4.9249999523163,55.750000953674,0.4881539493920575
2004-11-22 09:00:00,2004-11-22,09:00:00,3.1,1492.5,50.67281895217236,1981.0,846.0,448.25,215.0,1566.75,2346.0,5.375,55.050000190735,0.4969592999787369
2004-11-22 10:00:00,2004-11-22,10:00:00,3.1,1393.75,63.74147644829163,2214.0,801.0,411.0,218.0,1628.5,2310.75,6.2250000238419,51.800000190735,0.4952305892779206
2004-11-22 11:00:00,2004-11-22,11:00:00,2.7,1252.0,25.37199454876576,1438.5,884.0,558.75,239.0,1383.25,1797.75,6.8249999284744,49.824999809265,0.4959299878512012
2004-11-22 12:00:00,2004-11-22,12:00:00,2.3,1255.0,20.146902716701224,1300.5,784.0,571.25,224.0,1354.75,1749.5,7.25,50.625,0.5184242743598244
2004-11-22 13:00:00,2004-11-22,13:00:00,3.0,1359.5,23.53492475843005,1391.5,896.0,489.5,235.0,1458.0,1863.0,7.7500001192093,49.025000572205,0.519058361216267
2004-11-22 14:00:00,2004-11-22,14:00:00,3.6,1368.75,25.20345968259216,1434.25,953.0,488.75,237.0,1538.5,1883.25,7.950000166893,49.224999427795,0.5281547510770448
2004-11-22 15:00:00,2004-11-22,15:00:00,3.1,1360.75,21.84079771213806,1346.75,980.0,517.5,239.0,1455.5,1851.0,8.2999999523163,49.300001144409,0.5413924292833421
2004-11-22 16:00:00,2004-11-22,16:00:00,3.5,1410.5,22.75214887000752,1371.0,1058.0,499.5,235.0,1484.0,1919.25,8.5,49.574999809265,0.5516737220090326
2004-11-22 17:00:00,2004-11-22,17:00:00,4.0,1509.25,25.401785694162687,1439.25,1080.0,459.0,199.0,1577.0,2077.5,8.5,52.625,0.5856143163373169
2004-11-22 18:00:00,2004-11-22,18:00:00,6.3,1738.25,38.27486889228936,1734.75,1301.0,365.25,240.0,1917.25,2433.5,8.9250001907349,53.449999809265,0.611741754681424
2004-11-22 19:00:00,2004-11-22,19:00:00,6.9,1765.75,37.591357258604525,1720.25,1345.0,361.25,245.0,1880.75,2515.25,9.0750000476837,53.77499961853,0.6215817105231563
2004-11-22 20:00:00,2004-11-22,20:00:00,6.5,1706.25,33.937647744899,1640.75,1218.0,381.0,239.0,1777.5,2522.25,8.8749997615814,54.200000762939,0.6182814462268896
2004-11-22 21:00:00,2004-11-22,21:00:00,3.3,1472.25,22.35559380069607,1360.5,884.0,461.5,191.0,1454.75,2333.5,8.5499999523163,54.224999427795,0.6054195420857652
2004-11-22 22:00:00,2004-11-22,22:00:00,2.4,1392.0,16.85786787177489,1205.6666666667,650.0,521.33333333333,164.0,1346.6666666667,2198.6666666667,8.5,57.800000508626,0.6432020481169707
2004-11-22 23:00:00,2004-11-22,23:00:00,1.7,1335.0,13.86547383882303,1112.25,444.0,569.5,130.0,1331.25,1861.0,7.7000000476837,71.10000038147,0.7502788033597472
2004-11-23 00:00:00,2004-11-23,00:00:00,1.3,1284.5,11.645646559704057,1037.25,370.0,609.75,121.0,1276.5,1750.75,7.9250000715256,72.499998092651,0.7765900155457153
2004-11-23 01:00:00,2004-11-23,01:00:00,1.1,1266.5,10.81808425216158,1007.75,349.0,627.75,118.0,1263.75,1652.25,7.9500000476837,75.299999237061,0.8079238699920416
2004-11-23 02:00:00,2004-11-23,02:00:00,0.8,1176.0,8.750411205541294,929.5,287.0,678.75,113.0,1215.5,1454.75,8.0250002145767,76.199998855591,0.8216647383095321
2004-11-23 03:00:00,2004-11-23,03:00:00,0.3,1079.25,5.99363775677734,811.5,262.5,781.5,102.5,1158.25,1157.75,7.8000001907349,81.25,0.8631115901761699
2004-11-23 05:00:00,2004-11-23,05:00:00,1.3,1090.75,6.368789264357057,828.75,238.0,754.75,92.0,1177.25,1126.0,8.2000002861023,81.400001525879,0.8879927891817507
2004-11-23 06:00:00,2004-11-23,06:00:00,1.4,1126.25,7.67671485304409,885.75,316.0,712.5,98.0,1225.25,1158.0,8.4500000476837,81.050001144409,0.8989484507552328
2004-11-23 07:00:00,2004-11-23,07:00:00,2.1,1209.5,10.00999079628528,978.0,508.0,666.25,111.0,1331.75,1236.75,8.9499998092651,79.275001525879,0.9088102472742604
2004-11-23 08:00:00,2004-11-23,08:00:00,4.5,1565.25,24.04685972458585,1404.75,920.0,487.5,139.0,1829.75,1695.5,9.5250000953674,77.924999237061,0.9278108284979164
2004-11-23 09:00:00,2004-11-23,09:00:00,5.7,1578.25,27.616627676792813,1494.0,980.0,447.75,160.0,1854.25,1799.75,9.9250001907349,77.625,0.9488231748888588
2004-11-23 10:00:00,2004-11-23,10:00:00,6.6,1701.75,31.471025937017835,1585.0,1188.0,421.5,183.0,1959.5,1967.0,10.700000047684,76.200000762939,0.979798261541378
2004-11-23 11:00:00,2004-11-23,11:00:00,5.0,1552.25,24.095397757186053,1406.0,1045.0,477.75,185.0,1749.0,1862.0,11.774999856949,72.150001525879,0.9947940709137364
2004-11-23 12:00:00,2004-11-23,12:00:00,5.3,1590.25,26.47406209190809,1466.0,999.0,448.25,198.0,1831.0,2003.25,13.275000095367,66.924999237061,1.0162603096058704
2004-11-23 13:00:00,2004-11-23,13:00:00,5.4,1640.0,27.05297463667039,1480.25,955.0,432.0,201.0,1864.75,2040.5,13.799999952316,66.950000762939,1.05132135724624
2004-11-23 14:00:00,2004-11-23,14:00:00,7.3,1768.5,33.1993563577267,1624.25,1189.0,395.5,233.0,2040.75,2201.75,13.875,67.60000038147,1.0666168385359922
2004-11-23 15:00:00,2004-11-23,15:00:00,5.1,1581.0,25.4912485376683,1441.5,933.0,435.25,202.0,1838.5,1966.0,14.150000095367,66.824998855591,1.073016696870637
2004-11-23 16:00:00,2004-11-23,16:00:00,5.3,1658.25,27.134652461566187,1482.25,898.0,418.5,186.0,1893.25,2029.75,14.150000095367,67.75,1.0878695466958974
2004-11-23 17:00:00,2004-11-23,17:00:00,7.3,1820.75,35.412051637349954,1673.25,1201.0,371.25,215.0,2119.25,2200.5,13.625,70.950000762939,1.1017603304580563
2004-11-23 18:00:00,2004-11-23,18:00:00,10.2,1982.25,49.49209268910527,1958.75,1369.0,322.0,227.0,2535.5,2385.5,13.150000095367,72.60000038147,1.0936457934026165
2004-11-23 19:00:00,2004-11-23,19:00:00,11.9,2007.75,50.63282601701136,1980.25,1389.0,324.5,220.0,2562.0,2341.5,12.424999952316,74.699998855591,1.0740803170704272
2004-11-23 20:00:00,2004-11-23,20:00:00,11.5,1917.75,49.43930519584574,1957.75,1358.0,334.5,190.0,2476.5,2236.75,11.5,76.22500038147,1.032431029328667
2004-11-23 21:00:00,2004-11-23,21:00:00,8.3,1692.75,31.678089767584797,1589.75,1189.0,411.5,178.0,1949.25,2024.75,10.400000095367,79.25,0.999263145049216
2004-11-23 22:00:00,2004-11-23,22:00:00,4.7,1495.25,21.77564525483307,1345.0,866.0,467.25,147.0,1649.0,1852.75,10.025000095367,82.5,1.0150392602511245
2004-11-23 23:00:00,2004-11-23,23:00:00,4.0,1448.75,19.80620417878807,1291.0,718.0,481.5,138.0,1580.25,1817.25,10.025000095367,82.599998474121,1.0162695920959488
2004-11-24 00:00:00,2004-11-24,00:00:00,3.9,1439.0,18.615930068623197,1257.25,715.0,494.25,135.0,1570.5,1703.75,10.050000190735,83.549999237061,1.0296422068871904
2004-11-24 01:00:00,2004-11-24,01:00:00,2.8,1270.0,13.43861401891612,1098.25,558.0,571.5,123.0,1419.75,1463.25,9.9500000476837,83.599998474121,1.0235320128088976
2004-11-24 02:00:00,2004-11-24,02:00:00,2.3,1163.0,10.070170786659784,980.25,467.0,653.75,106.0,1327.25,1298.75,10.400000095367,80.824998855591,1.019122303533592
2004-11-24 03:00:00,2004-11-24,03:00:00,1.8,1129.5,8.39412254342013,915.25,381.0,696.75,93.5,1281.0,1204.75,10.599999904633,80.25,1.0251679663515614
2004-11-24 04:00:00,2004-11-24,04:00:00,1.4,1023.25,5.35425120194834,781.0,295.0,808.75,81.0,1195.0,1019.0,10.625,78.774997711182,1.0079674317921747
2004-11-24 05:00:00,2004-11-24,05:00:00,1.0,931.25,3.4359890246922533,678.5,151.0,946.5,66.0,1138.0,866.5,10.450000286102,77.775001525879,0.9838722940985476
2004-11-24 06:00:00,2004-11-24,06:00:00,1.0,953.25,4.104902187828876,716.5,188.0,907.0,64.0,1151.5,910.5,9.75,79.175001144409,0.9567264012501734
2004-11-24 07:00:00,2004-11-24,07:00:00,1.8,1108.25,8.69373563216166,927.25,380.0,717.5,86.0,1314.75,1105.5,9.4750001430511,80.325002670288,0.9532481699148944
2004-11-24 08:00:00,2004-11-24,08:00:00,3.8,1414.25,18.72917902853018,1260.5,717.0,531.75,114.0,1643.5,1479.25,9.75,80.47500038147,0.972435192834942
2004-11-24 09:00:00,2004-11-24,09:00:00,4.2,1423.25,20.97283131106031,1323.25,803.0,496.0,115.0,1727.0,1567.75,10.250000238419,80.25,1.0020014404185529
2004-11-24 10:00:00,2004-11-24,10:00:00,3.6,1352.25,17.72050707929952,1231.25,726.0,538.25,110.0,1605.0,1530.0,11.074999809265,77.224998474121,1.0175147294498477
2004-11-24 11:00:00,2004-11-24,11:00:00,3.3,1302.75,15.13219565446863,1152.75,558.0,574.5,116.0,1519.75,1582.0,13.349999904633,68.849998474121,1.0505215786636668
2004-11-24 12:00:00,2004-11-24,12:00:00,2.0,1102.75,8.775650731240786,930.5,427.0,711.25,162.0,1293.25,1235.25,15.14999961853,58.324999809265,0.9978316094582882
2004-11-24 13:00:00,2004-11-24,13:00:00,2.0,1137.75,9.724590097455224,967.25,317.0,694.75,104.0,1332.0,1195.25,15.575000286102,56.199999809265,0.9876053496401852
2004-11-24 14:00:00,2004-11-24,14:00:00,2.9,1278.0,14.39923071354186,1129.5,436.0,580.0,129.0,1506.25,1470.75,15.425000190735,59.60000038147,1.037498417258509
2004-11-24 15:00:00,2004-11-24,15:00:00,2.7,1291.5,14.744076064613948,1140.5,490.0,555.75,146.0,1497.5,1582.0,14.575000047684,63.699999809265,1.0508306347899188
2004-11-24 16:00:00,2004-11-24,16:00:00,3.4,1373.5,17.414946178036452,1222.25,602.0,516.25,160.0,1582.0,1671.0,13.724999904633,66.75,1.043177587864794
2004-11-24 17:00:00,2004-11-24,17:00:00,4.5,1463.5,22.27100469663308,1358.25,732.0,476.5,169.0,1719.25,1710.75,12.275000095367,72.549999237061,1.033133610598957
2004-11-24 18:00:00,2004-11-24,18:00:00,6.1,1562.25,30.26222793790552,1557.0,865.0,427.0,167.0,1916.0,1851.5,10.849999904633,77.175001144409,1.0020794047636543
2004-11-24 19:00:00,2004-11-24,19:00:00,6.8,1592.0,33.310773530623656,1626.75,936.0,401.25,166.0,1957.25,1901.75,10.200000047684,80.375001907349,1.00028600799825
2004-11-24 20:00:00,2004-11-24,20:00:00,8.4,1669.25,36.009283819507864,1686.25,1074.0,384.25,181.0,2065.75,1961.0,10.075000047684,79.349998474121,0.9794847337951462
2004-11-24 21:00:00,2004-11-24,21:00:00,5.3,1428.75,23.882142649010465,1400.5,812.0,474.5,144.0,1698.0,1689.25,9.9749999046326,76.075002670288,0.9329288040971828
2004-11-24 22:00:00,2004-11-24,22:00:00,4.5,1353.5,19.0267517629226,1269.0,773.0,506.25,141.0,1529.5,1580.25,8.5750000476837,82.25,0.9198377927332496
2004-11-24 23:00:00,2004-11-24,23:00:00,4.1,1311.25,16.752370054666,1202.5,761.0,542.0,123.0,1447.5,1428.25,7.6750000715256,84.299997329712,0.8880914491947217
2004-11-25 00:00:00,2004-11-25,00:00:00,4.0,1311.25,17.50807157143983,1225.0,781.0,537.5,121.0,1463.5,1433.5,7.1499998569489,84.125,0.855743297030752
2004-11-25 01:00:00,2004-11-25,01:00:00,4.0,1292.0,17.372686467446645,1221.0,743.0,546.75,114.0,1437.25,1388.75,6.6500000953674,83.249998092651,0.8189591532668828
2004-11-25 02:00:00,2004-11-25,02:00:00,3.0,1091.0,11.298841672134818,1025.0,533.0,666.0,93.0,1262.25,1130.25,5.9750000238419,82.97500038147,0.7800330734788045
2004-11-25 03:00:00,2004-11-25,03:00:00,2.1,1009.0,8.712610043859888,928.0,494.5,753.75,91.0,1165.75,982.75,5.0999999046326,83.950000762939,0.7438598439052329
2004-11-25 04:00:00,2004-11-25,04:00:00,2.2,1050.0,9.4231828476455,955.75,456.0,724.75,89.0,1162.25,1025.0,4.2749999761581,85.374998092651,0.7151967722206728
2004-11-25 05:00:00,2004-11-25,05:00:00,2.2,1053.25,9.397164889581603,954.75,486.0,710.25,94.0,1153.5,1049.75,4.0,85.650001525879,0.7041493086743985
2004-11-25 06:00:00,2004-11-25,06:00:00,2.0,1015.75,9.132251648807031,944.5,498.0,724.0,93.0,1147.0,1037.75,4.0,84.449998855591,0.6942837974585532
2004-11-25 07:00:00,2004-11-25,07:00:00,2.2,1056.75,10.707879077577324,1003.75,585.0,701.75,100.0,1204.25,1079.5,3.9750000238419,83.10000038147,0.6820182851840322
2004-11-25 08:00:00,2004-11-25,08:00:00,4.0,1309.0,21.331123414716235,1333.0,911.0,536.75,127.0,1555.0,1411.0,4.4499999284744,81.27499961853,0.689024243820387
2004-11-25 09:00:00,2004-11-25,09:00:00,4.8,1314.75,22.88499399981727,1374.5,845.0,526.0,137.0,1575.75,1548.5,6.7250001430511,72.625001907349,0.7180398458668249
2004-11-25 10:00:00,2004-11-25,10:00:00,4.6,1315.25,20.11991542874835,1299.75,807.0,546.5,190.0,1530.75,1659.0,10.0,63.424998283386,0.7790731477688619
2004-11-25 11:00:00,2004-11-25,11:00:00,2.8,1110.5,11.767009701937964,1041.5,603.0,681.5,171.0,1256.5,1434.0,13.600000143051,48.675000190735,0.7546530419363102
2004-11-25 12:00:00,2004-11-25,12:00:00,2.1,1086.5,10.611844460473735,1000.25,391.0,705.75,127.0,1251.25,1309.75,14.599999904633,46.52499961853,0.7687202839421915
2004-11-25 13:00:00,2004-11-25,13:00:00,2.0,1104.3333333333,11.392767539675605,1028.3333333333,279.0,696.0,109.0,1262.6666666667,1227.3333333333,15.433333396912,42.966667175293,0.7483436265859463
2004-11-25 14:00:00,2004-11-25,14:00:00,2.5,1142.25,12.838714944132592,1078.25,358.0,669.5,126.0,1255.75,1260.75,16.425000190735,38.199999809265,0.7081040235400908
2004-11-25 15:00:00,2004-11-25,15:00:00,2.5,1163.5,13.378099027683405,1096.25,403.0,662.25,136.0,1310.5,1261.25,16.775000095367,37.625000953674,0.7128827372812372
2004-11-25 16:00:00,2004-11-25,16:00:00,2.8,1214.0,14.235873413022327,1124.25,465.0,658.5,156.0,1301.75,1344.75,16.77499961853,36.650000572205,0.6944093365765817
2004-11-25 17:00:00,2004-11-25,17:00:00,4.0,1369.25,21.803557575318216,1345.75,707.0,558.25,187.0,1536.5,1607.5,15.350000143051,41.275000572205,0.7151113921962485
2004-11-25 18:00:00,2004-11-25,18:00:00,4.5,1368.25,21.377245330264945,1334.25,660.0,528.5,173.0,1546.75,1653.0,13.824999809265,48.949999809265,0.7698923251417576
2004-11-25 19:00:00,2004-11-25,19:00:00,3.1,1226.0,15.387978763390306,1160.75,402.0,606.0,137.0,1367.75,1441.75,13.300000190735,50.925000190735,0.7745377191306289
2004-11-25 20:00:00,2004-11-25,20:00:00,2.6,1225.0,14.539883225021017,1134.0,350.0,614.0,122.0,1351.75,1420.75,11.549999952316,57.299999237061,0.7786196909188307
2004-11-25 21:00:00,2004-11-25,21:00:00,2.6,1190.0,11.390415353631733,1028.25,355.0,654.25,129.0,1286.75,1329.25,10.674999952316,59.77499961853,0.767350058709161
2004-11-25 22:00:00,2004-11-25,22:00:00,2.0,1128.25,7.760400228527269,889.25,296.0,742.75,110.0,1159.75,1212.25,9.9750001430511,61.774998664856,0.7575639106774034
2004-11-25 23:00:00,2004-11-25,23:00:00,1.8,1104.5,7.60529263256302,882.75,266.0,746.75,102.0,1179.75,1179.25,9.875,62.099999427795,0.7565748403895568
2004-11-26 00:00:00,2004-11-26,00:00:00,2.5,1151.5,9.507952908441492,959.0,373.0,688.75,114.0,1231.5,1231.0,9.2749998569489,64.499999046326,0.7554405183371696
2004-11-26 01:00:00,2004-11-26,01:00:00,2.3,1140.5,9.711401368340608,966.75,417.0,697.75,117.0,1245.0,1214.25,9.0999999046326,65.699998855591,0.7606746757199179
2004-11-26 02:00:00,2004-11-26,02:00:00,2.1,1121.0,8.050252104073985,901.25,308.0,712.25,98.0,1215.25,1134.0,8.8500001430511,71.824998855591,0.8179855430356222
2004-11-26 03:00:00,2004-11-26,03:00:00,1.5,1042.5,5.860115705535284,805.25,252.0,798.25,87.5,1154.5,992.0,9.0749998092651,72.924999237061,0.842935292881063
2004-11-26 05:00:00,2004-11-26,05:00:00,1.2,982.0,4.770186875228047,751.75,196.0,844.0,77.0,1152.5,897.0,8.9750001430511,77.27499961853,0.887344784472145
2004-11-26 06:00:00,2004-11-26,06:00:00,1.0,974.0,4.591495033754221,742.5,203.0,863.5,75.0,1154.5,884.5,9.0999999046326,77.25,0.8944006046107116
2004-11-26 07:00:00,2004-11-26,07:00:00,1.7,1117.75,8.381735969623461,914.75,393.0,730.75,95.0,1289.25,1059.25,9.2749998569489,76.89999961853,0.9006725028046264
2004-11-26 08:00:00,2004-11-26,08:00:00,4.3,1507.75,23.05627912378712,1379.0,864.0,495.5,137.0,1766.5,1566.75,9.9500000476837,74.97500038147,0.917934383390558
2004-11-26 09:00:00,2004-11-26,09:00:00,5.8,1520.75,26.625889760851624,1469.75,960.0,456.25,149.0,1857.25,1726.5,10.575000047684,72.700000762939,0.927205862497941
2004-11-26 10:00:00,2004-11-26,10:00:00,5.6,1562.25,26.131290837657744,1457.5,1056.0,458.0,197.0,1770.0,2020.75,12.425000190735,64.75,0.9310134225368232
2004-11-26 11:00:00,2004-11-26,11:00:00,4.0,1392.0,16.412828604275592,1192.25,856.0,542.5,183.0,1508.0,1795.25,13.674999952316,59.925000190735,0.9335318467775852
2004-11-26 12:00:00,2004-11-26,12:00:00,4.0,1438.5,18.94778792993442,1266.75,854.0,522.0,179.0,1586.25,1851.5,14.850000143051,56.97500038147,0.95641515524399
2004-11-26 13:00:00,2004-11-26,13:00:00,4.9,1538.5,22.74267255114603,1370.75,854.0,487.5,196.0,1712.25,1942.75,15.475000143051,56.199999809265,0.9814012643077472
2004-11-26 14:00:00,2004-11-26,14:00:00,5.6,1608.0,27.15508831819855,1482.75,949.0,446.0,208.0,1844.75,2057.5,15.799999952316,56.25,1.002583482073583
2004-11-26 15:00:00,2004-11-26,15:00:00,5.1,1588.75,24.11482465261717,1406.5,932.0,555.5,203.0,1756.5,1971.5,15.75,57.925000190735,1.0291958434337232
2004-11-26 16:00:00,2004-11-26,16:00:00,6.2,1704.0,29.136830097329863,1530.5,1071.0,507.25,213.0,1903.5,2097.5,15.699999809265,58.900000572205,1.0432316641723247
2004-11-26 17:00:00,2004-11-26,17:00:00,7.7,1821.5,35.97471240872092,1685.5,1134.0,387.0,233.0,2077.0,2243.75,15.450000047684,61.199998855591,1.0670314245446608
2004-11-26 18:00:00,2004-11-26,18:00:00,10.1,1956.0,45.24362184824137,1876.75,1389.0,347.25,255.0,2338.0,2465.0,15.500000238419,62.77499961853,1.097947065838035
2004-11-26 19:00:00,2004-11-26,19:00:00,6.4,1676.25,30.713161327984057,1567.5,866.0,443.5,170.0,1982.5,2095.5,15.575000047684,64.85000038147,1.1396122163050202
2004-11-26 20:00:00,2004-11-26,20:00:00,7.7,1833.75,37.70882937137427,1722.75,947.0,399.5,167.0,2204.25,2190.25,15.050000190735,67.025001525879,1.1394478739503766
2004-11-26 21:00:00,2004-11-26,21:00:00,8.1,1759.25,31.61263865087512,1588.25,1155.0,437.25,205.0,1971.25,2234.25,14.575000047684,67.674999237061,1.116404436744513
2004-11-26 22:00:00,2004-11-26,22:00:00,4.7,1518.25,19.8598339441622,1292.5,798.0,514.75,170.0,1601.5,2048.25,13.75,67.77499961853,1.0608873370180754
2004-11-26 23:00:00,2004-11-26,23:00:00,4.3,1502.0,18.555071186008306,1255.5,696.0,559.5,154.0,1568.25,2043.5,13.424999952316,68.999998092651,1.057872894705718
2004-11-27 00:00:00,2004-11-27,00:00:00,4.1,1499.0,16.91072262970474,1207.25,654.0,748.0,143.0,1529.5,1880.5,12.950000047684,73.675001144409,1.095699467781711
2004-11-27 01:00:00,2004-11-27,01:00:00,4.2,1530.5,17.95973037295499,1238.25,685.0,619.0,140.0,1582.5,1774.0,12.700000286102,77.474998474121,1.1338639942568198
2004-11-27 02:00:00,2004-11-27,02:00:00,3.8,1424.0,14.878242654505954,1144.75,574.0,641.25,122.0,1481.5,1614.75,12.424999952316,78.374998092651,1.1269216076493695
2004-11-27 03:00:00,2004-11-27,03:00:00,2.7,1279.25,10.224662143952829,986.0,446.5,756.0,112.5,1361.5,1473.0,11.899999856949,79.675001144409,1.107462662528456
2004-11-27 04:00:00,2004-11-27,04:00:00,2.4,1250.25,9.05532769248143,941.5,319.0,754.5,103.0,1323.25,1379.5,11.875,80.700000762939,1.119898775540258
2004-11-27 05:00:00,2004-11-27,05:00:00,2.0,1188.5,7.299092625761445,869.75,263.0,820.75,97.0,1271.5,1250.5,13.200000047684,75.825000762939,1.1458914013568586
2004-11-27 06:00:00,2004-11-27,06:00:00,1.7,1197.0,7.563761174473438,881.0,320.0,820.25,99.0,1295.25,1173.0,12.299999952316,81.85000038147,1.1674480963423195
2004-11-27 07:00:00,2004-11-27,07:00:00,2.1,1273.25,9.15795459328947,945.5,439.0,728.75,110.0,1348.75,1216.75,12.799999952316,80.77499961853,1.1897797536939805
2004-11-27 08:00:00,2004-11-27,08:00:00,2.5,1297.75,11.081746852795824,1017.25,398.0,727.0,110.0,1417.75,1192.5,13.724999904633,76.349998474121,1.1932075991268052
2004-11-27 09:00:00,2004-11-27,09:00:00,3.8,1452.5,16.338692140528853,1190.0,637.0,583.0,121.0,1644.0,1357.75,13.449999809265,78.824998855591,1.2104381223202945
2004-11-27 10:00:00,2004-11-27,10:00:00,3.9,1491.5,17.763125201220774,1232.5,699.0,561.0,122.0,1671.75,1480.75,13.775000095367,77.824998855591,1.2201451779813877
2004-11-27 11:00:00,2004-11-27,11:00:00,4.2,1481.25,16.73573832040316,1202.0,699.0,767.5,136.0,1638.75,1531.5,15.050000190735,73.174999237061,1.24399993150013
2004-11-27 12:00:00,2004-11-27,12:00:00,4.0,1523.5,17.601408620175995,1227.75,707.0,853.0,170.0,1645.5,1675.0,15.800000429153,70.450000762939,1.255680163473449
2004-11-27 13:00:00,2004-11-27,13:00:00,4.4,1561.75,19.405953728009944,1279.75,743.0,479.25,156.0,1711.25,1709.25,15.350000143051,73.300001144409,1.26996160241518
2004-11-27 14:00:00,2004-11-27,14:00:00,4.7,1567.0,20.11991542874835,1299.75,745.0,472.75,158.0,1752.75,1742.5,15.625,71.449998855591,1.2595547068676265
2004-11-27 15:00:00,2004-11-27,15:00:00,4.6,1567.75,19.414810317786973,1280.0,741.0,478.75,174.0,1703.0,1774.0,16.250000476837,68.699998855591,1.2595861321488884
2004-11-27 16:00:00,2004-11-27,16:00:00,4.8,1621.75,20.54448634722028,1311.5,765.0,477.0,187.0,1726.5,1803.75,16.449999809265,68.200000762939,1.2661873412391034
2004-11-27 17:00:00,2004-11-27,17:00:00,4.5,1515.0,18.68558708344802,1259.25,632.0,507.75,147.0,1695.0,1554.75,15.625000238419,70.224998474121,1.237959833626589
2004-11-27 18:00:00,2004-11-27,18:00:00,5.6,1603.0,24.51454576201699,1416.75,808.0,458.75,136.0,1871.0,1620.75,14.200000286102,75.75,1.22020125301367
2004-11-27 19:00:00,2004-11-27,19:00:00,4.9,1514.0,21.349567084552493,1333.5,703.0,489.0,134.0,1754.75,1613.75,14.0,74.60000038147,1.1864776085401645
2004-11-27 20:00:00,2004-11-27,20:00:00,5.3,1567.0,23.53492475843005,1391.5,764.0,469.75,126.0,1820.75,1637.0,13.275000333786,75.77499961853,1.1506481378534843
2004-11-27 21:00:00,2004-11-27,21:00:00,4.6,1379.75,15.452209964915284,1162.75,667.0,573.0,130.0,1546.75,1484.5,13.724999904633,72.47500038147,1.1326486303886427
2004-11-27 22:00:00,2004-11-27,22:00:00,2.4,1213.75,9.850263360273429,972.0,355.0,662.75,98.0,1358.5,1280.25,12.775000095367,73.799999237061,1.085296984628713
2004-11-27 23:00:00,2004-11-27,23:00:00,2.7,1225.0,10.103670544085142,981.5,359.0,655.5,89.0,1357.5,1236.0,11.225000143051,78.274997711182,1.04145013932389
2004-11-28 00:00:00,2004-11-28,00:00:00,2.5,1249.5,10.292144855986232,988.5,327.0,664.5,88.0,1342.5,1204.25,10.575000047684,79.449998855591,1.013294414598031
2004-11-28 01:00:00,2004-11-28,01:00:00,2.3,1143.25,7.575617411398994,881.5,289.0,737.5,86.0,1259.75,1068.5,10.799999952316,77.474998474121,1.002704503747498
2004-11-28 03:00:00,2004-11-28,03:00:00,1.3,953.0,4.205894718223859,722.0,138.0,911.0,70.0,1148.0,827.5,10.325000047684,77.64999961853,0.9743028433469162
2004-11-28 04:00:00,2004-11-28,04:00:00,1.0,912.66666666667,3.112591165001961,659.0,86.0,1010.0,55.0,1121.3333333333,747.66666666667,10.266666412354,74.899998982747,0.9362209568990112
2004-11-28 05:00:00,2004-11-28,05:00:00,0.9,857.75,1.6160243102724736,554.25,60.0,1207.0,45.0,1046.5,663.25,11.200000286102,68.950000762939,0.9158926481074092
2004-11-28 06:00:00,2004-11-28,06:00:00,0.7,848.0,1.687268997808763,560.0,62.0,1206.25,44.0,1045.25,644.0,8.9000000953674,77.050001144409,0.8803926039452334
2004-11-28 07:00:00,2004-11-28,07:00:00,0.8,871.25,1.5400756914672522,548.0,73.0,1197.0,50.0,1025.0,661.75,9.5000002384186,73.349998474121,0.8719048763022879
2004-11-28 08:00:00,2004-11-28,08:00:00,1.0,908.75,2.559235093960845,623.5,157.0,1055.75,74.0,1072.5,736.0,8.5500001907349,77.175001144409,0.8616552343673344
2004-11-28 09:00:00,2004-11-28,09:00:00,1.1,906.25,2.7680827057444795,637.25,166.0,1024.0,81.0,1070.0,761.25,8.5999999046326,76.64999961853,0.8586295455531434
2004-11-28 10:00:00,2004-11-28,10:00:00,0.8,858.5,1.856401197258284,573.25,98.0,1126.0,65.0,1039.0,695.5,9.6500000953674,72.049999237061,0.8649338647937035
2004-11-28 11:00:00,2004-11-28,11:00:00,1.4,1027.5,5.181562928768256,772.5,153.0,877.25,76.0,1194.25,870.5,11.075000047684,68.150001525879,0.8979428010297065
2004-11-28 12:00:00,2004-11-28,12:00:00,2.2,1088.75,6.512662727014059,835.25,307.0,777.5,110.0,1215.5,1003.5,11.774999856949,65.025001525879,0.896555573264945
2004-11-28 13:00:00,2004-11-28,13:00:00,2.7,1184.0,9.3841674128223,954.25,416.0,701.0,124.0,1313.25,1133.25,12.125,64.77499961853,0.9135345775038982
2004-11-28 14:00:00,2004-11-28,14:00:00,2.3,1136.25,8.153992895574259,905.5,346.0,728.5,120.0,1274.0,1140.25,12.625000238419,63.22500038147,0.9208614069782652
2004-11-28 15:00:00,2004-11-28,15:00:00,1.9,1068.75,6.941043175885108,854.25,252.0,779.75,99.0,1241.5,998.75,13.449999809265,61.949999809265,0.9513053287098218
2004-11-28 16:00:00,2004-11-28,16:00:00,2.7,1214.0,8.562103762401971,922.0,326.0,740.75,117.0,1273.25,1123.5,13.25,63.299999237061,0.9596773158431952
2004-11-28 17:00:00,2004-11-28,17:00:00,3.2,1211.75,8.649763222680718,925.5,490.0,720.25,132.0,1282.75,1193.0,11.174999713898,70.925001144409,0.9405987205384788
2004-11-28 18:00:00,2004-11-28,18:00:00,3.2,1217.5,10.09026494939418,981.0,452.0,676.5,113.0,1335.25,1258.0,9.6499998569489,76.5,0.9183544805201216
2004-11-28 19:00:00,2004-11-28,19:00:00,3.5,1278.5,12.572578807441328,1069.25,542.0,627.75,117.0,1417.75,1356.0,9.8750002384186,76.300001144409,0.9295758876291788
2004-11-28 20:00:00,2004-11-28,20:00:00,4.5,1382.0,16.53670720053285,1196.0,605.0,572.5,127.0,1543.0,1468.25,10.375,74.625,0.93941113533802
2004-11-28 21:00:00,2004-11-28,21:00:00,4.1,1292.0,13.039874732903334,1085.0,577.0,619.75,132.0,1438.25,1390.25,10.274999856949,75.14999961853,0.9398577771771952
2004-11-28 22:00:00,2004-11-28,22:00:00,3.3,1249.5,12.119817295667168,1053.75,491.0,634.25,121.0,1406.75,1347.5,10.350000143051,75.35000038147,0.9469897115161032
2004-11-28 23:00:00,2004-11-28,23:00:00,3.1,1260.25,11.425719882766227,1029.5,492.0,638.5,122.0,1378.25,1354.75,10.5,75.375001907349,0.9566291902770698
2004-11-29 00:00:00,2004-11-29,00:00:00,3.0,1202.75,10.285388069339872,988.25,412.0,657.75,113.0,1350.0,1314.5,10.200000047684,78.400001525879,0.9757066586919454
2004-11-29 01:00:00,2004-11-29,01:00:00,2.3,1145.75,8.00770000240378,899.5,283.0,718.25,99.0,1280.25,1183.25,9.9250001907349,80.499998092651,0.9839647506449752
2004-11-29 02:00:00,2004-11-29,02:00:00,2.3,1129.5,8.074610745890912,902.25,280.0,715.25,86.0,1289.0,1116.75,9.7750000953674,81.425001144409,0.9855299613327848
2004-11-29 03:00:00,2004-11-29,03:00:00,1.7,1032.0,4.872897842883733,757.0,218.0,837.0,76.0,1181.5,1000.75,9.4749999046326,81.675001144409,0.9692691137264136
2004-11-29 04:00:00,2004-11-29,04:00:00,1.5,993.25,4.159859302225085,719.5,156.0,890.75,66.0,1143.0,924.75,8.9000000953674,83.024997711182,0.9486644106662488
2004-11-29 05:00:00,2004-11-29,05:00:00,1.3,986.75,4.917202113783631,759.25,166.0,856.25,67.0,1162.0,940.0,8.8499999046326,83.674999237061,0.9529403369627109
2004-11-29 06:00:00,2004-11-29,06:00:00,1.4,1017.5,5.738409861607065,799.5,225.0,820.5,78.0,1185.25,956.25,8.7499997615814,84.199998855591,0.952605477580025
2004-11-29 07:00:00,2004-11-29,07:00:00,2.0,1129.0,9.817124758804075,970.75,325.0,707.0,90.0,1315.25,1064.0,8.7249999046326,83.699998855591,0.9453853686183452
2004-11-29 08:00:00,2004-11-29,08:00:00,4.2,1439.5,20.553560815590878,1311.75,760.0,536.5,120.0,1656.75,1515.25,9.625,80.825000762939,0.9686828921129226
2004-11-29 09:00:00,2004-11-29,09:00:00,5.9,1608.5,29.538183335980197,1540.0,948.0,486.0,139.0,1961.0,1802.75,11.275000095367,75.27499961853,1.0047917437532332
2004-11-29 10:00:00,2004-11-29,10:00:00,6.3,1573.25,28.299541031454783,1510.5,1044.0,531.25,172.0,1916.25,1926.75,13.75,68.475001335144,1.0718445182976997
2004-11-29 11:00:00,2004-11-29,11:00:00,6.6,1705.25,30.487339197770343,1562.25,1172.0,473.0,232.0,1987.5,2196.75,14.900000095367,64.89999961853,1.0929024518567836
2004-11-29 12:00:00,2004-11-29,12:00:00,5.0,1551.25,22.97056849706705,1376.75,1000.0,563.75,168.0,1734.25,2037.75,15.275000095367,63.200000762939,1.0898031317604644
2004-11-29 13:00:00,2004-11-29,13:00:00,2.5,1162.5,11.053865490184924,1016.25,366.0,781.25,120.0,1363.0,1338.75,18.625,49.050000190735,1.0424551959282216
2004-11-29 14:00:00,2004-11-29,14:00:00,2.6,1185.75,12.801609521790525,1077.0,346.0,796.75,121.0,1404.25,1328.0,18.599999904633,49.250000953674,1.0450927453598282
2004-11-29 15:00:00,2004-11-29,15:00:00,1.9,1165.75,10.79738414281125,1007.0,289.0,774.75,117.0,1390.5,1227.25,18.374999523163,49.949999809265,1.045323623104876
2004-11-29 16:00:00,2004-11-29,16:00:00,2.3,1200.0,11.355157414476496,1027.0,316.0,759.5,121.0,1415.5,1199.0,17.949999809265,51.449999809265,1.0487668606040537
2004-11-29 17:00:00,2004-11-29,17:00:00,1.9,1134.25,8.080705308155137,902.5,238.0,820.75,107.0,1299.25,1045.75,18.0,51.949999809265,1.062244754685783
2004-11-29 18:00:00,2004-11-29,18:00:00,2.3,1160.75,10.04340513884873,979.25,267.0,757.5,115.0,1375.25,1132.25,16.72500038147,57.25,1.0813348881922928
2004-11-29 19:00:00,2004-11-29,19:00:00,1.8,1117.25,7.322455859811446,870.75,182.0,781.25,94.0,1320.25,985.5,17.275000095367,56.974999427795,1.1137015395625631
2004-11-29 20:00:00,2004-11-29,20:00:00,1.9,1114.25,7.345850917150339,871.75,197.0,857.0,98.0,1309.5,991.25,16.75,58.72500038147,1.1109288156466186
2004-11-29 21:00:00,2004-11-29,21:00:00,1.4,1021.5,4.620274381419234,744.0,149.0,1224.0,87.0,1209.5,846.5,16.5,59.175000190735,1.1020753847265763
2004-11-29 22:00:00,2004-11-29,22:00:00,1.2,996.25,3.986899272938557,710.0,124.0,1699.25,78.0,1182.0,783.0,16.250000476837,59.675001144409,1.0941165229924803
2004-11-29 23:00:00,2004-11-29,23:00:00,1.0,1001.5,3.879278572342914,704.0,105.0,1472.25,69.0,1202.25,752.25,16.024999856949,61.550001144409,1.1126726481513232
2004-11-30 00:00:00,2004-11-30,00:00:00,1.2,1032.25,3.5941382910062885,687.75,109.0,1514.25,67.0,1199.75,737.25,15.649999856949,66.625,1.1763476738457854
2004-11-30 01:00:00,2004-11-30,01:00:00,1.4,1052.0,5.051139066879943,766.0,169.0,1031.0,81.0,1301.75,796.0,13.799999713898,80.375,1.2621352029999346
2004-11-30 02:00:00,2004-11-30,02:00:00,1.2,1013.75,4.481885361504611,736.75,124.0,1509.0,75.0,1287.75,765.0,13.225000143051,84.425001144409,1.2779016183373366
2004-11-30 03:00:00,2004-11-30,03:00:00,0.8,896.5,1.9518462020878005,580.5,87.0,1183.75,58.5,1181.0,635.5,13.600000143051,82.849998474121,1.2844992938451998
2004-11-30 04:00:00,2004-11-30,04:00:00,0.6,877.75,1.197502764718959,518.0,50.0,1293.75,42.0,1148.75,539.25,13.799999952316,81.300001144409,1.2766605910865834
2004-11-30 05:00:00,2004-11-30,05:00:00,0.6,840.0,1.3785107421694542,534.25,47.0,1267.5,38.0,1109.0,483.25,13.625,75.47500038147,1.1720276316761766
2004-11-30 06:00:00,2004-11-30,06:00:00,0.7,879.25,1.8825269875038075,575.25,110.0,1261.5,64.0,1111.0,536.75,11.5,81.39999961853,1.102523909123414
2004-11-30 07:00:00,2004-11-30,07:00:00,1.1,998.5,3.637401245814188,690.25,193.0,1027.25,86.0,1192.25,706.75,11.849999904633,80.699998855591,1.1180902127312793
2004-11-30 08:00:00,2004-11-30,08:00:00,2.5,1251.0,11.012099605331478,1014.75,475.0,750.75,127.0,1452.75,1070.0,12.349999904633,78.85000038147,1.1282877386819028
2004-11-30 09:00:00,2004-11-30,09:00:00,3.6,1350.75,17.52502620584379,1225.5,420.0,648.25,122.0,1649.0,1248.25,12.975000143051,75.97500038147,1.131718810345985
2004-11-30 10:00:00,2004-11-30,10:00:00,3.6,1312.0,15.921292035641551,1177.25,439.0,710.75,141.0,1588.25,1261.25,13.724999904633,70.875,1.1076436185755398
2004-11-30 11:00:00,2004-11-30,11:00:00,3.3,1201.25,13.431043277829003,1098.0,461.0,763.25,139.0,1500.0,1209.0,13.950000286102,70.924999237061,1.124441418385356
2004-11-30 12:00:00,2004-11-30,12:00:00,2.0,1119.5,8.813568113776512,932.0,238.0,896.75,105.0,1300.75,1038.5,14.600000143051,65.850001335144,1.088022201062606
2004-11-30 13:00:00,2004-11-30,13:00:00,1.9,1071.0,9.410170035043503,955.25,232.0,940.0,103.0,1311.25,976.75,14.875000238419,59.85000038147,1.0062679251486877
2004-11-30 14:00:00,2004-11-30,14:00:00,2.2,1084.75,9.71799477904004,967.0,241.0,942.5,108.0,1320.75,975.75,14.900000095367,58.425000190735,0.9838648125347031
2004-11-30 15:00:00,2004-11-30,15:00:00,2.2,1112.5,10.070170786659784,980.25,278.0,984.0,109.0,1310.75,995.25,15.250000238419,54.349999427795,0.935718174782104
2004-11-30 16:00:00,2004-11-30,16:00:00,3.8,1309.75,20.16490280922038,1301.0,496.0,745.75,149.0,1694.0,1350.0,14.625,56.60000038147,0.9366707357351396
2004-11-30 17:00:00,2004-11-30,17:00:00,3.5,1182.75,14.150622610386955,1121.5,464.0,896.5,143.0,1475.75,1215.0,12.625,61.974999427795,0.9026553412615594
2004-11-30 18:00:00,2004-11-30,18:00:00,5.2,1361.5,22.818530219642568,1372.75,600.0,755.25,159.0,1697.75,1460.75,11.924999952316,62.299999237061,0.8673546745688252
2004-11-30 19:00:00,2004-11-30,19:00:00,6.3,1408.3333333333,27.96064452350649,1502.3333333333,692.0,640.0,178.0,1843.0,1598.0,11.633333206177,64.333332061768,0.8789232816253749
2004-11-30 20:00:00,2004-11-30,20:00:00,6.8,1471.25,30.34790073754928,1559.0,731.0,605.25,168.0,1938.75,1668.5,11.5,67.97500038147,0.9206887407181694
2004-11-30 21:00:00,2004-11-30,21:00:00,4.1,1157.25,12.39647667432799,1063.25,491.0,905.25,160.0,1394.0,1223.0,10.700000047684,73.899997711182,0.9502242593223724
2004-11-30 22:00:00,2004-11-30,22:00:00,2.3,1061.0,8.00162898062799,899.25,284.0,1067.25,117.0,1276.5,939.0,9.5500001907349,83.0,0.989861050656328
2004-11-30 23:00:00,2004-11-30,23:00:00,1.9,1005.5,6.534918634306473,836.25,245.0,1226.0,113.0,1209.75,901.75,9.625,79.925001144409,0.9578964494881312
2004-12-01 00:00:00,2004-12-01,00:00:00,2.2,1039.25,7.534155226996669,879.75,273.0,1197.75,113.0,1251.0,933.0,9.8000001907349,79.400001525879,0.9625977043508386
2004-12-01 01:00:00,2004-12-01,01:00:00,1.3,885.5,3.781731313612756,698.5,157.0,1900.0,94.0,1106.0,765.5,10.125,75.27499961853,0.9322295504450664
2004-12-01 02:00:00,2004-12-01,02:00:00,1.2,900.25,3.830372555883701,701.25,117.0,1955.25,76.0,1126.75,748.75,9.1499996185303,80.049999237061,0.9298783088530568
2004-12-01 03:00:00,2004-12-01,03:00:00,0.9,855.5,3.0278593859425342,653.75,108.5,2042.25,69.5,1100.25,708.5,8.7000000476837,82.424999237061,0.929447117132696
2004-12-01 05:00:00,2004-12-01,05:00:00,0.6,843.75,2.4813419346402656,618.25,100.0,2095.25,63.0,1063.5,756.5,8.3499999046326,80.424999237061,0.8861263716002815
2004-12-01 06:00:00,2004-12-01,06:00:00,0.9,926.5,3.314161113142046,671.25,135.0,2009.25,74.0,1097.75,791.75,8.9249997138977,79.22500038147,0.9067397454746814
2004-12-01 07:00:00,2004-12-01,07:00:00,1.4,1006.5,7.004007405520964,857.0,301.0,1698.75,96.0,1248.25,921.0,8.6749999523163,80.800001144409,0.9096184778340208
2004-12-01 08:00:00,2004-12-01,08:00:00,3.4,1317.75,18.12283873003841,1243.0,641.0,1260.75,121.0,1637.5,1318.25,9.0499999523163,79.75,0.9203067016279864
2004-12-01 09:00:00,2004-12-01,09:00:00,5.0,1396.25,24.602664186041885,1419.0,849.0,1104.25,145.0,1799.25,1546.75,9.5499999523163,78.299997329712,0.9338086314326566
2004-12-01 10:00:00,2004-12-01,10:00:00,4.7,1336.5,19.69021852480539,1287.75,861.0,1191.75,158.0,1648.25,1516.0,10.375,75.950000762939,0.9560908066416886
2004-12-01 11:00:00,2004-12-01,11:00:00,3.2,1202.25,12.987594194106656,1083.25,629.0,1375.75,143.0,1410.25,1339.5,10.974999904633,74.374998092651,0.9736111535607224
2004-12-01 12:00:00,2004-12-01,12:00:00,3.5,1308.75,17.06970991079572,1212.0,737.0,1267.0,182.0,1533.25,1556.25,13.75,63.625,0.9959270704196436
2004-12-01 13:00:00,2004-12-01,13:00:00,4.0,1350.75,19.335163043635053,1277.75,712.0,1248.75,163.0,1623.0,1582.25,13.599999904633,65.575000762939,1.016669190617019
2004-12-01 14:00:00,2004-12-01,14:00:00,5.7,1501.25,28.445314951633076,1514.0,933.0,1089.75,178.0,1898.25,1790.5,13.699999809265,66.525001525879,1.038003902463501
2004-12-01 15:00:00,2004-12-01,15:00:00,5.0,1425.5,22.90399878665472,1375.0,836.0,1143.25,162.0,1751.25,1630.5,12.950000047684,73.02499961853,1.086032602292738
2004-12-01 16:00:00,2004-12-01,16:00:00,5.6,1544.25,25.65062455329201,1445.5,987.0,1070.25,171.0,1834.25,1679.0,12.650000095367,77.125,1.1251196558493977
2004-12-01 17:00:00,2004-12-01,17:00:00,6.2,1566.0,26.778087428559797,1473.5,985.0,1048.75,174.0,1887.0,1681.25,12.274999856949,79.650001525879,1.1342397417135135
2004-12-01 18:00:00,2004-12-01,18:00:00,7.5,1547.0,29.20004599895734,1532.0,1040.0,1009.0,185.0,1972.25,1718.0,12.349999904633,78.824998855591,1.1279299845289397
2004-12-01 19:00:00,2004-12-01,19:00:00,3.0,1123.75,11.932059899493012,1047.25,401.0,1401.0,126.0,1418.5,1193.25,12.5,72.60000038147,1.048937658723055
2004-12-01 20:00:00,2004-12-01,20:00:00,2.6,1090.0,10.09026494939418,981.0,279.0,1513.25,113.0,1390.0,1044.0,11.849999904633,76.099998474121,1.0543576789268447
2004-12-01 21:00:00,2004-12-01,21:00:00,2.1,1033.75,7.182754330642859,864.75,280.0,1731.75,111.0,1280.25,924.75,11.324999809265,79.875,1.0696594726266626
2004-12-01 22:00:00,2004-12-01,22:00:00,1.8,1040.25,7.0557037905723865,859.25,280.0,1704.5,107.0,1292.5,888.75,11.125000238419,84.25,1.1136893987013157
2004-12-01 23:00:00,2004-12-01,23:00:00,2.0,1060.0,7.475091907282833,877.25,327.0,1647.5,107.0,1313.25,928.5,11.274999856949,83.074998855591,1.1089082974892128
2004-12-02 00:00:00,2004-12-02,00:00:00,2.2,1075.5,8.09900075580435,903.25,316.0,1627.0,102.0,1329.75,958.25,11.649999856949,81.025001525879,1.1081604272854704
2004-12-02 01:00:00,2004-12-02,01:00:00,1.9,975.0,5.482764633691687,787.25,223.0,1811.5,96.0,1237.75,844.25,11.724999904633,77.77499961853,1.06888733456464
2004-12-02 02:00:00,2004-12-02,02:00:00,1.6,986.75,5.670101821547905,796.25,180.0,1788.5,86.0,1253.75,830.0,11.749999761581,78.550001144409,1.0812861307888422
2004-12-02 03:00:00,2004-12-02,03:00:00,1.1,928.0,3.7949708199494,699.25,155.5,1930.25,78.0,1197.75,784.75,11.875,78.22500038147,1.085552432659655
2004-12-02 04:00:00,2004-12-02,04:00:00,0.9,889.0,2.904606217271302,646.0,131.0,2047.0,70.0,1162.5,743.0,11.999999761581,77.375,1.0824643300319592
2004-12-02 05:00:00,2004-12-02,05:00:00,0.7,880.25,2.357412445829233,609.75,101.0,2094.75,59.0,1149.5,711.25,12.049999952316,77.950000762939,1.094035168689024
2004-12-02 06:00:00,2004-12-02,06:00:00,0.9,919.0,4.00495801135597,711.0,189.0,1666.5,74.0,1194.75,818.75,12.399999856949,75.324998855591,1.0813246058008423
2004-12-02 07:00:00,2004-12-02,07:00:00,1.4,1073.0,7.223382076068705,866.5,336.0,767.5,89.0,1328.75,981.25,12.474999904633,76.400001525879,1.1020659341844528
2004-12-02 08:00:00,2004-12-02,08:00:00,4.2,1435.0,21.60849157827296,1340.5,804.0,501.0,131.0,1787.25,1479.75,12.900000095367,73.77499961853,1.0936720378060003
2004-12-02 09:00:00,2004-12-02,09:00:00,5.0,1477.25,27.884805057911585,1500.5,860.0,443.75,139.0,1972.25,1691.25,13.299999952316,70.674999237061,1.0749229586317433
2004-12-02 10:00:00,2004-12-02,10:00:00,4.4,1336.5,19.220363509402905,1274.5,745.0,524.5,145.0,1655.25,1547.5,14.299999952316,66.075000762939,1.0711422827300456
2004-12-02 11:00:00,2004-12-02,11:00:00,3.4,1307.75,16.355154543742813,1190.5,685.0,537.0,137.0,1559.0,1523.25,15.350000143051,63.89999961853,1.1071015640232027
2004-12-02 12:00:00,2004-12-02,12:00:00,2.8,1244.5,14.807148739274531,1142.5,639.0,568.75,128.0,1531.0,1406.0,15.925000190735,62.749999046326,1.1272617736550958
2004-12-02 13:00:00,2004-12-02,13:00:00,3.4,1294.75,16.84397045027618,1205.25,668.0,537.75,128.0,1578.5,1476.25,16.424999713898,61.85000038147,1.1464982470389384
2004-12-02 14:00:00,2004-12-02,14:00:00,2.9,1338.25,16.93578371059941,1208.0,469.0,539.25,123.0,1600.25,1480.75,18.049999713898,58.02499961853,1.190143098882514
2004-12-02 15:00:00,2004-12-02,15:00:00,3.9,1405.25,19.01797109049921,1268.75,605.0,500.25,136.0,1734.5,1533.5,19.22500038147,57.85000038147,1.2757406752200835
2004-12-02 16:00:00,2004-12-02,16:00:00,4.0,1456.25,19.815138179390114,1291.25,641.0,489.75,137.0,1752.75,1592.25,18.14999961853,62.125000953674,1.2821506434824828
2004-12-02 17:00:00,2004-12-02,17:00:00,4.9,1515.75,24.76947771812413,1423.25,774.0,455.25,151.0,1880.75,1688.0,16.724999427795,67.27499961853,1.270686460346297
2004-12-02 18:00:00,2004-12-02,18:00:00,7.7,1707.0,37.61483917977343,1720.75,1001.0,374.5,171.0,2260.0,1939.75,15.800000190735,70.700000762939,1.26013607129719
2004-12-02 19:00:00,2004-12-02,19:00:00,9.4,1815.5,43.94315351705104,1851.0,1184.0,340.75,171.0,2404.5,2068.5,15.400000095367,73.0,1.2687594786932204
2004-12-02 20:00:00,2004-12-02,20:00:00,7.8,1713.25,36.58755654836135,1698.75,1020.0,371.25,161.0,2196.0,1942.5,15.350000143051,72.999998092651,1.2647638895858249
2004-12-02 21:00:00,2004-12-02,21:00:00,6.6,1645.75,30.79937563105416,1569.5,964.0,401.25,154.0,2048.75,1846.0,15.275000095367,73.60000038147,1.2691378155858013
2004-12-02 22:00:00,2004-12-02,22:00:00,4.7,1468.0,21.99937043798588,1351.0,741.0,472.25,127.0,1782.5,1610.75,15.050000190735,74.250001907349,1.2622753433504037
2004-12-02 23:00:00,2004-12-02,23:00:00,4.8,1443.0,20.945377604895445,1322.5,757.0,485.5,115.0,1760.0,1486.5,14.174999952316,77.975002288818,1.2540464537955027
2004-12-03 00:00:00,2004-12-03,00:00:00,3.2,1289.25,13.107224092975034,1087.25,564.0,587.25,102.0,1514.75,1208.25,14.149999856949,81.375,1.3066477198459003
2004-12-03 01:00:00,2004-12-03,01:00:00,2.6,1194.25,9.280463860059642,950.25,434.0,667.0,100.0,1433.0,1043.0,14.39999961853,82.72500038147,1.3496028901856774
2004-12-03 02:00:00,2004-12-03,02:00:00,2.1,1164.75,9.44271643902197,956.5,308.0,661.25,86.0,1451.75,978.75,14.099999904633,84.099998474121,1.3461136161355718
2004-12-03 03:00:00,2004-12-03,03:00:00,1.3,1003.25,4.678062894272762,747.0,220.5,843.25,83.0,1289.0,805.75,14.075000286102,84.75,1.35436079465164
2004-12-03 04:00:00,2004-12-03,04:00:00,1.1,985.5,3.808230047170078,700.0,133.0,882.75,80.0,1248.5,767.5,14.024999856949,84.050003051758,1.338905362056244
2004-12-03 05:00:00,2004-12-03,05:00:00,0.7,929.5,2.548044692762577,622.75,103.0,974.75,74.0,1214.75,720.0,13.900000095367,85.10000038147,1.3448793922585895
2004-12-03 06:00:00,2004-12-03,06:00:00,0.9,988.25,3.959876432723153,708.5,178.0,897.25,82.0,1266.75,784.5,13.849999666214,85.500001907349,1.346901059805514
2004-12-03 07:00:00,2004-12-03,07:00:00,1.5,1093.75,6.99827336966376,856.75,289.0,738.5,96.0,1378.25,902.5,13.824999809265,85.275001525879,1.341216944985555
2004-12-03 08:00:00,2004-12-03,08:00:00,3.8,1528.25,21.128691785644097,1327.5,736.0,486.75,124.0,1839.25,1389.0,13.724999904633,84.474998474121,1.320186144466153
2004-12-03 09:00:00,2004-12-03,09:00:00,6.0,1628.25,29.021086018036332,1527.75,928.0,416.25,142.0,2080.75,1649.0,13.924999952316,83.924997329712,1.3284249552194656
2004-12-03 10:00:00,2004-12-03,10:00:00,5.1,1555.25,22.980085178960625,1377.0,897.0,455.25,154.0,1833.5,1620.75,14.550000190735,81.64999961853,1.3448092671479686
2004-12-03 11:00:00,2004-12-03,11:00:00,3.6,1290.3333333333,13.000033819367736,1083.6666666667,596.0,586.0,144.0,1543.6666666667,1361.6666666667,15.833333015442,74.666666666667,1.3336295358109207
2004-12-03 12:00:00,2004-12-03,12:00:00,3.0,1280.0,14.854528552643297,1144.0,481.0,554.5,144.0,1599.0,1623.5,16.425000190735,72.074998855591,1.3360365691392768
2004-12-03 13:00:00,2004-12-03,13:00:00,3.1,1301.5,15.661748524140208,1169.25,495.0,544.25,139.0,1636.25,1605.25,16.800000190735,70.300001144409,1.3340594045592695
2004-12-03 14:00:00,2004-12-03,14:00:00,3.3,1331.75,18.079854531960976,1241.75,460.0,524.0,138.0,1716.25,1608.25,17.924999713898,66.325000762939,1.3498886175409404
2004-12-03 15:00:00,2004-12-03,15:00:00,3.4,1331.5,15.460246884230616,1163.0,445.0,548.25,134.0,1663.5,1522.0,18.849999904633,62.675000190735,1.3506278351466936
2004-12-03 16:00:00,2004-12-03,16:00:00,4.6,1492.5,23.8337883334643,1399.25,618.0,466.25,150.0,1893.25,1707.5,19.025000095367,61.550000190735,1.340749151748837
2004-12-03 17:00:00,2004-12-03,17:00:00,6.9,1647.5,32.64465982593365,1611.75,858.0,401.0,173.0,2176.75,1885.0,17.699999809265,68.324998855591,1.371320479282803
2004-12-03 18:00:00,2004-12-03,18:00:00,5.1,1481.5,24.00805934548653,1403.75,634.0,462.5,134.0,1883.0,1657.0,16.499999523163,71.724998474121,1.3358065513104578
2004-12-03 19:00:00,2004-12-03,19:00:00,4.9,1500.5,23.563776754096367,1392.25,575.0,475.75,128.0,1832.0,1645.0,15.699999809265,72.674999237061,1.2872132370331362
2004-12-03 20:00:00,2004-12-03,20:00:00,6.1,1600.5,30.72393248104688,1567.75,738.0,421.5,132.0,2111.25,1729.0,14.975000143051,74.425001144409,1.2592633235208228
2004-12-03 21:00:00,2004-12-03,21:00:00,6.2,1420.75,20.853976003052797,1320.0,739.0,496.25,134.0,1804.0,1555.5,14.575000286102,75.200000762939,1.240541067027748
2004-12-03 22:00:00,2004-12-03,22:00:00,3.0,1232.25,12.70534979338976,1073.75,472.0,605.75,107.0,1503.75,1317.25,14.024999856949,75.650001525879,1.2050944557395098
2004-12-03 23:00:00,2004-12-03,23:00:00,3.4,1269.5,13.99618082423619,1116.5,542.0,586.25,101.0,1528.25,1290.0,13.100000143051,78.700000762939,1.1817438229138004
2004-12-04 00:00:00,2004-12-04,00:00:00,3.5,1257.0,13.742933427688438,1108.25,577.0,592.0,94.0,1520.0,1287.0,12.625000238419,78.400001525879,1.1418827248181112
2004-12-04 01:00:00,2004-12-04,01:00:00,3.2,1245.75,12.794193932102628,1076.75,568.0,621.0,99.0,1461.5,1234.5,12.75,77.900001525879,1.1437528938460146
2004-12-04 02:00:00,2004-12-04,02:00:00,2.9,1166.25,10.956516647621989,1012.75,451.0,643.0,90.0,1408.0,1143.75,12.125,79.425001144409,1.1201464344424017
2004-12-04 03:00:00,2004-12-04,03:00:00,2.1,1062.0,8.153992895574259,905.5,364.0,723.75,80.5,1304.5,1004.25,11.574999809265,80.075000762939,1.0898609842798763
2004-12-04 05:00:00,2004-12-04,05:00:00,1.7,1031.75,6.787523688906004,847.5,277.0,751.25,71.0,1265.5,971.75,11.424999952316,81.074998855591,1.0927955154616935
2004-12-04 06:00:00,2004-12-04,06:00:00,1.7,1034.0,7.433865553476765,875.5,291.0,739.75,66.0,1304.75,967.5,11.450000047684,81.72500038147,1.1033438966754647
2004-12-04 07:00:00,2004-12-04,07:00:00,1.3,1024.0,6.226288271009065,822.25,277.0,800.0,70.0,1266.25,954.25,12.400000095367,77.124998092651,1.1071644302365342
2004-12-04 08:00:00,2004-12-04,08:00:00,2.8,1242.75,13.72000874568618,1107.5,510.0,594.75,90.0,1539.0,1201.0,12.324999809265,79.049999237061,1.1293289472879573
2004-12-04 09:00:00,2004-12-04,09:00:00,2.5,1148.0,9.59960545219535,962.5,451.0,679.5,102.0,1394.5,1016.5,12.199999809265,83.899997711182,1.188997165904884
2004-12-04 10:00:00,2004-12-04,10:00:00,2.7,1182.0,10.44807267453735,994.25,584.0,653.75,102.0,1431.0,1038.5,12.224999904633,85.099998474121,1.2079490449146375
2004-12-04 11:00:00,2004-12-04,11:00:00,1.5,1015.25,6.507103808553313,835.0,260.0,795.75,94.0,1262.5,911.25,12.350000143051,80.099998474121,1.1461743449308397
2004-12-04 12:00:00,2004-12-04,12:00:00,2.6,1175.25,10.64610019277962,1001.5,492.0,667.75,122.0,1421.5,1059.0,13.049999952316,77.775001525879,1.1641171302094293
2004-12-04 13:00:00,2004-12-04,13:00:00,3.1,1223.5,11.888908849711504,1045.75,580.0,629.75,124.0,1475.5,1213.0,11.849999904633,86.47500038147,1.1981022669587889
2004-12-04 14:00:00,2004-12-04,14:00:00,2.5,1122.5,8.406516914528089,915.75,373.0,709.0,103.0,1346.0,1002.75,11.899999856949,85.699998855591,1.1912086294078266
2004-12-04 15:00:00,2004-12-04,15:00:00,2.6,1187.0,9.553732323725695,960.75,497.0,684.75,115.0,1407.75,1017.0,11.924999952316,88.72500038147,1.235249514838023
2004-12-04 16:00:00,2004-12-04,16:00:00,2.5,1116.0,7.078731968506726,860.25,413.0,757.5,107.0,1316.25,937.25,12.324999809265,86.950000762939,1.2421904335991465
2004-12-04 17:00:00,2004-12-04,17:00:00,2.3,1131.25,8.301413416761816,911.5,444.0,728.0,120.0,1356.0,987.25,12.700000047684,84.399997711182,1.235212893687769
2004-12-04 18:00:00,2004-12-04,18:00:00,3.1,1215.0,10.92183820793345,1011.5,533.0,652.75,120.0,1441.25,1130.5,13.125000238419,81.674999237061,1.2283822640584932
2004-12-04 19:00:00,2004-12-04,19:00:00,1.9,1077.25,6.889707395994527,852.0,325.0,772.5,108.0,1302.0,968.75,13.050000190735,80.425001144409,1.2037816923639235
2004-12-04 20:00:00,2004-12-04,20:00:00,2.5,1210.0,10.611844460473735,1000.25,439.0,678.75,115.0,1456.0,1061.75,13.425000190735,79.925001144409,1.2253695064671333
2004-12-04 21:00:00,2004-12-04,21:00:00,3.1,1181.25,9.42969212863617,956.0,506.0,689.25,124.0,1400.0,1057.5,13.799999952316,76.800001144409,1.2059967217259284
2004-12-04 22:00:00,2004-12-04,22:00:00,2.0,1088.25,6.861257747977811,850.75,349.0,765.75,109.0,1307.0,959.0,13.999999761581,75.85000038147,1.206358247099915
2004-12-04 23:00:00,2004-12-04,23:00:00,1.9,1054.0,5.623016070883024,794.0,235.0,829.75,93.0,1281.5,887.25,13.549999952316,78.27499961853,1.2096990500946838
2004-12-05 00:00:00,2004-12-05,00:00:00,2.4,1095.75,6.297366924277402,825.5,378.0,795.0,103.0,1284.5,910.75,13.0,79.22500038147,1.1820244746084398
2004-12-05 01:00:00,2004-12-05,01:00:00,2.0,1041.75,6.479339579156826,833.75,304.0,807.5,106.0,1267.0,914.0,12.374999761581,77.549999237061,1.1114742768260752
2004-12-05 02:00:00,2004-12-05,02:00:00,1.2,887.0,3.4402233969608287,678.75,180.0,968.5,96.0,1131.5,785.5,12.324999809265,71.22500038147,1.0175389687249847
2004-12-05 03:00:00,2004-12-05,03:00:00,1.0,883.75,2.9798895042342077,650.75,164.0,1034.25,88.5,1105.0,741.25,12.199999809265,69.575000762939,0.9859890462659608
2004-12-05 04:00:00,2004-12-05,04:00:00,1.0,861.75,2.795163092071645,639.0,148.0,1033.25,81.0,1099.75,726.75,12.299999952316,67.47500038147,0.962413688196854
2004-12-05 05:00:00,2004-12-05,05:00:00,0.8,821.0,1.9952925599534803,583.75,106.0,1131.75,70.0,1069.75,686.0,12.650000095367,65.574998855591,0.956625220677176
2004-12-05 06:00:00,2004-12-05,06:00:00,0.6,796.75,1.4834002480253918,543.25,87.0,1234.75,60.0,1046.5,647.5,12.525000095367,65.875,0.953306170744352
2004-12-05 07:00:00,2004-12-05,07:00:00,0.7,802.25,1.416009084814418,537.5,96.0,1237.0,63.0,1042.0,644.5,12.449999809265,65.449998855591,0.9425944712341916
2004-12-05 08:00:00,2004-12-05,08:00:00,0.8,847.5,1.9154028575292,577.75,120.0,1160.25,68.0,1067.5,679.0,13.174999952316,62.500000953674,0.9430085533496074
2004-12-05 09:00:00,2004-12-05,09:00:00,0.9,862.75,2.361018749438252,610.0,130.0,1088.0,68.0,1086.25,695.75,13.100000143051,62.375,0.9366108035536392
2004-12-05 10:00:00,2004-12-05,10:00:00,1.0,889.25,3.136983169434398,660.5,140.0,1000.75,66.0,1114.5,735.25,12.850000143051,64.724998474121,0.956436292285632
2004-12-05 11:00:00,2004-12-05,11:00:00,1.3,969.0,4.40159626389495,732.5,176.0,900.5,72.0,1190.75,803.0,13.000000238419,67.624998092651,1.0089542906690674
2004-12-05 12:00:00,2004-12-05,12:00:00,1.7,1013.0,5.643922404711203,795.0,209.0,825.75,81.0,1257.25,848.25,13.000000238419,69.72500038147,1.040285993138262
2004-12-05 13:00:00,2004-12-05,13:00:00,2.4,1100.25,6.657904148776321,841.75,309.0,773.75,89.0,1295.5,882.25,11.974999904633,79.950000762939,1.1166835356709468
2004-12-05 14:00:00,2004-12-05,14:00:00,1.7,1018.75,5.498273509057063,788.0,226.0,827.75,85.0,1266.75,811.5,11.424999952316,83.674999237061,1.1278404589976152
2004-12-05 15:00:00,2004-12-05,15:00:00,1.8,1060.75,7.7005854842460435,886.75,246.0,745.25,86.0,1367.0,889.25,11.950000047684,80.775001525879,1.126385889187809
2004-12-05 16:00:00,2004-12-05,16:00:00,1.5,940.25,3.667816531500541,692.0,208.0,933.75,83.0,1176.5,749.25,11.549999952316,81.02499961853,1.1010063001689154
2004-12-05 17:00:00,2004-12-05,17:00:00,1.1,904.25,2.8068033642086063,639.75,154.0,1022.25,77.0,1151.5,681.75,11.325000047684,81.025001525879,1.085059927920732
2004-12-05 18:00:00,2004-12-05,18:00:00,2.4,1119.75,8.883264240647636,934.75,275.0,744.25,93.0,1385.0,921.75,11.974999904633,78.425001144409,1.09538344874579
2004-12-05 19:00:00,2004-12-05,19:00:00,2.0,986.75,4.649130358347195,745.5,281.0,880.0,103.0,1211.75,832.5,12.149999856949,75.52499961853,1.0668634985685423
2004-12-05 20:00:00,2004-12-05,20:00:00,1.5,970.5,4.4345815399504325,734.25,237.0,904.5,90.0,1186.5,807.5,12.450000047684,71.875,1.0351257424677316
2004-12-05 21:00:00,2004-12-05,21:00:00,1.7,964.5,4.415719954409823,733.25,225.0,908.5,93.0,1172.75,789.5,12.575000047684,70.525001525879,1.023886812141781
2004-12-05 22:00:00,2004-12-05,22:00:00,1.0,872.5,2.818464253455941,640.5,143.0,1025.0,72.0,1119.5,685.0,12.524999856949,69.125,1.000338338394143
2004-12-05 23:00:00,2004-12-05,23:00:00,1.0,892.25,3.3183308378132934,671.5,146.0,1011.75,73.0,1111.0,705.75,13.050000190735,64.324998855591,0.9628008067373688
2004-12-06 00:00:00,2004-12-06,00:00:00,1.0,857.0,2.2929014229629385,605.25,115.0,1093.75,64.0,1070.5,635.5,13.224999904633,62.874999046326,0.9517093363156012
2004-12-06 01:00:00,2004-12-06,01:00:00,0.9,900.75,3.165543038306502,662.25,125.0,1034.25,66.0,1126.75,678.0,13.299999952316,63.599999427795,0.9673165941550212
2004-12-06 02:00:00,2004-12-06,02:00:00,1.1,900.66666666667,3.145131870638927,661.0,150.0,1021.6666666667,71.0,1124.3333333333,713.66666666667,13.333333333333,65.266667683919,0.9947853163871212
2004-12-06 03:00:00,2004-12-06,03:00:00,1.1,904.0,2.956027132033205,649.25,114.0,983.0,62.5,1157.0,726.0,12.650000095367,72.150001525879,1.052543077942697
2004-12-06 04:00:00,2004-12-06,04:00:00,0.6,857.0,1.712356358293543,562.0,78.0,1140.0,54.0,1129.5,646.25,11.874999761581,79.575000762939,1.1042867868905506
2004-12-06 05:00:00,2004-12-06,05:00:00,0.7,880.75,2.2503186956887555,602.25,108.0,1033.5,58.0,1157.25,685.0,11.799999713898,81.375,1.1238028311224293
2004-12-06 06:00:00,2004-12-06,06:00:00,0.9,912.5,3.8259396762198823,701.0,181.0,925.75,72.0,1218.5,750.0,12.024999856949,80.14999961853,1.123097942913576
2004-12-06 07:00:00,2004-12-06,07:00:00,1.3,1012.25,6.117608927663041,817.25,302.0,818.5,89.0,1314.0,877.75,12.224999904633,78.75,1.1178142067294583
2004-12-06 08:00:00,2004-12-06,08:00:00,3.1,1314.0,15.78318309681854,1173.0,587.0,589.0,112.0,1626.75,1238.25,12.700000286102,77.200000762939,1.129839341022184
2004-12-06 09:00:00,2004-12-06,09:00:00,4.9,1478.5,26.4437409853948,1465.25,712.0,471.25,131.0,2018.0,1571.75,13.425000190735,74.400001525879,1.1406630196501133
2004-12-06 10:00:00,2004-12-06,10:00:00,4.7,1298.75,18.511652582526064,1254.25,698.0,565.75,161.0,1661.75,1487.5,15.875000238419,63.374998092651,1.1349171501312587
2004-12-06 11:00:00,2004-12-06,11:00:00,3.2,1221.25,13.189740765267087,1090.0,576.0,640.5,135.0,1489.25,1424.25,18.525000095367,52.900000572205,1.1173627901904688
2004-12-06 12:00:00,2004-12-06,12:00:00,2.5,1170.75,11.975277581182963,1048.75,438.0,654.5,119.0,1418.0,1338.25,18.449999809265,52.625,1.106418751441589
2004-12-06 13:00:00,2004-12-06,13:00:00,3.8,1316.25,19.8598339441622,1292.5,562.0,538.0,144.0,1681.75,1558.5,19.375000476837,49.849999427795,1.109491731888922
2004-12-06 14:00:00,2004-12-06,14:00:00,3.3,1207.75,16.363388395708625,1190.75,467.0,572.75,130.0,1588.75,1415.0,19.47500038147,50.125,1.1224773816428442
2004-12-06 15:00:00,2004-12-06,15:00:00,2.5,1144.5,13.842462191035054,1111.5,323.0,621.0,109.0,1481.25,1331.0,20.300000190735,47.499999046326,1.1187369621689662
2004-12-06 16:00:00,2004-12-06,16:00:00,2.7,1189.0,15.58101438633092,1166.75,391.0,599.25,114.0,1540.75,1314.75,18.699999809265,53.02499961853,1.132159832904239
2004-12-06 17:00:00,2004-12-06,17:00:00,2.9,1172.75,15.677916694149982,1169.75,379.0,597.25,115.0,1550.5,1289.25,17.275000095367,57.099999427795,1.1161449391912326
2004-12-06 18:00:00,2004-12-06,18:00:00,3.1,1237.25,17.99401672262385,1239.25,387.0,569.5,123.0,1619.5,1388.5,16.400000095367,59.525000572205,1.101673981560788
2004-12-06 19:00:00,2004-12-06,19:00:00,4.0,1252.75,17.93403390825732,1237.5,433.0,570.5,138.0,1613.0,1350.75,15.850000143051,60.849999427795,1.0879881599542451
2004-12-06 20:00:00,2004-12-06,20:00:00,3.1,1154.5,14.298011063375007,1126.25,349.0,617.0,123.0,1511.0,1266.5,15.475000143051,60.650000572205,1.059110096865426
2004-12-06 21:00:00,2004-12-06,21:00:00,2.7,1175.0,12.786780174373025,1076.5,337.0,633.75,112.0,1479.75,1279.0,15.275000095367,63.050000190735,1.087216563858876
2004-12-06 22:00:00,2004-12-06,22:00:00,1.7,1001.25,7.31661206728073,870.5,245.0,805.5,87.0,1264.0,1071.25,16.60000038147,58.5,1.0963428415618195
2004-12-06 23:00:00,2004-12-06,23:00:00,1.5,1014.0,5.822959543858955,803.5,236.0,870.75,79.0,1233.25,993.5,14.575000047684,64.724999427795,1.0677395987306475
2004-12-07 00:00:00,2004-12-07,00:00:00,1.4,966.25,5.126210628605008,769.75,191.0,899.5,74.0,1206.25,955.75,13.975000143051,66.124999046326,1.0500134078455248
2004-12-07 01:00:00,2004-12-07,01:00:00,1.4,986.5,5.456958023555496,786.0,273.0,900.5,75.0,1220.25,935.75,13.025000095367,69.350001335144,1.0363512446350742
2004-12-07 02:00:00,2004-12-07,02:00:00,1.1,887.5,3.4571831132541018,679.75,211.0,984.5,70.0,1137.75,825.5,13.075000047684,67.375,1.0100699876020367
2004-12-07 03:00:00,2004-12-07,03:00:00,1.1,911.0,4.150678149020288,719.0,168.5,946.75,66.5,1169.75,839.25,11.575000047684,73.39999961853,0.9990108810953408
2004-12-07 05:00:00,2004-12-07,05:00:00,0.6,857.25,2.271567519386863,603.75,126.0,1125.75,63.0,1091.25,740.25,12.400000095367,68.274998664856,0.980118662763096
2004-12-07 06:00:00,2004-12-07,06:00:00,0.8,885.75,2.8262496273519453,641.0,146.0,1081.5,67.0,1098.0,782.5,14.124999761581,60.60000038147,0.9715145407138402
2004-12-07 07:00:00,2004-12-07,07:00:00,1.0,963.75,4.345294539851805,729.5,243.0,985.0,71.0,1146.0,890.75,12.875,64.224998474121,0.9505721928890538
2004-12-07 08:00:00,2004-12-07,08:00:00,2.8,1229.5,12.587301769184844,1069.75,450.0,760.75,98.0,1430.75,1196.5,11.675000190735,68.900001525879,0.9438559718864924
2004-12-07 09:00:00,2004-12-07,09:00:00,3.4,1235.5,16.752370054666,1202.5,499.0,681.25,114.0,1565.5,1310.75,12.549999952316,65.799999237061,0.9537537464205372
2004-12-07 10:00:00,2004-12-07,10:00:00,3.3,1321.5,17.305162000428265,1219.0,574.0,682.0,130.0,1590.75,1471.5,14.475000143051,61.050000190735,1.0007441950750915
2004-12-07 11:00:00,2004-12-07,11:00:00,4.1,1406.5,19.841950486357188,1292.0,679.0,643.0,155.0,1637.75,1693.75,16.925000190735,54.224999427795,1.037072016142981
2004-12-07 12:00:00,2004-12-07,12:00:00,3.5,1356.75,21.562157484179544,1339.25,572.0,656.5,141.0,1582.75,1639.0,17.449999809265,53.27499961853,1.0527783409889544
2004-12-07 13:00:00,2004-12-07,13:00:00,3.0,1288.5,17.985442521637722,1239.0,396.0,733.0,118.0,1635.0,1468.5,18.799999713898,49.25,1.058059148502519
2004-12-07 14:00:00,2004-12-07,14:00:00,3.6,1257.25,15.97015879825934,1178.75,455.0,818.0,134.0,1544.75,1414.5,19.400000095367,47.14999961853,1.051009986114272
2004-12-07 15:00:00,2004-12-07,15:00:00,3.0,1198.75,13.742933427688438,1108.25,423.0,817.75,123.0,1449.5,1249.5,19.200000286102,47.10000038147,1.037081530037169
2004-12-07 16:00:00,2004-12-07,16:00:00,2.6,1180.5,14.142883364271055,1121.25,356.0,629.0,117.0,1466.25,1235.5,17.675000190735,51.47500038147,1.0315294592864848
2004-12-07 17:00:00,2004-12-07,17:00:00,2.6,1175.0,13.85780147898198,1112.0,350.0,628.0,110.0,1484.0,1212.25,16.500000476837,54.574999809265,1.0164049938750652
2004-12-07 18:00:00,2004-12-07,18:00:00,3.1,1202.0,14.298011063375007,1126.25,359.0,606.25,115.0,1480.25,1211.75,15.400000095367,57.925001144409,1.0067519760997885
2004-12-07 19:00:00,2004-12-07,19:00:00,3.2,1169.75,13.34033630167749,1095.0,358.0,617.75,116.0,1469.75,1194.5,15.175000190735,58.400000572205,1.0006940214558206
2004-12-07 20:00:00,2004-12-07,20:00:00,2.4,1115.0,11.5958294863929,1035.5,289.0,648.75,99.0,1381.25,1199.75,14.900000333786,58.449999809265,0.9842858157472087
2004-12-07 21:00:00,2004-12-07,21:00:00,2.6,1130.0,11.31290941623808,1025.5,359.0,657.25,115.0,1373.5,1208.75,14.474999904633,60.449999809265,0.9909088500712878
2004-12-07 22:00:00,2004-12-07,22:00:00,2.4,1194.5,10.963457959141822,1013.0,355.0,645.75,104.0,1344.5,1275.75,14.474999904633,62.325000762939,1.0216442519695508
2004-12-07 23:00:00,2004-12-07,23:00:00,1.8,1110.75,7.7005854842460435,886.75,244.0,720.25,92.0,1262.25,1131.5,14.625,60.625,1.0032802645092145
2004-12-08 00:00:00,2004-12-08,00:00:00,1.7,1092.25,6.958191195775006,855.0,194.0,749.75,84.0,1230.75,1060.75,15.0,59.275000572205,1.0045140788568776
2004-12-08 01:00:00,2004-12-08,01:00:00,1.9,1110.5,6.986811305001475,856.25,176.0,745.75,81.0,1253.75,1035.75,14.699999809265,60.325000762939,1.0030735720551245
2004-12-08 02:00:00,2004-12-08,02:00:00,1.4,992.0,4.373406775985076,731.0,170.0,1035.0,77.0,1148.75,910.5,15.275000095367,59.099998474121,1.0191038393452796
2004-12-08 03:00:00,2004-12-08,03:00:00,1.5,1050.75,6.068969622151595,815.0,191.0,1304.75,76.0,1202.75,950.75,12.324999809265,69.674999237061,0.9953952473131586
2004-12-08 04:00:00,2004-12-08,04:00:00,1.7,1079.75,7.910799352772567,895.5,212.0,1075.0,75.0,1262.0,1033.25,11.649999856949,72.499998092651,0.9915659037524014
2004-12-08 05:00:00,2004-12-08,05:00:00,1.0,893.0,3.051966703328714,655.25,146.0,990.25,69.0,1096.75,816.0,11.950000047684,71.925001144409,1.0029749902625913
2004-12-08 06:00:00,2004-12-08,06:00:00,0.9,923.0,3.190110702966785,663.75,177.0,988.25,67.0,1121.25,821.5,11.799999952316,71.75,0.9908799308927982
2004-12-08 07:00:00,2004-12-08,07:00:00,1.0,950.0,4.032111328470852,712.5,172.0,917.0,68.0,1139.25,841.0,11.799999952316,71.425001144409,0.9863916403901049
2004-12-08 08:00:00,2004-12-08,08:00:00,1.0,946.75,3.23123660450304,666.25,159.0,985.25,68.0,1114.5,794.5,12.849999904633,66.349999427795,0.9804487905839055
2004-12-08 09:00:00,2004-12-08,09:00:00,1.1,972.5,4.023051532017862,712.0,184.0,923.25,69.0,1157.0,831.25,13.174999952316,65.224998474121,0.9841236882364484
2004-12-08 10:00:00,2004-12-08,10:00:00,1.7,1111.0,7.640968165500885,884.25,310.0,750.5,81.0,1280.0,1024.5,13.100000143051,66.150001525879,0.9932954883242966
2004-12-08 11:00:00,2004-12-08,11:00:00,2.3,1206.25,9.777421299680489,969.25,363.0,701.0,95.0,1364.75,1177.5,14.299999952316,63.325000762939,1.0265620141943572
2004-12-08 12:00:00,2004-12-08,12:00:00,2.1,1201.5,9.48183534339618,958.0,302.0,731.5,92.0,1330.0,1180.75,16.0,58.075000762939,1.0482060864884195
2004-12-08 13:00:00,2004-12-08,13:00:00,2.7,1261.25,11.221602522216635,1022.25,424.0,634.75,113.0,1407.25,1250.0,17.300000190735,53.949999809265,1.0562138586329537
2004-12-08 14:00:00,2004-12-08,14:00:00,2.3,1101.5,6.946757178144978,854.5,258.0,763.25,98.0,1278.75,1039.0,17.25,53.324999809265,1.040732970083712
2004-12-08 15:00:00,2004-12-08,15:00:00,1.2,997.0,4.572351408632516,741.5,179.0,910.75,82.0,1180.0,898.75,16.699999570847,54.675000190735,1.0310859969779866
2004-12-08 16:00:00,2004-12-08,16:00:00,1.4,1048.5,5.539721776547866,790.0,221.0,869.75,96.0,1183.25,1018.75,15.350000143051,58.875000953674,1.0200407828919402
2004-12-08 17:00:00,2004-12-08,17:00:00,1.9,1082.0,6.477490430292507,833.66666666667,303.0,800.33333333333,107.0,1207.3333333333,1057.0,15.166666666667,57.966667175293,0.9927460109156616
2004-12-08 18:00:00,2004-12-08,18:00:00,2.6,1177.0,10.251632517250629,987.0,429.0,692.0,119.0,1323.5,1228.5,16.200000047684,54.47500038147,0.9956497256240696
2004-12-08 19:00:00,2004-12-08,19:00:00,2.4,1166.25,8.889611855025933,935.0,357.0,756.0,114.0,1301.0,1135.25,16.450000524521,55.300000190735,1.0266886006547435
2004-12-08 20:00:00,2004-12-08,20:00:00,3.5,1351.75,14.02701136675159,1117.5,438.0,625.25,127.0,1524.0,1188.25,14.649999856949,72.074998855591,1.1946579866204612
2004-12-08 21:00:00,2004-12-08,21:00:00,3.5,1210.0,9.190126573053254,946.75,457.0,696.5,121.0,1403.5,1059.5,13.875,76.675001144409,1.209805426832672
2004-12-08 22:00:00,2004-12-08,22:00:00,2.2,1161.25,8.239851353044795,909.0,355.0,720.5,109.0,1369.5,962.25,13.650000095367,79.25,1.2326144228401623
2004-12-08 23:00:00,2004-12-08,23:00:00,2.3,1142.0,7.200154258626809,865.5,348.0,814.75,107.0,1329.25,938.75,13.849999666214,77.25,1.2169368953082174
2004-12-09 00:00:00,2004-12-09,00:00:00,1.9,1054.0,5.524163125188419,789.25,241.0,886.25,100.0,1253.75,863.75,14.249999761581,71.650001525879,1.1578327836874014
2004-12-09 01:00:00,2004-12-09,01:00:00,1.0,926.0,2.944126630396109,648.5,134.0,1035.25,83.0,1145.25,741.25,14.875000238419,65.72500038147,1.1050452688841588
2004-12-09 02:00:00,2004-12-09,02:00:00,0.8,872.5,1.9885819738018988,583.25,94.0,1154.75,66.0,1107.75,641.75,14.675000190735,67.324998855591,1.1176958123221243
2004-12-09 03:00:00,2004-12-09,03:00:00,0.5,831.75,1.197502764718959,518.0,63.5,1264.25,48.0,1061.0,539.25,15.150000095367,63.249999046326,1.0820891633852727
2004-12-09 04:00:00,2004-12-09,04:00:00,0.4,802.5,0.6954521105858987,466.25,33.0,1450.75,30.0,1033.5,448.75,14.800000190735,65.52499961853,1.0964632207311518
2004-12-09 05:00:00,2004-12-09,05:00:00,0.4,817.5,0.6636337911405592,462.5,33.0,1508.5,29.0,1045.75,436.75,14.375,68.5,1.1157584194225791
2004-12-09 06:00:00,2004-12-09,06:00:00,0.4,813.5,0.8382723096043855,482.25,57.0,1425.5,41.0,1026.75,457.0,14.524999856949,62.850001335144,1.0335247385312465
2004-12-09 07:00:00,2004-12-09,07:00:00,0.6,831.75,1.330123390996772,530.0,112.0,1346.0,63.0,1026.5,511.5,14.575000047684,56.72500038147,0.9357671638587448
2004-12-09 08:00:00,2004-12-09,08:00:00,1.9,1091.0,7.587481564402678,882.0,358.0,844.25,114.0,1288.25,931.0,14.950000047684,55.275000572205,0.933769271183696
2004-12-09 09:00:00,2004-12-09,09:00:00,2.0,1018.5,7.392736441914561,873.75,287.0,1113.25,114.0,1235.0,905.25,14.549999952316,56.5,0.930578356393144
2004-12-09 10:00:00,2004-12-09,10:00:00,1.4,936.75,4.736157363623643,750.0,263.0,1386.25,102.0,1141.0,790.0,14.349999904633,55.375,0.900541199906742
2004-12-09 11:00:00,2004-12-09,11:00:00,1.4,949.75,5.446649916651041,785.5,282.0,1037.75,101.0,1144.75,849.75,14.674999952316,52.5,0.8715786150391215
2004-12-09 12:00:00,2004-12-09,12:00:00,1.5,961.5,5.426058636400471,784.5,286.0,992.75,103.0,1161.0,870.25,15.474999904633,51.72500038147,0.9032558750893684
2004-12-09 13:00:00,2004-12-09,13:00:00,1.6,969.0,6.004374886921272,812.0,259.0,989.0,100.0,1188.5,842.0,14.925000190735,53.35000038147,0.8998254119281744
2004-12-09 14:00:00,2004-12-09,14:00:00,1.8,1009.75,7.142224321062913,863.0,265.0,914.5,95.0,1256.5,885.75,15.225000143051,50.974999427795,0.8762281036424692
2004-12-09 15:00:00,2004-12-09,15:00:00,1.4,945.5,5.328704583249726,779.75,249.0,944.75,99.0,1141.75,801.0,15.175000190735,50.074999809265,0.8580437062081497
2004-12-09 16:00:00,2004-12-09,16:00:00,1.7,987.5,7.18855231234508,865.0,268.0,876.25,102.0,1190.0,894.75,15.550000190735,46.60000038147,0.8176153021619676
2004-12-09 17:00:00,2004-12-09,17:00:00,1.7,948.25,5.717354864183394,798.5,226.0,1538.5,105.0,1144.5,827.25,14.750000238419,48.374999046326,0.8069236825756695
2004-12-09 18:00:00,2004-12-09,18:00:00,2.3,1044.75,9.52756117851482,959.75,301.0,1376.25,118.0,1258.75,971.5,14.550000190735,47.97500038147,0.7901681005003502
2004-12-09 19:00:00,2004-12-09,19:00:00,3.2,1114.0,12.214164294685672,1057.0,388.0,777.0,135.0,1301.25,1078.75,15.125000238419,45.425000190735,0.7759101275888345
2004-12-09 20:00:00,2004-12-09,20:00:00,2.6,1005.75,10.258379842905248,987.25,285.0,1027.75,124.0,1246.75,963.5,14.5,45.424999237061,0.7457984667250301
2004-12-09 21:00:00,2004-12-09,21:00:00,1.6,889.0,4.500866777005056,737.75,197.0,1378.5,100.0,1061.25,742.75,13.425000190735,48.099999427795,0.737444750903574
2004-12-09 22:00:00,2004-12-09,22:00:00,0.8,792.25,1.978534171938905,582.5,105.0,1972.0,66.0,946.25,517.25,12.274999856949,48.675001144409,0.693146511842834
2004-12-09 23:00:00,2004-12-09,23:00:00,0.7,807.5,1.843396714034172,572.25,88.0,1729.25,57.0,953.75,468.0,12.049999713898,51.150000572205,0.7178947799275357
2004-12-10 00:00:00,2004-12-10,00:00:00,0.6,813.75,1.8694446351370275,574.25,92.0,1613.0,58.0,965.25,461.25,11.899999856949,54.599999427795,0.7589263868445039
2004-12-10 01:00:00,2004-12-10,01:00:00,0.7,826.5,2.7488084277632137,636.0,88.0,1485.25,59.0,980.0,483.0,13.650000095367,44.950000762939,0.6991295804047308
2004-12-10 02:00:00,2004-12-10,02:00:00,0.7,801.25,2.6951462531387347,632.5,90.0,1488.5,60.0,939.5,482.0,14.650000095367,37.52499961853,0.6219846254825833
2004-12-10 03:00:00,2004-12-10,03:00:00,0.5,769.5,2.215093376502171,599.75,60.5,2080.5,43.5,900.75,416.25,13.750000238419,36.799999237061,0.5760332571961012
2004-12-10 05:00:00,2004-12-10,05:00:00,0.3,708.75,0.4644178772489268,437.0,31.0,2559.25,27.0,786.75,324.25,12.049999952316,37.325000762939,0.5238596934743672
2004-12-10 06:00:00,2004-12-10,06:00:00,0.4,734.0,0.7992296966414951,478.0,51.0,2294.0,39.0,804.5,378.25,11.674999952316,38.125000953674,0.5222715308563958
2004-12-10 07:00:00,2004-12-10,07:00:00,0.5,770.25,1.3613487090564809,532.75,100.0,2682.75,63.0,838.5,479.75,11.524999856949,38.025000572205,0.5158654922891867
2004-12-10 08:00:00,2004-12-10,08:00:00,1.4,919.25,5.649154155725517,795.25,315.0,2327.0,110.0,997.5,821.75,12.25,35.77499961853,0.5086262492567335
2004-12-10 09:00:00,2004-12-10,09:00:00,2.4,996.25,10.557133221495256,998.25,417.0,2317.75,128.0,1135.5,1060.0,12.850000143051,34.525000572205,0.5101732609795557
2004-12-10 10:00:00,2004-12-10,10:00:00,1.8,925.25,7.200154258626809,865.5,328.0,2541.5,122.0,1012.75,916.0,14.375,30.150000095367,0.4910965905401064
2004-12-10 11:00:00,2004-12-10,11:00:00,1.5,882.5,6.199041963295953,821.0,304.0,885.75,111.0,966.5,843.5,16.200000524521,26.199999809265,0.478862289471871
2004-12-10 12:00:00,2004-12-10,12:00:00,1.5,884.25,6.209934373120795,821.5,300.0,909.0,110.0,967.5,806.75,17.050000190735,23.5,0.4529641417929197
2004-12-10 13:00:00,2004-12-10,13:00:00,1.8,919.5,8.086801830707312,902.75,306.0,848.75,114.0,1011.0,853.0,18.14999961853,21.300000190735,0.4395945035251193
2004-12-10 14:00:00,2004-12-10,14:00:00,2.1,941.0,9.029748042099776,940.5,342.0,837.0,114.0,1036.0,884.25,18.75,19.974999904633,0.4278114579149338
2004-12-10 15:00:00,2004-12-10,15:00:00,1.7,933.5,8.356986220752834,913.75,324.0,872.5,111.0,1016.0,833.5,18.099999904633,20.77499961853,0.4274345296994423
2004-12-10 16:00:00,2004-12-10,16:00:00,2.3,928.75,8.718905392023482,928.25,327.0,842.25,116.0,1000.75,892.5,17.550000190735,19.875000476837,0.3952031289114889
2004-12-10 17:00:00,2004-12-10,17:00:00,2.9,971.5,11.80997176779058,1043.0,404.0,764.0,148.0,1083.25,1037.0,15.97500038147,20.849999904633,0.3757348728184128
2004-12-10 18:00:00,2004-12-10,18:00:00,4.0,1073.25,16.487108109675482,1194.5,575.0,674.5,177.0,1249.25,1244.25,14.550000190735,23.699999809265,0.390348800046675
2004-12-10 19:00:00,2004-12-10,19:00:00,4.2,1049.75,18.711737053885297,1260.0,539.0,662.25,164.0,1256.0,1268.75,13.749999761581,22.875,0.3580641475726732
2004-12-10 20:00:00,2004-12-10,20:00:00,3.5,980.0,14.469484108022469,1131.75,460.0,741.75,151.0,1101.5,1125.25,12.750000238419,21.674999713898,0.3182393265857392
2004-12-10 21:00:00,2004-12-10,21:00:00,2.6,872.25,8.025924844320537,900.25,386.0,917.75,147.0,909.5,945.5,12.724999904633,21.27499961853,0.3118650300431174
2004-12-10 22:00:00,2004-12-10,22:00:00,1.3,802.25,4.591495033754221,742.5,202.0,1050.75,110.0,826.25,751.0,12.774999856949,22.5,0.3308832253740982
2004-12-10 23:00:00,2004-12-10,23:00:00,1.0,792.25,3.360150939895025,674.0,162.0,1122.0,99.0,810.25,669.5,12.625,23.400000095367,0.3408170272952195
2004-12-11 00:00:00,2004-12-11,00:00:00,1.6,857.25,4.799437657555934,753.25,261.0,1034.25,116.0,859.75,754.25,12.375,24.025000095367,0.344334884327024
2004-12-11 01:00:00,2004-12-11,01:00:00,1.6,855.5,4.425146462846976,733.75,263.0,1040.75,121.0,852.75,781.25,12.475000143051,24.0,0.3461987211792978
2004-12-11 02:00:00,2004-12-11,02:00:00,1.1,868.75,3.843684322663092,702.0,159.0,1019.25,103.0,890.75,842.25,11.875,32.35000038147,0.4489309228429766
2004-12-11 03:00:00,2004-12-11,03:00:00,1.1,889.5,3.5898241376804827,687.5,135.0,1015.0,93.0,897.25,840.0,11.675000190735,33.75,0.4623387278040082
2004-12-11 04:00:00,2004-12-11,04:00:00,0.8,834.25,2.687517070046752,632.0,111.0,1102.0,83.0,870.5,745.5,11.474999904633,34.175000190735,0.4621344812166134
2004-12-11 05:00:00,2004-12-11,05:00:00,0.8,859.5,2.444611245499507,615.75,104.0,1105.25,76.0,872.75,753.5,10.524999856949,37.75,0.479890172115977
2004-12-11 06:00:00,2004-12-11,06:00:00,1.0,909.25,4.317259628933062,728.0,221.0,933.0,107.0,947.5,905.0,7.825000166893,47.425000190735,0.5046301829712969
2004-12-11 07:00:00,2004-12-11,07:00:00,1.2,955.25,5.176520430800061,772.25,243.0,1030.25,106.0,957.25,960.25,9.3250000476837,43.074999809265,0.5061686921092423
2004-12-11 08:00:00,2004-12-11,08:00:00,1.7,1035.0,8.371419782296357,914.33333333333,356.0,947.33333333333,124.0,1063.6666666667,1080.0,8.1666666666667,46.766666412354,0.509050535980653
2004-12-11 09:00:00,2004-12-11,09:00:00,2.4,1087.0,14.135145923260188,1121.0,429.0,710.5,134.0,1177.25,1208.75,10.650000095367,34.249999523163,0.4389617314613618
2004-12-11 10:00:00,2004-12-11,10:00:00,2.8,1101.25,12.98013285612212,1083.0,518.0,691.5,147.0,1130.0,1243.0,14.375,28.199999809265,0.4593341199255847
2004-12-11 11:00:00,2004-12-11,11:00:00,2.9,1134.75,13.484076653735867,1099.75,460.0,679.25,146.0,1160.5,1273.25,17.449999809265,23.27499961853,0.459942105309595
2004-12-11 12:00:00,2004-12-11,12:00:00,2.6,1095.0,12.49907422494975,1066.75,389.0,701.75,133.0,1151.75,1216.0,17.799999713898,23.599999904633,0.4766135847036211
2004-12-11 13:00:00,2004-12-11,13:00:00,2.3,985.75,8.794600710564875,931.25,362.0,814.75,120.0,1011.0,975.5,18.25,19.47500038147,0.4044239787724676
2004-12-11 14:00:00,2004-12-11,14:00:00,2.3,991.0,9.004199247323303,939.5,337.0,815.5,117.0,1035.25,972.75,18.89999961853,18.924999713898,0.4090857979979562
2004-12-11 15:00:00,2004-12-11,15:00:00,1.7,925.75,6.07436581400729,815.25,254.0,931.0,109.0,944.75,826.5,18.375000476837,19.674999713898,0.4117466121324551
2004-12-11 16:00:00,2004-12-11,16:00:00,1.8,974.25,7.808394019128357,891.25,281.0,856.5,112.0,1005.0,911.5,17.77499961853,21.0,0.4234480225364929
2004-12-11 17:00:00,2004-12-11,17:00:00,2.5,1041.5,11.475224454288908,1031.25,369.0,756.0,131.0,1093.5,1083.75,16.074999809265,23.424999713898,0.4247979202982158
2004-12-11 18:00:00,2004-12-11,18:00:00,2.4,1005.75,10.742266511095435,1005.0,350.0,781.0,133.0,1071.25,1044.5,14.875000238419,24.85000038147,0.417807153958647
2004-12-11 19:00:00,2004-12-11,19:00:00,2.0,979.25,9.170817613167577,946.0,323.0,825.5,138.0,1017.5,1025.75,14.575000286102,24.575000286102,0.4054028825509377
2004-12-11 20:00:00,2004-12-11,20:00:00,2.3,1071.75,10.901053644755171,1010.75,340.0,762.0,142.0,1075.0,1172.0,14.224999904633,26.849999904633,0.4331951435347063
2004-12-11 21:00:00,2004-12-11,21:00:00,2.9,1216.5,11.631403820053327,1036.75,443.0,668.5,138.0,1167.25,1451.5,13.25,38.699998855591,0.5867221401659004
2004-12-11 22:00:00,2004-12-11,22:00:00,2.0,1123.5,8.985057907981616,938.75,292.0,737.25,118.0,1125.75,1317.25,11.225000143051,45.125,0.6003888714298484
2004-12-11 23:00:00,2004-12-11,23:00:00,2.5,1151.5,11.61005364493879,1036.0,372.0,670.0,120.0,1206.25,1364.5,8.8249998092651,52.5,0.5969146459381337
2004-12-12 00:00:00,2004-12-12,00:00:00,3.0,1215.75,11.688419353879642,1038.75,443.0,684.5,132.0,1182.75,1377.5,8.5500001907349,54.275000572205,0.6059778120485138
2004-12-12 01:00:00,2004-12-12,01:00:00,2.4,1094.75,11.256683224907974,1023.5,360.0,708.0,121.0,1219.0,1246.0,8.0500000715256,53.199999809265,0.5746090461616027
2004-12-12 02:00:00,2004-12-12,02:00:00,2.6,1098.75,10.427677592349646,993.5,401.0,715.0,117.0,1163.75,1186.25,6.8499999046326,57.849999427795,0.5767714676521628
2004-12-12 03:00:00,2004-12-12,03:00:00,2.0,973.75,6.4460893359755085,832.25,337.0,832.25,109.5,1034.75,1023.75,6.5750000476837,58.10000038147,0.5686808358772815
2004-12-12 04:00:00,2004-12-12,04:00:00,2.1,1091.0,9.823748670124626,971.0,273.0,703.25,102.0,1148.25,1186.75,5.3500000238419,64.050001144409,0.5772282343495614
2004-12-12 05:00:00,2004-12-12,05:00:00,1.7,954.5,5.822959543858955,803.5,199.0,843.0,95.0,1016.75,1006.5,5.625,61.60000038147,0.565571737208138
2004-12-12 06:00:00,2004-12-12,06:00:00,1.5,974.75,7.049951745139518,859.0,177.0,776.75,81.0,1042.5,1018.75,4.1749999523163,68.950000762939,0.5736733010567581
2004-12-12 07:00:00,2004-12-12,07:00:00,1.3,909.0,3.9733780589080414,709.25,206.0,935.75,95.0,953.25,920.75,4.8499999046326,64.625,0.5629887479883791
2004-12-12 08:00:00,2004-12-12,08:00:00,1.9,991.75,6.901101305129944,852.5,323.0,821.0,111.0,1051.5,1037.75,3.9750000238419,68.97500038147,0.5660915916340695
2004-12-12 09:00:00,2004-12-12,09:00:00,2.0,1017.75,7.7424350889705185,888.5,392.0,780.25,118.0,1084.75,1105.0,4.875,66.300000190735,0.5785626762765633
2004-12-12 10:00:00,2004-12-12,10:00:00,2.7,1100.0,9.91003277401121,974.25,420.0,728.0,130.0,1131.25,1208.0,9.4000000953674,48.675000190735,0.5748031563712062
2004-12-12 11:00:00,2004-12-12,11:00:00,2.4,1100.5,8.85789311645183,933.75,333.0,750.5,116.0,1084.5,1208.25,12.625,39.85000038147,0.5804084877082971
2004-12-12 12:00:00,2004-12-12,12:00:00,2.7,1148.25,11.291810598722885,1024.75,395.0,701.25,128.0,1164.75,1281.5,14.399999856949,35.325000762939,0.5763037005444844
2004-12-12 13:00:00,2004-12-12,13:00:00,3.2,1252.5,13.73529005407188,1108.0,478.0,633.0,156.0,1252.75,1494.25,15.100000143051,37.374999046326,0.6373991876262609
2004-12-12 14:00:00,2004-12-12,14:00:00,3.4,1228.75,12.734935178249009,1074.75,470.0,638.0,169.0,1226.25,1499.5,15.97500038147,35.824998855591,0.6455971918606205
2004-12-12 15:00:00,2004-12-12,15:00:00,3.2,1250.25,14.508576744820012,1133.0,508.0,628.5,168.0,1273.75,1462.75,17.5,30.750000476837,0.6095491298096241
2004-12-12 16:00:00,2004-12-12,16:00:00,4.3,1432.25,18.390311283734544,1250.75,596.0,546.5,178.0,1396.25,1722.25,17.224999904633,34.22500038147,0.6669230930735653
2004-12-12 17:00:00,2004-12-12,17:00:00,5.0,1529.75,22.027404615292703,1351.75,694.0,491.25,178.0,1549.75,1933.75,14.349999904633,45.825000762939,0.7452334297568298
2004-12-12 18:00:00,2004-12-12,18:00:00,6.3,1603.5,25.362067479175536,1438.25,968.0,466.0,188.0,1649.5,2018.25,12.150000095367,53.925000190735,0.7617426751318166
2004-12-12 19:00:00,2004-12-12,19:00:00,4.6,1352.0,16.379861399702804,1191.25,658.0,570.0,169.0,1362.0,1796.0,11.575000047684,51.175000190735,0.6965174699768518
2004-12-12 20:00:00,2004-12-12,20:00:00,3.1,1235.0,12.44040290667598,1064.75,409.0,640.25,133.0,1212.75,1594.25,11.349999904633,50.10000038147,0.6720118133438446
2004-12-12 21:00:00,2004-12-12,21:00:00,2.6,1126.75,9.593046413094704,962.25,345.0,751.0,125.0,1119.75,1388.5,10.599999904633,51.200000762939,0.654063559617951
2004-12-12 22:00:00,2004-12-12,22:00:00,2.1,1073.25,7.061457835865667,859.5,230.0,895.5,110.0,1058.0,1238.25,9.5500001907349,51.675000190735,0.6162779515839386
2004-12-12 23:00:00,2004-12-12,23:00:00,2.1,1074.0,7.229194013399055,866.75,285.0,888.0,112.0,1063.5,1221.25,8.7000000476837,55.199999809265,0.6224504842382586
2004-12-13 00:00:00,2004-12-13,00:00:00,2.5,1132.5,9.299870846680465,951.0,310.0,824.75,112.0,1155.5,1254.0,7.875,60.249999046326,0.643231260439835
2004-12-13 01:00:00,2004-12-13,01:00:00,2.0,1020.75,5.918707400673933,808.0,224.0,961.0,102.0,1048.25,1097.5,7.8999999761581,59.200000762939,0.6330729067480189
2004-12-13 02:00:00,2004-12-13,02:00:00,1.8,994.5,5.902703204378455,807.25,213.0,977.75,90.0,1055.5,1043.5,6.6999999284744,64.64999961853,0.6381208174281252
2004-12-13 03:00:00,2004-12-13,03:00:00,1.3,882.0,2.4190388377301053,614.0,152.0,1221.25,77.0,930.75,887.5,6.8750002384186,62.349998474121,0.6226788026026437
2004-12-13 05:00:00,2004-12-13,05:00:00,0.7,867.75,1.7725701852013638,566.75,91.0,1238.0,64.0,918.75,823.0,6.4000000953674,63.300000190735,0.6123390997970366
2004-12-13 06:00:00,2004-12-13,06:00:00,0.9,921.25,3.051966703328714,655.25,178.0,1000.75,81.0,971.75,907.5,6.3500000238419,64.35000038147,0.6204079014344157
2004-12-13 07:00:00,2004-12-13,07:00:00,1.5,1040.75,6.759254914852198,846.25,351.0,829.25,106.0,1112.0,1076.0,5.625,68.924999237061,0.6328251836715967
2004-12-13 08:00:00,2004-12-13,08:00:00,3.4,1274.75,16.44582406398566,1193.25,587.0,595.75,140.0,1388.75,1392.5,6.4000000953674,65.624999046326,0.6348302167318216
2004-12-13 09:00:00,2004-12-13,09:00:00,3.4,1237.5,16.72742509453297,1201.75,475.0,748.25,138.0,1381.5,1428.5,7.3000000715256,61.375000953674,0.6306116059814834
2004-12-13 10:00:00,2004-12-13,10:00:00,3.2,1288.25,17.347351654718683,1220.25,576.0,937.25,165.0,1390.5,1594.0,9.5750000476837,53.650000572205,0.6408837421993858
2004-12-13 11:00:00,2004-12-13,11:00:00,4.8,1421.5,22.42147982125021,1362.25,920.0,775.0,214.0,1508.75,1955.75,12.0,45.900000572205,0.6421339467907766
2004-12-13 12:00:00,2004-12-13,12:00:00,3.5,1293.0,17.874136502499457,1235.75,710.0,784.0,178.0,1369.75,1871.5,12.725000143051,44.425001144409,0.6512152656754003
2004-12-13 13:00:00,2004-12-13,13:00:00,4.1,1409.75,22.43089885718588,1362.5,696.0,690.0,187.0,1514.75,2014.0,13.874999761581,42.849999427795,0.6761025143257074
2004-12-13 14:00:00,2004-12-13,14:00:00,4.8,1425.0,23.333382943384088,1386.25,744.0,690.75,203.0,1536.0,1977.5,15.000000238419,41.400000572205,0.7015923013937332
2004-12-13 15:00:00,2004-12-13,15:00:00,4.4,1590.25,27.96754337458652,1502.5,743.0,575.25,204.0,1558.5,2257.0,16.025000333786,38.650001525879,0.698696994915438
2004-12-13 16:00:00,2004-12-13,16:00:00,4.5,1520.0,30.059169034913392,1552.25,801.0,568.0,198.0,1615.0,2104.0,15.975000143051,38.575000762939,0.6951545733736081
2004-12-13 17:00:00,2004-12-13,17:00:00,5.9,1594.5,33.3553849536004,1627.75,1014.0,495.0,218.0,1822.0,2139.5,14.124999761581,44.875,0.719417734985104
2004-12-13 18:00:00,2004-12-13,18:00:00,9.9,1881.0,50.77953258507225,1983.0,1479.0,333.5,269.0,2271.25,2522.75,12.625,55.89999961853,0.8141740007754688
2004-12-13 19:00:00,2004-12-13,19:00:00,6.9,1633.0,35.583893060263925,1677.0,1018.0,399.5,217.0,1879.5,2188.0,11.700000047684,60.750000953674,0.8335574851852164
2004-12-13 20:00:00,2004-12-13,20:00:00,4.3,1391.25,21.5251207425991,1338.25,729.0,508.75,183.0,1514.0,1816.25,11.5,60.900000572205,0.8248612654931872
2004-12-13 21:00:00,2004-12-13,21:00:00,2.9,1262.75,15.484368331065324,1163.75,508.0,580.75,147.0,1338.25,1586.75,10.599999904633,64.050001144409,0.8182181858944418
2004-12-13 22:00:00,2004-12-13,22:00:00,2.0,1147.0,10.928770146232752,1011.75,347.0,665.0,120.0,1214.0,1381.0,10.100000143051,66.199998855591,0.8185014896454291
2004-12-13 23:00:00,2004-12-13,23:00:00,1.7,1102.5,8.718905392023482,928.25,327.0,714.5,112.0,1174.25,1286.5,8.9500000476837,70.099998474121,0.8036278363077064
2004-12-14 00:00:00,2004-12-14,00:00:00,1.9,1071.0,7.38295813779927,873.33333333333,339.0,738.66666666667,107.0,1149.6666666667,1193.3333333333,8.6333332061768,70.5,0.7914807682220061
2004-12-14 01:00:00,2004-12-14,01:00:00,2.0,1137.0,9.923335795241156,974.75,358.0,687.25,103.0,1233.75,1223.0,7.6000000238419,74.25,0.7783178135516975
2004-12-14 02:00:00,2004-12-14,02:00:00,1.9,1066.0,8.190742427541943,907.0,377.0,728.25,97.0,1174.0,1121.5,6.8500001430511,76.124998092651,0.7589754193676187
2004-12-14 03:00:00,2004-12-14,03:00:00,1.0,918.25,3.874821642800269,703.75,271.0,920.0,85.5,1031.75,932.0,8.0250000953674,70.550000190735,0.7607407855121641
2004-12-14 04:00:00,2004-12-14,04:00:00,0.8,895.25,3.169632025203684,662.5,165.0,977.0,74.0,1007.25,865.75,6.7749999761581,75.35000038147,0.7474828683132355
2004-12-14 05:00:00,2004-12-14,05:00:00,0.7,884.75,3.0399028565473483,654.5,145.0,996.25,68.0,1015.25,847.75,6.6000000238419,75.250001907349,0.7377812592615207
2004-12-14 06:00:00,2004-12-14,06:00:00,1.1,963.5,5.40550061636386,783.5,282.0,824.0,92.0,1079.75,959.25,5.9750000238419,77.25,0.7262133732956798
2004-12-14 07:00:00,2004-12-14,07:00:00,1.7,1088.0,8.687448039881527,927.0,494.0,715.0,111.0,1196.0,1154.0,6.0,76.675001144409,0.7220234932773515
2004-12-14 08:00:00,2004-12-14,08:00:00,3.1,1274.0,15.371938788300142,1160.25,606.0,587.25,133.0,1411.5,1372.5,6.8500000238419,73.699996948242,0.7347978593896163
2004-12-14 09:00:00,2004-12-14,09:00:00,4.4,1405.75,27.175530733538523,1483.25,581.0,478.25,139.0,1766.5,1708.0,7.5500000715256,70.550001144409,0.7370729702335821
2004-12-14 10:00:00,2004-12-14,10:00:00,5.6,1521.25,30.713161327984057,1567.5,920.0,440.0,192.0,1842.5,2097.0,9.3250000476837,64.199999809265,0.7544058057054175
2004-12-14 11:00:00,2004-12-14,11:00:00,4.4,1407.5,24.33871347808761,1412.25,811.0,483.75,192.0,1607.5,2056.0,11.674999952316,55.699999809265,0.7630301230532143
2004-12-14 12:00:00,2004-12-14,12:00:00,4.4,1377.0,21.664148451924888,1342.0,786.0,499.0,206.0,1545.5,2005.5,12.875000238419,54.074999809265,0.8003455532437396
2004-12-14 13:00:00,2004-12-14,13:00:00,4.7,1469.75,25.820425369339727,1449.75,677.0,481.0,182.0,1705.5,2014.5,14.024999856949,53.049999237061,0.8450794272052674
2004-12-14 14:00:00,2004-12-14,14:00:00,4.2,1415.75,21.81286506943192,1346.0,612.0,608.5,192.0,1569.75,1945.0,15.075000047684,50.224999427795,0.8551926691627102
2004-12-14 15:00:00,2004-12-14,15:00:00,3.3,1383.0,20.617129922274867,1313.5,524.0,785.25,188.0,1538.25,1793.0,16.650000095367,47.25,0.8882809694079756
2004-12-14 16:00:00,2004-12-14,16:00:00,5.1,1574.0,27.165308706075532,1483.0,775.0,460.0,186.0,1777.5,1961.5,16.799999237061,48.35000038147,0.9175215907100968
2004-12-14 17:00:00,2004-12-14,17:00:00,7.4,1570.6733333333334,27.0213929101866,1479.1066666666666,1159.0,461.38,257.0,1774.3533333333332,1953.8666666666666,16.75399924596196,48.61200037638373,0.9191219988266629
2004-12-14 18:00:00,2004-12-14,18:00:00,9.3,1567.3466666666666,26.87747711429767,1475.2133333333334,1310.0,462.76,248.0,1771.2066666666667,1946.2333333333333,16.707999254862923,48.87400037129746,0.920722406943229
2004-12-14 19:00:00,2004-12-14,19:00:00,7.4,1564.02,26.733561318408736,1471.32,1037.0,464.14,208.0,1768.06,1938.6,16.66199926376388,49.1360003662112,0.9223228150597951
2004-12-14 20:00:00,2004-12-14,20:00:00,5.3,1560.6933333333334,26.589645522519803,1467.4266666666667,791.0,465.52,167.0,1764.9133333333334,1930.9666666666667,16.61599927266484,49.39800036112493,0.9239232231763612
2004-12-14 21:00:00,2004-12-14,21:00:00,4.1,1557.3666666666666,26.44572972663087,1463.5333333333333,670.0,466.9,148.0,1761.7666666666667,1923.3333333333333,16.569999281565803,49.660000356038665,0.9255236312929274
2004-12-14 22:00:00,2004-12-14,22:00:00,2.5,1554.04,26.30181393074194,1459.64,341.0,468.28,112.0,1758.62,1915.7,16.52399929046676,49.922000350952395,0.9271240394094935
2004-12-14 23:00:00,2004-12-14,23:00:00,2.1,1550.7133333333334,26.157898134853006,1455.7466666666667,365.0,469.66,108.0,1755.4733333333334,1908.0666666666666,16.47799929936772,50.18400034586613,0.9287244475260596
2004-12-15 00:00:00,2004-12-15,00:00:00,2.9,1547.3866666666668,26.013982338964073,1451.8533333333332,510.0,471.04,115.0,1752.3266666666666,1900.4333333333334,16.431999308268683,50.44600034077986,0.9303248556426257
2004-12-15 01:00:00,2004-12-15,01:00:00,2.3,1544.06,25.87006654307514,1447.96,352.0,472.42,96.0,1749.18,1892.8,16.38599931716964,50.7080003356936,0.9319252637591918
2004-12-15 02:00:00,2004-12-15,02:00:00,1.7,1540.7333333333333,25.72615074718621,1444.0666666666666,299.0,473.8,87.0,1746.0333333333333,1885.1666666666667,16.3399993260706,50.970000330607334,0.933525671875758
2004-12-15 03:00:00,2004-12-15,03:00:00,0.9,1537.4066666666668,25.582234951297277,1440.1733333333334,201.0,475.18,74.0,1742.8866666666668,1877.5333333333333,16.293999334971563,51.232000325521064,0.9351260799923241
2004-12-15 04:00:00,2004-12-15,04:00:00,0.7,1534.08,25.438319155408344,1436.28,103.0,476.56,61.0,1739.74,1869.9,16.24799934387252,51.4940003204348,0.9367264881088903
2004-12-15 05:00:00,2004-12-15,05:00:00,0.8,1530.7533333333333,25.29440335951941,1432.3866666666668,133.0,477.94,61.0,1736.5933333333332,1862.2666666666667,16.20199935277348,51.75600031534853,0.9383268962254563
2004-12-15 06:00:00,2004-12-15,06:00:00,1.0,1527.4266666666667,25.15048756363048,1428.4933333333333,244.0,479.32,82.0,1733.4466666666667,1854.6333333333332,16.155999361674443,52.018000310262266,0.9399273043420224
2004-12-15 07:00:00,2004-12-15,07:00:00,1.2,1524.1,25.006571767741548,1424.6,222.0,480.7,83.0,1730.3,1847.0,16.1099993705754,52.280000305175996,0.9415277124585886
2004-12-15 08:00:00,2004-12-15,08:00:00,3.5,1520.7733333333333,24.862655971852615,1420.7066666666667,591.0,482.08,116.0,1727.1533333333334,1839.3666666666666,16.06399937947636,52.54200030008973,0.9431281205751547
2004-12-15 09:00:00,2004-12-15,09:00:00,4.5,1517.4466666666667,24.71874017596368,1416.8133333333333,821.0,483.46,147.0,1724.0066666666667,1831.7333333333333,16.017999388377323,52.80400029500346,0.9447285286917209
2004-12-15 10:00:00,2004-12-15,10:00:00,4.9,1514.12,24.57482438007475,1412.92,803.0,484.84,167.0,1720.86,1824.1,15.971999397278282,53.0660002899172,0.9463289368082869
2004-12-15 11:00:00,2004-12-15,11:00:00,3.5,1510.7933333333333,24.43090858418582,1409.0266666666666,809.0,486.22,176.0,1717.7133333333334,1816.4666666666667,15.92599940617924,53.32800028483093,0.947929344924853
2004-12-15 12:00:00,2004-12-15,12:00:00,3.4,1507.4666666666667,24.286992788296885,1405.1333333333332,836.0,487.6,177.0,1714.5666666666666,1808.8333333333333,15.879999415080201,53.590000279744665,0.9495297530414192
2004-12-15 13:00:00,2004-12-15,13:00:00,4.0,1504.14,24.143076992407956,1401.24,820.0,488.98,169.0,1711.42,1801.2,15.833999423981162,53.852000274658394,0.9511301611579853
2004-12-15 14:00:00,2004-12-15,14:00:00,4.3,1500.8133333333333,23.999161196519022,1397.3466666666666,861.0,490.36,181.0,1708.2733333333333,1793.5666666666666,15.78799943288212,54.11400026957213,0.9527305692745515
2004-12-15 15:00:00,2004-12-15,15:00:00,4.0,1497.4866666666667,23.85524540063009,1393.4533333333334,842.0,491.74,183.0,1705.1266666666666,1785.9333333333334,15.741999441783081,54.37600026448587,0.9543309773911175
2004-12-15 16:00:00,2004-12-15,16:00:00,4.7,1494.16,23.711329604741156,1389.56,933.0,493.12,176.0,1701.98,1778.3,15.695999450684042,54.6380002593996,0.9559313855076836
2004-12-15 17:00:00,2004-12-15,17:00:00,6.6,1490.8333333333333,23.567413808852226,1385.6666666666667,1237.0,494.5,229.0,1698.8333333333333,1770.6666666666667,15.649999459585,54.90000025431333,0.9575317936242498
2004-12-15 18:00:00,2004-12-15,18:00:00,7.3,1487.5066666666667,23.423498012963293,1381.7733333333333,1137.0,495.88,214.0,1695.6866666666667,1763.0333333333333,15.603999468485961,55.16200024922706,0.9591322017408159
2004-12-15 19:00:00,2004-12-15,19:00:00,3.6,1484.18,23.27958221707436,1377.88,484.0,497.26,137.0,1692.54,1755.4,15.557999477386922,55.4240002441408,0.9607326098573821
2004-12-15 20:00:00,2004-12-15,20:00:00,2.4,1480.8533333333332,23.135666421185427,1373.9866666666667,325.0,498.64,115.0,1689.3933333333334,1747.7666666666667,15.51199948628788,55.68600023905453,0.9623330179739481
2004-12-15 21:00:00,2004-12-15,21:00:00,2.1,1477.5266666666666,22.991750625296497,1370.0933333333332,292.0,500.02,107.0,1686.2466666666667,1740.1333333333332,15.465999495188841,55.948000233968266,0.9639334260905142
2004-12-15 22:00:00,2004-12-15,22:00:00,2.1,1474.2,22.847834829407564,1366.2,303.0,501.4,105.0,1683.1,1732.5,15.419999504089802,56.210000228881995,0.9655338342070804
2004-12-15 23:00:00,2004-12-15,23:00:00,1.7,1470.8733333333334,22.70391903351863,1362.3066666666666,242.0,502.78,96.0,1679.9533333333334,1724.8666666666666,15.37399951299076,56.47200022379573,0.9671342423236465
2004-12-16 00:00:00,2004-12-16,00:00:00,2.2,1467.5466666666666,22.5600032376297,1358.4133333333334,314.0,504.15999999999997,100.0,1676.8066666666666,1717.2333333333333,15.327999521891721,56.73400021870947,0.9687346504402127
2004-12-16 01:00:00,2004-12-16,01:00:00,2.0,1464.22,22.416087441740768,1354.52,289.0,505.54,100.0,1673.66,1709.6,15.281999530792682,56.9960002136232,0.9703350585567787
2004-12-16 02:00:00,2004-12-16,02:00:00,1.6,1460.8933333333334,22.272171645851834,1350.6266666666666,224.0,506.92,92.0,1670.5133333333333,1701.9666666666667,15.23599953969364,57.25800020853693,0.9719354666733449
2004-12-16 03:00:00,2004-12-16,03:00:00,1.7,1457.5666666666666,22.1282558499629,1346.7333333333333,186.5,508.3,83.0,1667.3666666666668,1694.3333333333333,15.189999548594601,57.520000203450664,0.973535874789911
2004-12-16 05:00:00,2004-12-16,05:00:00,1.0,1454.24,21.984340054073968,1342.84,149.0,509.68,74.0,1664.22,1686.7,15.143999557495562,57.7820001983644,0.9751362829064771
2004-12-16 06:00:00,2004-12-16,06:00:00,1.0,1450.9133333333334,21.84042425818504,1338.9466666666667,212.0,511.06,81.0,1661.0733333333333,1679.0666666666666,15.09799956639652,58.04400019327813,0.9767366910230433
2004-12-16 07:00:00,2004-12-16,07:00:00,1.6,1447.5866666666666,21.696508462296105,1335.0533333333333,398.0,512.44,99.0,1657.9266666666667,1671.4333333333334,15.051999575297481,58.30600018819187,0.9783370991396093
2004-12-16 08:00:00,2004-12-16,08:00:00,3.5,1444.26,21.552592666407172,1331.16,763.0,513.8199999999999,123.0,1654.78,1663.8,15.005999584198442,58.568000183105596,0.9799375072561755
2004-12-16 09:00:00,2004-12-16,09:00:00,5.3,1440.9333333333334,21.408676870518242,1327.2666666666667,905.0,515.2,146.0,1651.6333333333334,1656.1666666666665,14.9599995930994,58.83000017801933,0.9815379153727416
2004-12-16 10:00:00,2004-12-16,10:00:00,4.6,1437.6066666666666,21.26476107462931,1323.3733333333334,849.0,516.58,161.0,1648.4866666666667,1648.5333333333333,14.913999602000361,59.09200017293307,0.9831383234893077
2004-12-16 11:00:00,2004-12-16,11:00:00,4.5,1434.28,21.120845278740376,1319.48,1015.0,517.96,210.0,1645.34,1640.9,14.86799961090132,59.3540001678468,0.9847387316058739
2004-12-16 12:00:00,2004-12-16,12:00:00,4.2,1430.9533333333334,20.976929482851446,1315.5866666666666,845.0,519.34,190.0,1642.1933333333334,1633.2666666666667,14.82199961980228,59.61600016276053,0.9863391397224399
2004-12-16 13:00:00,2004-12-16,13:00:00,4.1,1427.6266666666666,20.833013686962513,1311.6933333333334,740.0,520.72,170.0,1639.0466666666666,1625.6333333333332,14.775999628703241,59.878000157674265,0.9879395478390061
2004-12-16 14:00:00,2004-12-16,14:00:00,5.5,1424.3,20.68909789107358,1307.8,1018.0,522.1,212.0,1635.9,1618.0,14.7299996376042,60.140000152588,0.9895399559555722
2004-12-16 15:00:00,2004-12-16,15:00:00,4.8,1420.9733333333334,20.545182095184646,1303.9066666666668,1058.0,523.48,217.0,1632.7533333333333,1610.3666666666668,14.68399964650516,60.40200014750173,0.9911403640721383
2004-12-16 16:00:00,2004-12-16,16:00:00,5.5,1417.6466666666668,20.401266299295713,1300.0133333333333,1182.0,524.86,236.0,1629.6066666666666,1602.7333333333333,14.637999655406121,60.66400014241547,0.9927407721887045
2004-12-16 17:00:00,2004-12-16,17:00:00,5.2,1414.32,20.257350503406784,1296.12,1089.0,526.24,217.0,1626.46,1595.1,14.59199966430708,60.9260001373292,0.9943411803052706
2004-12-16 18:00:00,2004-12-16,18:00:00,7.5,1410.9933333333333,20.11343470751785,1292.2266666666667,1186.0,527.62,231.0,1623.3133333333333,1587.4666666666667,14.54599967320804,61.188000132242934,0.9959415884218367
2004-12-16 19:00:00,2004-12-16,19:00:00,8.6,1407.6666666666667,19.969518911628917,1288.3333333333333,1235.0,529.0,227.0,1620.1666666666667,1579.8333333333333,14.499999682109,61.45000012715666,0.9975419965384028
2004-12-16 20:00:00,2004-12-16,20:00:00,9.1,1404.34,19.825603115739987,1284.44,1253.0,530.38,219.0,1617.02,1572.2,14.45399969100996,61.7120001220704,0.999142404654969
2004-12-16 21:00:00,2004-12-16,21:00:00,8.6,1401.0133333333333,19.681687319851054,1280.5466666666666,1237.0,531.76,203.0,1613.8733333333334,1564.5666666666666,14.40799969991092,61.97400011698413,1.000742812771535
2004-12-16 22:00:00,2004-12-16,22:00:00,5.4,1397.6866666666667,19.53777152396212,1276.6533333333334,1060.0,533.14,186.0,1610.7266666666667,1556.9333333333334,14.36199970881188,62.236000111897866,1.0023432208881011
2004-12-16 23:00:00,2004-12-16,23:00:00,4.3,1394.3600000000001,19.393855728073188,1272.76,873.0,534.52,173.0,1607.58,1549.3,14.31599971771284,62.4980001068116,1.0039436290046673
2004-12-17 00:00:00,2004-12-17,00:00:00,4.2,1391.0333333333333,19.249939932184255,1268.8666666666666,807.0,535.9,162.0,1604.4333333333334,1541.6666666666665,14.2699997266138,62.76000010172533,1.0055440371212334
2004-12-17 01:00:00,2004-12-17,01:00:00,4.3,1387.7066666666667,19.106024136295325,1264.9733333333334,798.0,537.28,161.0,1601.2866666666666,1534.0333333333333,14.22399973551476,63.02200009663906,1.0071444452377996
2004-12-17 02:00:00,2004-12-17,02:00:00,4.2,1384.38,18.96210834040639,1261.08,691.0,538.66,144.0,1598.14,1526.4,14.17799974441572,63.2840000915528,1.0087448533543657
2004-12-17 03:00:00,2004-12-17,03:00:00,2.8,1381.0533333333333,18.81819254451746,1257.1866666666667,562.0,540.04,131.5,1594.9933333333333,1518.7666666666667,14.13199975331668,63.546000086466535,1.0103452614709318
2004-12-17 04:00:00,2004-12-17,04:00:00,2.2,1377.7266666666667,18.67427674862853,1253.2933333333333,433.0,541.42,119.0,1591.8466666666666,1511.1333333333332,14.08599976221764,63.808000081380264,1.011945669587498
2004-12-17 05:00:00,2004-12-17,05:00:00,1.8,1374.4,18.530360952739596,1249.4,371.0,542.8,112.0,1588.7,1503.5,14.0399997711186,64.070000076294,1.013546077704064
2004-12-17 06:00:00,2004-12-17,06:00:00,2.0,1371.0733333333333,18.386445156850662,1245.5066666666667,469.0,544.18,111.0,1585.5533333333333,1495.8666666666666,13.99399978001956,64.33200007120773,1.01514648582063
2004-12-17 07:00:00,2004-12-17,07:00:00,2.5,1367.7466666666667,18.242529360961733,1241.6133333333332,658.0,545.56,122.0,1582.4066666666668,1488.2333333333333,13.94799978892052,64.59400006612147,1.0167468939371962
2004-12-17 08:00:00,2004-12-17,08:00:00,4.1,1364.42,18.098613565072796,1237.72,854.0,546.94,137.0,1579.26,1480.6,13.90199979782148,64.8560000610352,1.0183473020537623
2004-12-17 09:00:00,2004-12-17,09:00:00,6.3,1361.0933333333332,17.954697769183866,1233.8266666666666,1005.0,548.3199999999999,151.0,1576.1133333333332,1472.9666666666667,13.85599980672244,65.11800005594893,1.0199477101703285
2004-12-17 10:00:00,2004-12-17,10:00:00,5.0,1357.7666666666667,17.810781973294937,1229.9333333333334,937.0,549.7,164.0,1572.9666666666667,1465.3333333333333,13.8099998156234,65.38000005086266,1.0215481182868946
2004-12-17 11:00:00,2004-12-17,11:00:00,5.1,1354.44,17.666866177406,1226.04,963.0,551.08,198.0,1569.82,1457.7,13.76399982452436,65.6420000457764,1.0231485264034608
2004-12-17 12:00:00,2004-12-17,12:00:00,3.6,1351.1133333333332,17.52295038151707,1222.1466666666665,635.0,552.46,213.0,1566.6733333333334,1450.0666666666666,13.71799983342532,65.90400004069014,1.024748934520027
2004-12-17 13:00:00,2004-12-17,13:00:00,3.5,1347.7866666666666,17.379034585628137,1218.2533333333333,521.0,553.84,164.0,1563.5266666666666,1442.4333333333334,13.67199984232628,66.16600003560387,1.026349342636593
2004-12-17 14:00:00,2004-12-17,14:00:00,3.7,1344.46,17.235118789739204,1214.3600000000001,613.0,555.22,177.0,1560.38,1434.8,13.62599985122724,66.4280000305176,1.0279497507531592
2004-12-17 15:00:00,2004-12-17,15:00:00,3.1,1341.1333333333332,17.091202993850274,1210.4666666666667,516.0,556.6,168.0,1557.2333333333333,1427.1666666666665,13.5799998601282,66.69000002543133,1.0295501588697253
2004-12-17 16:00:00,2004-12-17,16:00:00,3.2,1337.8066666666666,16.94728719796134,1206.5733333333333,446.0,557.98,150.0,1554.0866666666666,1419.5333333333333,13.53399986902916,66.95200002034507,1.0311505669862913
2004-12-17 17:00:00,2004-12-17,17:00:00,3.8,1334.48,16.803371402072408,1202.68,499.0,559.36,152.0,1550.94,1411.9,13.48799987793012,67.2140000152588,1.0327509751028574
2004-12-17 18:00:00,2004-12-17,18:00:00,3.2,1331.1533333333334,16.659455606183478,1198.7866666666666,407.0,560.74,138.0,1547.7933333333333,1404.2666666666667,13.44199988683108,67.47600001017253,1.0343513832194235
2004-12-17 19:00:00,2004-12-17,19:00:00,3.2,1327.8266666666666,16.51553981029454,1194.8933333333334,418.0,562.12,129.0,1544.6466666666668,1396.6333333333332,13.39599989573204,67.73800000508626,1.0359517913359897
2004-12-17 20:00:00,2004-12-17,20:00:00,3.3,1324.5,16.37162401440561,1191.0,403.0,563.5,130.0,1541.5,1389.0,13.349999904633,68.0,1.0375521994525558
2004-12-17 21:00:00,2004-12-17,21:00:00,3.1,1315.5,13.446186578745062,1098.5,412.0,610.25,137.0,1451.0,1267.75,13.174999952316,72.799999237061,1.0984163346697973
2004-12-17 22:00:00,2004-12-17,22:00:00,2.4,1170.0,8.166234911142775,906.0,322.0,707.0,125.0,1317.25,1046.25,12.574999809265,76.5,1.1106322330078926
2004-12-17 23:00:00,2004-12-17,23:00:00,1.4,1060.75,5.738409861607065,799.5,200.0,818.75,106.0,1231.75,862.0,12.649999856949,74.324998855591,1.0842724907821517
2004-12-18 00:00:00,2004-12-18,00:00:00,2.1,1109.25,6.958191195775006,855.0,244.0,786.5,121.0,1220.0,866.0,12.850000143051,72.125,1.0657855420218
2004-12-18 01:00:00,2004-12-18,01:00:00,1.4,1025.0,5.612575310063474,793.5,199.0,848.0,101.0,1202.0,787.5,13.100000143051,70.549999237061,1.059364993605328
2004-12-18 02:00:00,2004-12-18,02:00:00,1.4,1086.0,5.101134317941586,768.5,190.0,821.75,100.0,1196.0,856.75,12.375,73.77499961853,1.0573696507402537
2004-12-18 03:00:00,2004-12-18,03:00:00,1.3,1058.25,4.303271193472167,727.25,171.5,834.25,93.0,1192.5,860.25,12.174999952316,74.47500038147,1.0537293491378823
2004-12-18 04:00:00,2004-12-18,04:00:00,1.0,1034.0,4.150678149020288,719.0,153.0,857.5,86.0,1189.0,845.0,11.825000047684,76.25,1.0547296021349175
2004-12-18 05:00:00,2004-12-18,05:00:00,1.3,1064.5,6.090566655381708,816.0,215.0,777.25,90.0,1244.5,872.5,10.825000047684,79.975002288818,1.036746952326166
2004-12-18 06:00:00,2004-12-18,06:00:00,1.0,987.75,5.201753846972903,773.5,206.0,842.0,89.0,1189.0,841.0,10.350000143051,77.250001907349,0.9708687014001536
2004-12-18 07:00:00,2004-12-18,07:00:00,1.1,985.75,5.431203339043807,784.75,225.0,842.25,96.0,1172.75,852.5,9.9500000476837,76.22500038147,0.933238391038443
2004-12-18 08:00:00,2004-12-18,08:00:00,2.1,1136.0,11.012099605331478,1014.75,416.0,702.0,125.0,1286.5,1063.0,9.4499998092651,67.674999237061,0.8018065357746894
2004-12-18 09:00:00,2004-12-18,09:00:00,3.2,1255.75,16.14169494548916,1184.0,613.0,582.25,143.0,1447.75,1276.0,9.25,71.199998855591,0.8325410485326209
2004-12-18 10:00:00,2004-12-18,10:00:00,3.3,1228.0,15.686003446081612,1170.0,567.0,595.75,153.0,1374.5,1332.25,12.575000047684,54.0,0.7839757059114372
2004-12-18 11:00:00,2004-12-18,11:00:00,2.3,955.75,8.788282114529338,931.0,409.0,799.0,140.0,1046.25,1014.5,16.075000047684,28.474999904633,0.5163765664360529
2004-12-18 12:00:00,2004-12-18,12:00:00,1.0,780.5,3.883737686012144,704.25,183.0,1062.25,92.0,841.5,594.25,16.575000286102,19.925000190735,0.3728289761040429
2004-12-18 13:00:00,2004-12-18,13:00:00,0.8,758.5,3.781731313612756,698.5,140.0,1222.5,78.0,798.75,501.0,15.874999523163,18.174999713898,0.325477216130081
2004-12-18 14:00:00,2004-12-18,14:00:00,0.8,721.75,3.3016653531086257,670.5,133.0,1596.25,68.0,736.5,447.75,14.299999952316,18.449999809265,0.2990930712656111
2004-12-18 15:00:00,2004-12-18,15:00:00,0.6,698.5,2.404477535468702,613.0,115.0,1730.5,64.0,682.25,386.75,14.950000047684,16.275000095367,0.2749361342423445
2004-12-18 16:00:00,2004-12-18,16:00:00,0.9,755.0,3.62873100288002,689.75,157.0,1652.5,80.0,749.5,467.0,14.900000095367,17.075000286102,0.2875394420311837
2004-12-18 17:00:00,2004-12-18,17:00:00,0.8,746.0,3.5253771645447527,683.75,149.0,1300.5,81.0,764.25,484.25,13.174999952316,18.799999713898,0.2836569642025555
2004-12-18 18:00:00,2004-12-18,18:00:00,1.2,784.25,4.625078391332139,744.25,219.0,1080.25,102.0,802.0,607.5,12.350000143051,19.550000190735,0.2797466802605875
2004-12-18 19:00:00,2004-12-18,19:00:00,2.1,930.5,9.850263360273429,972.0,424.0,868.0,132.0,973.5,952.5,11.899999856949,21.275000095367,0.2957172000312127
2004-12-18 20:00:00,2004-12-18,20:00:00,3.9,1111.5,18.965323348624494,1267.25,659.0,670.5,162.0,1250.25,1307.0,11.074999809265,24.775000095367,0.3264348076044975
2004-12-18 21:00:00,2004-12-18,21:00:00,4.4,1133.25,17.178855934198396,1215.25,727.0,674.0,179.0,1195.75,1414.75,10.075000047684,29.699999809265,0.3666124381386269
2004-12-18 22:00:00,2004-12-18,22:00:00,2.0,885.5,8.443746794779294,917.25,398.0,908.0,148.0,900.5,1022.5,10.150000095367,23.824999809265,0.295539477852559
2004-12-18 23:00:00,2004-12-18,23:00:00,2.3,993.25,11.432786377520737,1029.75,414.0,804.75,146.0,1004.75,1154.0,9.4000000953674,27.424999713898,0.3238618661994085
2004-12-19 00:00:00,2004-12-19,00:00:00,3.6,1215.25,15.58907979445943,1167.0,600.0,664.0,164.0,1181.25,1426.0,7.8500001430511,38.97500038147,0.4154073572782585
2004-12-19 01:00:00,2004-12-19,01:00:00,3.9,1160.25,12.987594194106656,1083.25,596.0,705.75,162.0,1114.0,1363.0,7.6499999761581,40.625,0.4272680544387109
2004-12-19 02:00:00,2004-12-19,02:00:00,1.6,928.25,6.160982751377795,819.25,225.0,918.5,118.0,923.25,1006.25,6.4499999284744,43.700000762939,0.4241590219709363
2004-12-19 03:00:00,2004-12-19,03:00:00,1.0,878.75,4.205894718223859,722.0,175.5,1013.75,98.5,878.25,872.75,6.3000000715256,44.675000190735,0.4292727265306255
2004-12-19 05:00:00,2004-12-19,05:00:00,1.0,840.0,2.952058024181716,649.0,126.0,1043.75,79.0,869.25,798.75,3.25,53.525000572205,0.4179880871230115
2004-12-19 06:00:00,2004-12-19,06:00:00,0.8,848.0,2.389953730982338,612.0,83.0,1169.0,62.0,851.66666666667,702.66666666667,4.7666665712992,49.93333307902,0.4325433933287068
2004-12-19 07:00:00,2004-12-19,07:00:00,0.7,827.75,3.12477702038371,659.75,156.0,1078.25,85.0,881.25,780.75,2.1749999523163,60.14999961853,0.436138091328429
2004-12-19 08:00:00,2004-12-19,08:00:00,1.0,846.75,3.7773225290074417,698.25,240.0,1034.0,110.0,904.5,814.75,2.4999999403954,59.349999427795,0.4401251668882734
2004-12-19 09:00:00,2004-12-19,09:00:00,1.0,867.75,3.214759295216265,665.25,186.0,1067.25,99.0,865.25,799.5,3.2250000238419,55.724999427795,0.4344210591795321
2004-12-19 10:00:00,2004-12-19,10:00:00,1.5,969.75,6.155553879862038,819.0,224.0,923.0,101.0,958.5,925.5,4.9749999046326,48.824999809265,0.4289717496039777
2004-12-19 11:00:00,2004-12-19,11:00:00,2.5,1076.75,9.619294035713365,963.25,386.0,760.5,129.0,1081.25,1150.5,5.75,49.825000762939,0.461339989643182
2004-12-19 12:00:00,2004-12-19,12:00:00,2.6,1057.75,9.579934069156192,961.75,397.0,777.75,132.0,1058.0,1152.75,6.0249999761581,47.574999809265,0.4487536412424805
2004-12-19 13:00:00,2004-12-19,13:00:00,3.2,1135.75,12.506416413613422,1067.0,477.0,701.5,148.0,1143.0,1298.25,7.3999999761581,44.600001335144,0.4613218992263753
2004-12-19 14:00:00,2004-12-19,14:00:00,3.0,1228.0,12.543154925392724,1068.25,405.0,657.75,134.0,1263.5,1237.5,5.2250001430511,73.125000953674,0.6534569179060632
2004-12-19 15:00:00,2004-12-19,15:00:00,3.4,1235.25,14.042437482361615,1118.0,453.0,611.75,148.0,1354.0,1221.75,4.7749998569489,81.400001525879,0.7055204520091579
2004-12-19 16:00:00,2004-12-19,16:00:00,3.3,1216.5,11.5958294863929,1035.5,459.0,660.5,146.0,1260.0,1170.75,4.7249999046326,82.25,0.7104679044827144
2004-12-19 17:00:00,2004-12-19,17:00:00,3.6,1297.5,12.95775981119476,1082.25,452.0,641.5,148.0,1287.0,1237.0,4.7250000238419,82.849998474121,0.7156506416967099
2004-12-19 18:00:00,2004-12-19,18:00:00,5.5,1326.75,17.305162000428265,1219.0,579.0,581.5,175.0,1452.5,1366.0,4.6749999523163,83.374998092651,0.7177401215551913
2004-12-19 19:00:00,2004-12-19,19:00:00,4.5,1293.25,14.610427960363092,1136.25,542.0,631.0,170.0,1364.75,1278.25,5.200000166893,83.074998855591,0.7411149139481136
2004-12-19 20:00:00,2004-12-19,20:00:00,4.7,1353.25,16.248275300405535,1187.25,601.0,599.0,173.0,1424.0,1292.5,5.5,84.10000038147,0.7656545830304884
2004-12-19 21:00:00,2004-12-19,21:00:00,4.3,1254.0,13.811805346219716,1110.5,521.0,630.25,151.0,1360.0,1198.0,5.75,84.474998474121,0.7821714866916141
2004-12-19 22:00:00,2004-12-19,22:00:00,3.2,1189.25,10.570799727369264,998.75,411.0,680.25,129.0,1285.5,1114.75,6.1749999523163,84.14999961853,0.801808166810247
2004-12-19 23:00:00,2004-12-19,23:00:00,2.9,1182.5,9.125830725364114,944.25,382.0,731.0,126.0,1226.25,1091.75,6.625,83.325000762939,0.8183233551611636
2004-12-20 00:00:00,2004-12-20,00:00:00,3.1,1184.75,9.685046806517573,965.75,421.0,711.0,127.0,1250.0,1103.5,6.7749999761581,82.824998855591,0.821635930977945
2004-12-20 01:00:00,2004-12-20,01:00:00,2.8,1098.0,7.038453654816475,858.5,362.0,792.0,118.0,1211.0,1006.0,8.2250000238419,78.35000038147,0.8561389814514206
2004-12-20 02:00:00,2004-12-20,02:00:00,1.2,938.25,2.799040891215181,639.25,104.0,1019.75,83.0,1058.5,776.5,9.6999998092651,70.89999961853,0.8539270652208955
2004-12-20 03:00:00,2004-12-20,03:00:00,0.9,883.25,1.978534171938905,582.5,86.5,1115.5,71.5,1018.5,709.75,9.4749999046326,69.925001144409,0.8298272780764978
2004-12-20 04:00:00,2004-12-20,04:00:00,0.8,839.0,1.398648845935241,536.0,69.0,1229.0,60.0,970.25,599.75,9.3499999046326,65.900000572205,0.7756573841031211
2004-12-20 05:00:00,2004-12-20,05:00:00,0.6,784.0,0.8083447317318946,479.0,41.0,1364.5,37.0,904.5,477.25,8.8250000476837,62.925000190735,0.7154448533523081
2004-12-20 06:00:00,2004-12-20,06:00:00,0.6,778.75,0.6954521105858987,466.25,46.0,1392.5,39.0,881.25,453.5,8.625,58.849999427795,0.6603259163807936
2004-12-20 07:00:00,2004-12-20,07:00:00,1.0,882.5,2.5816785814911887,625.0,118.0,1068.75,70.0,996.5,629.5,9.2000000476837,55.949999809265,0.6520720370159285
2004-12-20 08:00:00,2004-12-20,08:00:00,3.2,969.5,5.257451382616683,776.25,295.0,873.25,108.0,1058.75,857.5,8.4000000953674,57.674999237061,0.6375746424884849
2004-12-20 09:00:00,2004-12-20,09:00:00,3.6,1012.0,7.090258051836377,860.75,311.0,784.75,119.0,1132.5,951.25,8.4750001430511,60.425000190735,0.671301159656961
2004-12-20 10:00:00,2004-12-20,10:00:00,2.9,934.0,5.041165216615164,765.5,269.0,877.75,111.0,1046.5,835.75,8.9249999523163,57.449999809265,0.6575222312841172
2004-12-20 11:00:00,2004-12-20,11:00:00,2.4,888.0,3.799388371647828,699.5,225.0,956.0,106.0,998.5,720.5,9.1500000953674,55.775000572205,0.6478946325090602
2004-12-20 12:00:00,2004-12-20,12:00:00,2.5,918.25,4.486627508988761,737.0,220.0,1007.0,105.0,1029.5,702.75,9.5500001907349,53.875,0.6425152301699961
2004-12-20 13:00:00,2004-12-20,13:00:00,2.6,901.0,4.668410213400028,746.5,216.0,1000.5,114.0,1020.0,656.75,9.6000001430511,52.449999809265,0.627578815961139
2004-12-20 14:00:00,2004-12-20,14:00:00,2.3,857.0,3.941904751445938,707.5,162.0,971.5,93.0,983.0,581.25,9.7000000476837,49.800000190735,0.5997964584655535
2004-12-20 15:00:00,2004-12-20,15:00:00,2.2,838.0,3.7949708199494,699.25,152.0,1015.0,89.0,943.75,545.5,9.375,44.925000190735,0.5296475875614682
2004-12-20 16:00:00,2004-12-20,16:00:00,2.3,868.75,5.171480026065283,772.0,183.0,1051.0,102.0,966.0,640.75,9.8000001907349,41.925000190735,0.5082734025559983
2004-12-20 17:00:00,2004-12-20,17:00:00,2.9,928.25,6.832858302767715,849.5,254.0,1117.75,129.0,1004.25,793.75,8.8999998569489,44.85000038147,0.512467325306289
2004-12-20 18:00:00,2004-12-20,18:00:00,4.1,1036.5,11.924863429687202,1047.0,355.0,868.5,151.0,1159.0,1041.5,8.4499998092651,45.400000572205,0.5035442190994239
2004-12-20 19:00:00,2004-12-20,19:00:00,4.1,979.75,10.831893714400094,1008.25,341.0,758.25,151.0,1103.0,992.5,8.0000001192093,41.025000572205,0.4416385772506374
2004-12-20 20:00:00,2004-12-20,20:00:00,4.0,978.0,11.475224454288908,1031.25,341.0,764.5,149.0,1066.0,967.75,7.9250000715256,37.099999427795,0.3973998605566562
2004-12-20 21:00:00,2004-12-20,21:00:00,3.7,890.5,7.575617411398994,881.5,342.0,884.75,149.0,949.75,893.75,7.75,33.949999809265,0.3594498912553871
2004-12-20 22:00:00,2004-12-20,22:00:00,1.7,762.0,3.084236487978836,657.25,186.0,1157.5,114.0,783.25,592.0,7.3249999284744,32.449999809265,0.3339719747603966
2004-12-20 23:00:00,2004-12-20,23:00:00,1.1,794.25,3.5725896205436136,686.5,170.0,1100.0,104.0,826.25,611.25,7.3999999761581,34.575000762939,0.357627904489409
2004-12-21 00:00:00,2004-12-21,00:00:00,1.1,799.25,3.637401245814188,690.25,169.0,1125.25,104.0,822.5,610.75,7.1000000238419,33.699999809265,0.341661957990523
2004-12-21 01:00:00,2004-12-21,01:00:00,1.5,818.0,4.256782942407915,724.75,246.0,1064.75,127.0,848.5,694.25,6.4250000715256,35.824999809265,0.3471395019381988
2004-12-21 02:00:00,2004-12-21,02:00:00,0.5,690.75,0.7344693820247533,470.75,63.0,1551.5,53.0,697.75,357.25,5.5500000715256,37.699999809265,0.3443869388614495
2004-12-21 03:00:00,2004-12-21,03:00:00,0.3,697.25,0.6039299346593905,455.25,53.5,1726.0,46.0,698.25,318.0,5.6250001192093,37.550000190735,0.3447600467468019
2004-12-21 04:00:00,2004-12-21,04:00:00,0.2,696.5,0.4644178772489268,437.0,44.0,1704.75,39.0,701.5,324.75,5.25,38.800000190735,0.3473109960928791
2004-12-21 05:00:00,2004-12-21,05:00:00,0.3,716.0,0.7498873845143372,472.5,54.0,1595.25,41.0,734.25,342.75,4.7249999046326,41.400000572205,0.3576093817886646
2004-12-21 06:00:00,2004-12-21,06:00:00,0.6,791.0,2.194072011058493,598.25,176.0,1185.5,97.0,802.25,608.25,4.25,43.949999809265,0.3675469292383878
2004-12-21 07:00:00,2004-12-21,07:00:00,0.7,803.75,2.6495095616042814,629.5,236.0,1187.5,120.0,805.75,712.0,4.8500000238419,40.625,0.3539097574050342
2004-12-21 08:00:00,2004-12-21,08:00:00,2.6,1092.5,13.431043277829003,1098.0,613.0,782.25,167.0,1220.5,1172.75,5.0500000715256,40.800000190735,0.3602942991360843
2004-12-21 09:00:00,2004-12-21,09:00:00,5.5,1179.0,23.4772659843169,1390.0,755.0,566.5,198.0,1453.25,1459.25,6.4750000238419,38.14999961853,0.3709121877787807
2004-12-21 10:00:00,2004-12-21,10:00:00,2.6,951.25,9.351707281766036,953.0,460.0,811.5,157.0,1022.25,1055.0,7.3999999761581,36.52499961853,0.3777977957140905
2004-12-21 11:00:00,2004-12-21,11:00:00,1.5,882.0,6.297366924277402,825.5,280.0,952.0,125.0,909.75,799.25,7.875,36.425000190735,0.3888746747729023
2004-12-21 12:00:00,2004-12-21,12:00:00,1.7,897.25,6.736676120001603,845.25,322.0,942.25,135.0,943.25,786.5,7.7750000953674,36.849999427795,0.3908036663298764
2004-12-21 13:00:00,2004-12-21,13:00:00,2.2,948.5,9.671880976865465,965.25,349.0,860.25,138.0,1041.0,892.0,8.6500000953674,33.724999427795,0.3790372666256606
2004-12-21 14:00:00,2004-12-21,14:00:00,2.1,895.5,7.80238789720596,891.0,297.0,920.75,132.0,935.0,766.25,8.4750001430511,34.324999809265,0.381339050135703
2004-12-21 15:00:00,2004-12-21,15:00:00,2.2,908.25,7.67671485304409,885.75,353.0,922.0,142.0,946.75,835.25,8.9249999523163,34.47500038147,0.3945705700540184
2004-12-21 16:00:00,2004-12-21,16:00:00,2.3,958.75,8.599625488406302,923.5,316.0,899.0,137.0,993.25,897.25,8.7750000953674,35.675000190735,0.4042801550252536
2004-12-21 17:00:00,2004-12-21,17:00:00,2.5,993.5,10.735385264170212,1004.75,348.0,831.5,145.0,1054.0,1009.25,7.9250001907349,38.625000953674,0.4137350499020415
2004-12-21 18:00:00,2004-12-21,18:00:00,3.1,1080.75,16.72742509453297,1201.75,445.0,690.75,166.0,1230.0,1249.5,7.5500000715256,40.14999961853,0.4194681643325861
2004-12-21 19:00:00,2004-12-21,19:00:00,3.6,1080.75,15.484368331065324,1163.75,457.0,704.75,165.0,1171.25,1282.5,6.8750001192093,40.300000190735,0.4024692265826323
2004-12-21 20:00:00,2004-12-21,20:00:00,3.9,1175.0,18.295210456775816,1248.0,516.0,660.5,175.0,1308.0,1376.75,6.4500000476837,41.699999809265,0.4047467040762461
2004-12-21 21:00:00,2004-12-21,21:00:00,4.0,1123.0,13.786280114672364,1109.6666666667,575.0,731.66666666667,185.0,1152.0,1322.0,6.3333334922791,42.63333384196,0.4105740015457045
2004-12-21 22:00:00,2004-12-21,22:00:00,2.3,1031.5,9.325773709573658,952.0,449.0,832.5,166.0,1025.25,1198.25,5.9250000715256,44.675000190735,0.4185683212890957
2004-12-21 23:00:00,2004-12-21,23:00:00,1.5,926.75,5.849489378590794,804.75,289.0,964.75,140.0,917.5,1006.5,5.825000166893,43.375000953674,0.4036563546252524
2004-12-22 00:00:00,2004-12-22,00:00:00,1.5,952.0,6.562784024627489,837.5,268.0,947.5,133.0,936.5,976.0,5.75,42.525000572205,0.3937477776849339
2004-12-22 01:00:00,2004-12-22,01:00:00,2.2,986.5,7.617176567782048,883.25,343.0,912.75,144.0,948.5,1013.25,5.625,41.999999046326,0.3856170824069706
2004-12-22 02:00:00,2004-12-22,02:00:00,1.3,902.0,4.951779114948694,761.0,222.0,1048.0,126.0,872.25,868.25,5.3250000476837,42.300000190735,0.3805691566731948
2004-12-22 03:00:00,2004-12-22,03:00:00,0.9,832.5,2.928291143125021,647.5,155.5,1135.25,98.0,814.25,760.25,5.0999999046326,43.474999427795,0.3852210362625315
2004-12-22 05:00:00,2004-12-22,05:00:00,0.5,811.75,1.4510030458549887,540.5,89.0,1308.75,70.0,774.25,616.0,5.1999998092651,45.949999809265,0.409921514272383
2004-12-22 06:00:00,2004-12-22,06:00:00,0.5,821.25,1.7249591914596851,563.0,103.0,1270.0,74.0,806.75,678.0,4.6500000953674,48.974999427795,0.420888486414305
2004-12-22 07:00:00,2004-12-22,07:00:00,0.9,931.75,3.830372555883701,701.25,254.0,943.75,124.0,874.75,935.5,4.5249999761581,51.849999427795,0.4418200660111648
2004-12-22 08:00:00,2004-12-22,08:00:00,2.0,1069.25,8.788282114529338,931.0,481.0,781.5,152.0,1054.25,1110.0,4.4500000476837,53.025000572205,0.4495295157322044
2004-12-22 09:00:00,2004-12-22,09:00:00,3.2,1137.0,12.469723854570224,1065.75,638.0,680.75,174.0,1150.5,1257.5,4.7750000953674,53.125,0.4604517680338394
2004-12-22 10:00:00,2004-12-22,10:00:00,2.3,1008.75,8.66859690079334,926.25,492.0,790.75,161.0,1015.0,1080.0,7.799999833107,42.02499961853,0.446427857044233
2004-12-22 11:00:00,2004-12-22,11:00:00,1.8,962.0,7.463303030999023,876.75,413.0,841.0,120.0,968.5,949.25,9.25,37.550000190735,0.4390718684504554
2004-12-22 12:00:00,2004-12-22,12:00:00,2.1,972.25,8.239851353044795,909.0,364.0,826.5,111.0,1011.75,894.25,10.049999952316,34.175000190735,0.421161249416438
2004-12-22 13:00:00,2004-12-22,13:00:00,1.9,968.0,8.505952383582425,919.75,299.0,831.25,128.0,991.0,882.25,10.325000286102,32.625000476837,0.4093577769504767
2004-12-22 14:00:00,2004-12-22,14:00:00,2.4,938.75,8.062427503098162,901.75,342.0,884.0,133.0,969.0,872.0,9.8000001907349,31.824999809265,0.3858270928040164
2004-12-22 15:00:00,2004-12-22,15:00:00,2.1,900.5,6.685991648003947,843.0,309.0,1060.75,121.0,907.25,750.75,9.7500002384186,30.275000095367,0.3658338102124205
2004-12-22 16:00:00,2004-12-22,16:00:00,2.8,975.0,8.965933937610119,938.0,367.0,874.25,147.0,988.75,927.5,9.5999999046326,29.625000476837,0.3544713536423076
2004-12-22 17:00:00,2004-12-22,17:00:00,3.3,1028.25,11.284781391298909,1024.5,357.0,773.5,136.0,1024.25,1160.25,8.0750000476837,32.499999046326,0.3516132195648035
2004-12-22 18:00:00,2004-12-22,18:00:00,2.9,997.5,9.850263360273429,972.0,345.0,806.25,153.0,983.5,1090.25,6.75,36.099999427795,0.3575176152042015
2004-12-22 19:00:00,2004-12-22,19:00:00,3.9,1094.0,13.636091225089844,1104.75,483.0,707.5,178.0,1086.25,1274.0,6.3500000238419,36.500000953674,0.351901924782953
2004-12-22 20:00:00,2004-12-22,20:00:00,4.1,1127.75,15.396001425208013,1161.0,480.0,671.5,174.0,1163.0,1339.5,5.8500000238419,37.849999427795,0.352834254468767
2004-12-22 21:00:00,2004-12-22,21:00:00,3.3,1110.5,11.439854734855004,1030.0,427.0,751.0,166.0,1032.75,1271.25,5.1499999761581,40.724999427795,0.3620796855147781
2004-12-22 22:00:00,2004-12-22,22:00:00,3.3,1120.75,11.228614928035205,1022.5,504.0,725.0,169.0,1053.0,1353.5,4.8499999046326,45.050000190735,0.3924586956171471
2004-12-22 23:00:00,2004-12-22,23:00:00,1.9,956.0,5.654387973198189,795.5,248.0,915.0,132.0,860.5,1083.5,4.4749999046326,43.900000572205,0.3728051496919782
2004-12-23 00:00:00,2004-12-23,00:00:00,2.0,972.5,5.431203339043807,784.75,241.0,915.5,127.0,883.25,1085.5,5.2249999046326,44.075000762939,0.393861378656908
2004-12-23 01:00:00,2004-12-23,01:00:00,1.9,951.75,5.539721776547866,790.0,210.0,921.25,113.0,895.75,1037.5,4.3000000119209,46.425000190735,0.389571824011071
2004-12-23 02:00:00,2004-12-23,02:00:00,2.1,968.75,5.186607519669586,772.75,292.0,888.5,128.0,914.0,1064.0,2.9749999642372,52.47500038147,0.4021069117899191
2004-12-23 03:00:00,2004-12-23,03:00:00,1.7,918.75,3.676526439069904,692.5,210.5,955.25,106.5,882.25,978.75,2.3499999642372,56.324999809265,0.413382091878465
2004-12-23 04:00:00,2004-12-23,04:00:00,1.3,873.75,3.0801948531262755,657.0,129.0,984.5,85.0,867.25,929.5,1.4500000029802,61.425000190735,0.4235084369391231
2004-12-23 05:00:00,2004-12-23,05:00:00,1.1,806.25,1.6098911223708328,553.75,106.0,1205.5,77.0,806.5,783.25,4.0499999523163,50.35000038147,0.4153567164528514
2004-12-23 06:00:00,2004-12-23,06:00:00,1.2,874.25,2.548044692762577,622.75,125.0,1096.25,78.0,847.0,831.0,2.799999922514,55.174999237061,0.4177275966355066
2004-12-23 07:00:00,2004-12-23,07:00:00,1.8,961.25,5.318500523924424,779.25,267.0,917.25,115.0,959.75,982.5,1.2000000104308,61.375000953674,0.4158528681826156
2004-12-23 08:00:00,2004-12-23,08:00:00,3.6,1194.75,13.362988476365068,1095.75,543.0,668.0,169.0,1165.75,1315.0,1.375,61.349999427795,0.4207869843810726
2004-12-23 09:00:00,2004-12-23,09:00:00,3.7,1184.25,14.981190048066996,1148.0,496.0,651.0,174.0,1177.75,1389.0,2.1999999880791,58.074999809265,0.4218225005160914
2004-12-23 10:00:00,2004-12-23,10:00:00,3.4,1135.25,12.757143466167715,1075.5,491.0,685.0,171.0,1119.75,1395.75,4.2749999165535,49.400000572205,0.4138298284341344
2004-12-23 11:00:00,2004-12-23,11:00:00,4.0,1210.5,15.896882599847912,1176.5,667.0,620.0,179.0,1221.0,1584.5,6.5750000476837,42.5,0.4159885605180259
2004-12-23 12:00:00,2004-12-23,12:00:00,3.8,1227.5,15.937573862437016,1177.75,693.0,621.0,193.0,1202.25,1627.75,8.0249999761581,38.324999809265,0.4132585421681223
2004-12-23 13:00:00,2004-12-23,13:00:00,4.1,1246.75,16.256486172925445,1187.5,707.0,598.25,210.0,1237.0,1692.0,9.0500001907349,36.14999961853,0.4171672405749105
2004-12-23 14:00:00,2004-12-23,14:00:00,4.9,1335.75,18.563760110118164,1255.75,777.0,567.25,224.0,1319.75,1828.0,10.000000238419,34.675001144409,0.4259261086873679
2004-12-23 15:00:00,2004-12-23,15:00:00,3.3,1204.75,12.8461415222881,1078.5,512.0,652.25,175.0,1168.25,1475.5,11.024999856949,32.974999427795,0.4330676366262013
2004-12-23 16:00:00,2004-12-23,16:00:00,4.3,1305.0,17.942597653620673,1237.75,587.0,565.25,177.0,1325.0,1639.75,11.349999666214,33.575000762939,0.4503552220539371
2004-12-23 17:00:00,2004-12-23,17:00:00,6.6,1567.5,29.031600090298653,1528.0,864.0,455.25,208.0,1661.0,2046.0,9.4250001907349,41.324999809265,0.488810118877624
2004-12-23 18:00:00,2004-12-23,18:00:00,8.5,1629.5,33.0880983684808,1621.75,1089.0,421.0,247.0,1757.25,2238.25,7.9750000238419,45.924999237061,0.4935670480491469
2004-12-23 19:00:00,2004-12-23,19:00:00,8.7,1703.5,36.13616675667527,1689.0,1070.0,402.25,242.0,1820.25,2480.25,7.1000000238419,50.300000190735,0.5099583575476886
2004-12-23 20:00:00,2004-12-23,20:00:00,9.1,1701.0,36.263239915424016,1691.75,1220.0,401.75,252.0,1831.75,2415.0,6.1749999523163,56.875,0.5419232286875847
2004-12-23 21:00:00,2004-12-23,21:00:00,7.2,1564.25,26.30243841501944,1461.75,1076.0,471.75,228.0,1573.5,2180.75,6.3250000476837,57.925000190735,0.5575256585609403
2004-12-23 22:00:00,2004-12-23,22:00:00,5.0,1440.75,20.626218054481757,1313.75,825.0,516.75,196.0,1389.0,2050.75,6.1999999284744,56.800000190735,0.5421200002369378
2004-12-23 23:00:00,2004-12-23,23:00:00,4.2,1376.0,16.952499887093424,1208.5,740.0,548.75,190.0,1283.25,2040.75,6.1499998569489,54.675000190735,0.5200849426302332
2004-12-24 00:00:00,2004-12-24,00:00:00,4.6,1411.75,17.204085586988775,1216.0,759.0,542.5,187.0,1299.5,2059.25,6.0249998569489,55.60000038147,0.5244498691304662
2004-12-24 01:00:00,2004-12-24,01:00:00,3.9,1352.25,14.61827524856374,1136.5,610.0,567.25,174.0,1233.5,2016.0,5.1499998569489,59.025000572205,0.524782167519357
2004-12-24 02:00:00,2004-12-24,02:00:00,3.4,1284.5,12.054682937785309,1051.5,465.0,605.0,158.0,1163.75,1967.25,5.0750000476837,58.449998855591,0.5170331542920783
2004-12-24 03:00:00,2004-12-24,03:00:00,3.0,1262.75,10.50935982454703,996.5,376.5,624.5,145.0,1139.75,1959.5,4.674999833107,60.77499961853,0.523186281952863
2004-12-24 04:00:00,2004-12-24,04:00:00,2.4,1199.5,8.73150190350893,928.75,288.0,664.25,132.0,1082.25,1847.0,4.1999999284744,63.099999427795,0.5258974158137169
2004-12-24 05:00:00,2004-12-24,05:00:00,2.5,1187.25,8.775650731240786,930.5,251.0,668.5,121.0,1092.75,1791.5,4.2749999761581,64.099999427795,0.5369735134910905
2004-12-24 06:00:00,2004-12-24,06:00:00,3.5,1165.75,8.245998766973687,909.25,351.0,691.0,136.0,1079.25,1679.75,4.8000001907349,61.85000038147,0.5369860847490916
2004-12-24 07:00:00,2004-12-24,07:00:00,3.9,1208.5,9.475310738258395,957.75,379.0,665.5,138.0,1124.25,1662.0,5.3249999284744,61.124999046326,0.5499359112534773
2004-12-24 08:00:00,2004-12-24,08:00:00,4.8,1348.5,14.59473877353001,1135.75,539.0,575.25,149.0,1298.5,1810.25,5.6999999284744,61.300000190735,0.565676236104921
2004-12-24 09:00:00,2004-12-24,09:00:00,6.1,1457.75,20.372396186200135,1306.75,706.0,497.0,165.0,1483.25,2103.25,6.0500000715256,60.525001525879,0.5718676429573071
2004-12-24 10:00:00,2004-12-24,10:00:00,6.6,1461.5,18.825233696357703,1263.25,750.0,510.25,170.0,1420.75,2082.0,6.6999999284744,59.674999237061,0.5890156151255669
2004-12-24 11:00:00,2004-12-24,11:00:00,6.5,1448.0,18.807753631080992,1262.75,747.0,511.25,165.0,1427.5,1970.5,7.2000000476837,58.64999961853,0.5986012735889418
2004-12-24 12:00:00,2004-12-24,12:00:00,6.0,1419.0,18.48562223840223,1253.5,670.0,523.75,167.0,1405.75,1949.5,8.0000001192093,55.900000572205,0.6017695643310879
2004-12-24 13:00:00,2004-12-24,13:00:00,6.9,1560.6666666667,24.838305281978883,1425.0,772.0,465.0,197.0,1624.0,2101.0,9.8000001907349,52.366667429606,0.6348618751073066
2004-12-24 14:00:00,2004-12-24,14:00:00,7.9,1558.25,22.90399878665472,1375.0,792.0,470.75,217.0,1562.5,2112.0,10.549999952316,51.075000762939,0.6503419531421694
2004-12-24 15:00:00,2004-12-24,15:00:00,6.1,1437.5,16.94414092000853,1208.25,626.0,528.0,204.0,1405.25,1961.5,10.775000095367,52.375,0.6767498847453645
2004-12-24 16:00:00,2004-12-24,16:00:00,6.7,1531.75,22.177177193804752,1355.75,678.0,474.0,193.0,1610.0,2032.75,10.600000143051,55.25,0.7058010096166148
2004-12-24 17:00:00,2004-12-24,17:00:00,6.8,1522.0,21.469616535835723,1336.75,706.0,478.5,192.0,1578.0,2034.25,10.350000143051,57.02499961853,0.7166833133983336
2004-12-24 18:00:00,2004-12-24,18:00:00,6.7,1514.0,21.51586579888989,1338.0,668.0,474.0,175.0,1598.0,2018.0,10.199999809265,58.299999237061,0.725557340090912
2004-12-24 19:00:00,2004-12-24,19:00:00,6.4,1512.4583333333333,20.532102614853983,1309.625,641.0,482.5416666666667,168.0,1572.75,2025.9583333333333,10.070833166440217,59.595832506816,0.7348917648088046
2004-12-24 20:00:00,2004-12-24,20:00:00,6.8,1510.9166666666667,19.548339430818075,1281.25,649.0,491.0833333333333,170.0,1547.5,2033.9166666666667,9.941666523615433,60.891665776571,0.7442261895266971
2004-12-24 21:00:00,2004-12-24,21:00:00,5.6,1509.375,18.564576246782167,1252.875,521.0,499.625,157.0,1522.25,2041.875,9.81249988079065,62.187499046326,0.7535606142445896
2004-12-24 22:00:00,2004-12-24,22:00:00,5.4,1507.8333333333333,17.58081306274626,1224.5,487.0,508.1666666666667,143.0,1497.0,2049.8333333333335,9.683333237965867,63.483332316081004,0.7628950389624822
2004-12-24 23:00:00,2004-12-24,23:00:00,5.2,1506.2916666666667,16.59704987871035,1196.125,453.0,516.7083333333334,152.0,1471.75,2057.7916666666665,9.554166595141083,64.77916558583601,0.7722294636803747
2004-12-25 00:00:00,2004-12-25,00:00:00,5.9,1504.75,15.613286694674445,1167.75,567.0,525.25,169.0,1446.5,2065.75,9.4249999523163,66.074998855591,0.7815638883982673
2004-12-25 01:00:00,2004-12-25,01:00:00,5.6,1458.0,14.181597642991733,1122.5,527.0,539.5,164.0,1395.25,2029.75,9.5750002861023,65.875,0.7869192307252352
2004-12-25 02:00:00,2004-12-25,02:00:00,5.5,1431.25,13.476495002460904,1099.5,503.0,553.25,154.0,1385.25,1913.0,9.5250000953674,66.200000762939,0.7882076118803907
2004-12-25 03:00:00,2004-12-25,03:00:00,5.2,1366.25,11.36220527408811,1027.25,388.5,583.25,136.5,1328.25,1901.25,9.2250001430511,67.25,0.7850601511035209
2004-12-25 05:00:00,2004-12-25,05:00:00,2.2,1242.5,8.599625488406302,923.5,274.0,647.5,119.0,1250.25,1533.75,9.0250000953674,69.77499961853,0.8038697699645777
2004-12-25 06:00:00,2004-12-25,06:00:00,2.0,1251.0,8.612148271777437,924.0,231.0,643.75,106.0,1245.75,1568.25,8.8999998569489,70.500001907349,0.8055506600725533
2004-12-25 07:00:00,2004-12-25,07:00:00,2.2,1258.75,9.106579508653963,943.5,268.0,630.75,111.0,1266.75,1622.0,8.9499998092651,70.425001144409,0.8073536609576336
2004-12-25 08:00:00,2004-12-25,08:00:00,2.0,1268.0,8.649763222680718,925.5,281.0,644.5,122.0,1247.0,1628.0,9.0750000476837,69.599998474121,0.8045018393462856
2004-12-25 09:00:00,2004-12-25,09:00:00,2.5,1287.5,9.416675483049591,955.5,340.0,623.25,121.0,1272.25,1553.0,9.0499999523163,70.825000762939,0.8173131391215048
2004-12-25 10:00:00,2004-12-25,10:00:00,3.0,1410.25,11.02601407721886,1015.25,406.0,593.5,136.0,1318.75,1768.5,9.8250000476837,68.550001144409,0.8324226654275921
2004-12-25 11:00:00,2004-12-25,11:00:00,2.8,1373.75,10.570799727369264,998.75,379.0,597.75,138.0,1315.75,1776.0,10.199999809265,67.27499961853,0.837253351914425
2004-12-25 12:00:00,2004-12-25,12:00:00,3.4,1457.5,13.182230127749888,1089.75,436.0,552.75,147.0,1383.25,1897.5,10.725000143051,65.049999237061,0.8377927545361514
2004-12-25 13:00:00,2004-12-25,13:00:00,5.5,1609.0,18.11423840924571,1242.75,602.0,505.25,178.0,1490.5,2100.25,11.375,62.925000190735,0.8454088467877099
2004-12-25 14:00:00,2004-12-25,14:00:00,4.0,1424.25,13.197253226542324,1090.25,507.0,566.25,176.0,1351.0,1895.75,12.199999809265,61.050000190735,0.8651761523898368
2004-12-25 15:00:00,2004-12-25,15:00:00,2.4,1330.75,9.69163258444518,966.0,266.0,632.75,159.0,1266.25,1744.75,12.125,61.849999427795,0.8722827237149631
2004-12-25 16:00:00,2004-12-25,16:00:00,3.1,1433.5,13.272478112356476,1092.75,335.0,561.0,168.0,1365.75,1892.75,11.674999952316,65.550001144409,0.8979645531531419
2004-12-25 17:00:00,2004-12-25,17:00:00,4.0,1542.0,15.387978763390306,1160.75,464.0,531.25,181.0,1434.5,1972.0,11.375,67.875,0.9119129964526356
2004-12-25 18:00:00,2004-12-25,18:00:00,4.6,1651.0,17.805786960484756,1233.75,527.0,501.0,184.0,1512.5,2019.5,11.174999952316,70.77499961853,0.9386094331222824
2004-12-25 19:00:00,2004-12-25,19:00:00,4.8,1633.25,18.011170350999784,1239.75,592.0,496.25,170.0,1555.0,1905.75,10.875000238419,75.875,0.98680438449354
2004-12-25 20:00:00,2004-12-25,20:00:00,6.2,1739.0,21.331123414716235,1333.0,821.0,460.25,174.0,1689.0,1832.0,11.274999856949,78.325000762939,1.0455039957069656
2004-12-25 21:00:00,2004-12-25,21:00:00,4.6,1523.25,14.461670977219812,1131.5,538.0,540.75,136.0,1488.25,1470.0,10.300000190735,82.775001525879,1.0369124792135722
2004-12-25 22:00:00,2004-12-25,22:00:00,4.5,1543.25,15.82375011785498,1174.25,513.0,520.5,127.0,1541.75,1493.75,10.400000095367,82.52499961853,1.0405576109021784
2004-12-25 23:00:00,2004-12-25,23:00:00,4.2,1468.5,13.06230808366104,1085.75,514.0,564.0,125.0,1485.0,1393.75,11.025000095367,81.675001144409,1.0726550683618508
2004-12-26 00:00:00,2004-12-26,00:00:00,2.6,1271.25,7.688646219233539,886.25,345.0,687.75,121.0,1321.25,1112.75,11.724999666214,79.77499961853,1.0963739737679328
2004-12-26 01:00:00,2004-12-26,01:00:00,1.6,1160.75,5.966830785143947,810.25,231.0,774.5,117.0,1280.75,958.25,11.624999761581,80.0,1.09237198234516
2004-12-26 02:00:00,2004-12-26,02:00:00,1.3,1052.75,3.461428597119324,680.0,166.0,890.25,108.0,1166.0,806.5,11.349999904633,80.075000762939,1.0740787636024662
2004-12-26 03:00:00,2004-12-26,03:00:00,0.6,915.5,1.4568707533676883,541.0,113.5,1142.75,81.5,1064.25,536.25,11.699999809265,74.10000038147,1.0167342888468798
2004-12-26 04:00:00,2004-12-26,04:00:00,0.5,899.5,1.243793053254571,522.25,61.0,1241.75,55.0,1069.5,470.5,10.825000047684,78.700000762939,1.0202186133660418
2004-12-26 05:00:00,2004-12-26,05:00:00,0.4,855.0,0.8106303732586262,479.25,49.0,1318.75,46.0,1067.5,450.0,10.724999904633,81.500001907349,1.0496558160277147
2004-12-26 06:00:00,2004-12-26,06:00:00,0.3,848.0,0.672056530286279,463.5,54.0,1424.5,46.0,1062.25,437.75,10.875,80.300001144409,1.0443544247019807
2004-12-26 07:00:00,2004-12-26,07:00:00,0.4,872.75,0.8592625396889924,484.5,78.0,1305.25,67.0,1082.5,511.5,10.700000047684,80.700000762939,1.0376603630215742
2004-12-26 08:00:00,2004-12-26,08:00:00,0.6,945.25,1.8014016634528234,569.0,136.0,1139.75,90.0,1135.0,631.75,10.549999952316,81.799999237061,1.0415657459854548
2004-12-26 09:00:00,2004-12-26,09:00:00,0.9,1003.0,2.470298210529167,617.5,198.0,1002.75,117.0,1158.75,754.25,10.350000143051,82.89999961853,1.0418771907895408
2004-12-26 10:00:00,2004-12-26,10:00:00,1.1,1040.5,3.112591165001961,659.0,211.0,908.0,118.0,1187.75,791.75,10.550000190735,82.074998855591,1.045067353752644
2004-12-26 11:00:00,2004-12-26,11:00:00,1.0,1035.75,3.542514346206186,684.75,183.0,941.75,112.0,1167.75,776.0,11.525000095367,72.575000762939,0.9845874690730968
2004-12-26 12:00:00,2004-12-26,12:00:00,1.6,1123.5,5.733143019017354,799.25,277.0,774.5,134.0,1231.0,969.25,12.774999856949,65.549999237061,0.9639731187034856
2004-12-26 13:00:00,2004-12-26,13:00:00,1.8,1130.25,5.807066327844245,802.75,267.0,772.0,127.0,1229.5,975.25,13.924999952316,60.925000190735,0.964364530536242
2004-12-26 14:00:00,2004-12-26,14:00:00,1.0,991.0,2.687517070046752,632.0,123.0,980.75,88.0,1114.0,636.75,14.875,57.85000038147,0.9726415806868068
2004-12-26 15:00:00,2004-12-26,15:00:00,0.8,988.0,2.1661765697607542,596.25,68.0,1056.25,57.0,1118.25,540.5,14.75,63.5,1.059217655394249
2004-12-26 16:00:00,2004-12-26,16:00:00,1.4,1162.75,5.770054202900989,801.0,186.0,771.75,99.0,1287.75,876.25,13.625000238419,68.900001525879,1.0699265509391145
2004-12-26 17:00:00,2004-12-26,17:00:00,2.1,1226.25,6.906801269418972,852.75,321.0,725.0,129.0,1306.75,1029.25,13.575000047684,68.875,1.066128339123052
2004-12-26 18:00:00,2004-12-26,18:00:00,2.3,1285.75,9.05532769248143,941.5,343.0,687.25,137.0,1362.0,1103.25,13.525000095367,67.125000953674,1.0357259213755436
2004-12-26 19:00:00,2004-12-26,19:00:00,3.5,1422.5,13.988477707942032,1116.25,550.0,553.25,146.0,1531.25,1368.75,12.325000047684,75.375,1.0768269643411872
2004-12-26 20:00:00,2004-12-26,20:00:00,3.8,1408.0,13.114716484482932,1087.5,598.0,559.75,139.0,1504.25,1380.75,11.650000095367,79.974998474121,1.0937997924132057
2004-12-26 21:00:00,2004-12-26,21:00:00,2.4,1177.75,7.217572131689938,866.25,390.0,699.5,128.0,1341.5,1093.75,11.75,82.674999237061,1.138069129402557
2004-12-26 22:00:00,2004-12-26,22:00:00,1.0,984.75,3.82150898514276,700.75,159.0,876.75,106.0,1187.25,834.75,11.849999904633,77.52499961853,1.0741009237259642
2004-12-26 23:00:00,2004-12-26,23:00:00,1.3,1112.5,5.242236067504748,775.5,193.0,827.5,114.0,1216.5,880.75,11.974999904633,72.27499961853,1.0094846947399772
2004-12-27 00:00:00,2004-12-27,00:00:00,2.3,1178.25,7.375139467546298,873.0,316.0,700.0,137.0,1328.0,986.5,11.224999904633,79.575000762939,1.058746685039255
2004-12-27 01:00:00,2004-12-27,01:00:00,1.5,1023.5,3.901595974565998,705.25,199.0,875.5,114.0,1167.5,806.75,11.524999856949,74.174999237061,1.006293804633009
2004-12-27 02:00:00,2004-12-27,02:00:00,1.1,953.5,2.6608875776716525,630.25,134.0,988.25,92.0,1106.75,663.5,11.625,68.925001144409,0.9411467661962472
2004-12-27 03:00:00,2004-12-27,03:00:00,0.6,874.5,1.5370702064194632,547.75,98.5,1165.25,73.5,1049.0,524.5,11.450000047684,67.449998855591,0.9106215261022774
2004-12-27 04:00:00,2004-12-27,04:00:00,0.7,877.0,1.2815482245954948,525.66666666667,63.0,1171.3333333333,55.0,1023.0,496.33333333333,11.733333269755,64.633332570394,0.8887562197470806
2004-12-27 05:00:00,2004-12-27,05:00:00,0.4,825.5,0.6847754485776316,465.0,50.0,1322.0,46.0,977.75,433.0,11.949999809265,61.14999961853,0.8527204497926808
2004-12-27 06:00:00,2004-12-27,06:00:00,0.5,862.25,1.3842517787078918,534.75,93.0,1192.5,67.0,1020.0,524.25,12.474999904633,57.324999809265,0.8269100550413157
2004-12-27 07:00:00,2004-12-27,07:00:00,0.8,937.75,3.011833142020844,652.75,161.0,970.0,95.0,1100.25,746.5,12.274999856949,60.125000953674,0.856197918967552
2004-12-27 08:00:00,2004-12-27,08:00:00,1.9,1204.75,9.100166288289229,943.25,368.0,687.5,133.0,1360.75,1052.0,11.499999761581,68.675001144409,0.9301699005602728
2004-12-27 09:00:00,2004-12-27,09:00:00,2.3,1171.0,10.016669866719493,978.25,344.0,636.75,138.0,1374.0,1091.5,12.475000143051,63.175000190735,0.9112960115222644
2004-12-27 10:00:00,2004-12-27,10:00:00,1.9,1131.0,8.649763222680718,925.5,288.0,684.0,127.0,1324.0,1036.25,12.850000143051,63.174999237061,0.9335320735403516
2004-12-27 11:00:00,2004-12-27,11:00:00,1.6,1073.75,6.435022132170863,831.75,244.0,748.25,119.0,1230.0,934.25,13.549999952316,59.924999237061,0.9261094220029422
2004-12-27 12:00:00,2004-12-27,12:00:00,1.4,1061.75,6.226288271009065,822.25,224.0,764.25,113.0,1228.0,916.5,13.399999856949,61.27499961853,0.937936401069654
2004-12-27 13:00:00,2004-12-27,13:00:00,1.5,1044.75,5.738409861607065,799.5,206.0,795.75,109.0,1193.25,839.25,14.375,57.149998664856,0.9308845573766747
2004-12-27 14:00:00,2004-12-27,14:00:00,1.4,1034.0,4.996386946200936,763.25,163.0,840.0,97.0,1192.0,760.5,15.0,57.22500038147,0.9697733950378342
2004-12-27 15:00:00,2004-12-27,15:00:00,2.0,1186.0,7.995559921982606,899.0,296.0,695.0,117.0,1332.0,926.0,12.39999961853,72.599998474121,1.0422059703739446
2004-12-27 16:00:00,2004-12-27,16:00:00,2.5,1256.25,10.48210222502208,995.5,386.0,625.25,132.0,1417.25,1104.0,12.824999809265,73.550001144409,1.085099447030616
2004-12-27 17:00:00,2004-12-27,17:00:00,2.2,1137.75,6.935331178319356,854.0,262.0,734.5,117.0,1275.5,911.25,13.275000095367,68.199998855591,1.0356212587556035
2004-12-27 18:00:00,2004-12-27,18:00:00,2.0,1138.25,7.808394019128357,891.25,212.0,721.0,110.0,1294.5,918.0,13.400000333786,66.550001144409,1.0186808789352195
2004-12-27 19:00:00,2004-12-27,19:00:00,2.1,1113.75,7.9894928266871235,898.75,245.0,709.5,119.0,1278.75,947.5,13.275000095367,63.624999046326,0.9661495997998608
2004-12-27 20:00:00,2004-12-27,20:00:00,2.1,1107.0,8.129532358353236,904.5,263.0,705.25,116.0,1288.0,965.5,12.900000095367,62.449999809265,0.9257854138331756
2004-12-27 21:00:00,2004-12-27,21:00:00,2.1,1117.0,7.451522088234442,876.25,300.0,705.5,123.0,1263.75,1056.75,12.375,64.650001525879,0.9265869181598192
2004-12-27 22:00:00,2004-12-27,22:00:00,1.6,1090.0,5.999005297727464,811.75,242.0,753.0,117.0,1212.75,1001.25,12.075000047684,65.60000038147,0.922188984315682
2004-12-27 23:00:00,2004-12-27,23:00:00,1.1,954.25,3.20242488888772,664.5,152.0,916.25,100.0,1118.75,777.0,11.274999856949,69.825000762939,0.932043620642224
2004-12-28 00:00:00,2004-12-28,00:00:00,1.2,986.75,4.082095410446774,715.25,165.0,883.75,101.0,1145.0,796.5,10.999999761581,68.650001525879,0.9001302626544796
2005-01-01 01:00:00,2005-01-01,01:00:00,1.6,1274.5,8.7630270943637,930.0,214.9,648.5,106.3,1023.5,1617.0,5.3250000476837,50.72500038147,0.4563680976448737
2005-01-01 02:00:00,2005-01-01,02:00:00,2.5,1172.75,7.498693453031173,878.25,299.8,738.0,128.6,1002.0,1355.25,5.9250000715256,50.049999237061,0.4689276792778115
2005-01-01 03:00:00,2005-01-01,03:00:00,2.7,1162.5,7.563761174473438,881.0,276.45,748.25,127.3,1001.25,1295.5,4.8500001430511,53.875,0.4693387897759861
2005-01-01 04:00:00,2005-01-01,04:00:00,1.9,1054.0,5.560495657617175,791.0,253.1,829.5,126.0,966.5,1131.0,4.3249999284744,55.324999809265,0.46504790726339
2005-01-01 05:00:00,2005-01-01,05:00:00,1.4,1004.0,4.794557233587375,753.0,181.0,879.25,105.7,941.75,1036.0,4.1999999284744,57.10000038147,0.475891329887238
2005-01-01 06:00:00,2005-01-01,06:00:00,1.5,1001.25,5.277767706408433,777.25,170.7,859.0,99.0,953.75,1009.0,3.5,58.349999427795,0.4635589025395434
2005-01-01 07:00:00,2005-01-01,07:00:00,1.4,973.5,4.458206702990225,735.5,168.1,888.25,96.7,944.5,966.25,3.0249999761581,60.700000762939,0.4667380517301068
2005-01-01 08:00:00,2005-01-01,08:00:00,1.1,915.0,3.011833142020844,652.75,168.7,973.25,94.2,904.5,901.0,2.5999999642372,63.225001335144,0.4721119104447216
2005-01-01 09:00:00,2005-01-01,09:00:00,1.0,939.25,2.952058024181716,649.0,145.4,995.75,86.1,897.0,879.0,3.8749998807907,58.974999427795,0.4807198240335457
2005-01-01 10:00:00,2005-01-01,10:00:00,1.2,973.0,4.702231772969308,748.25,190.1,877.5,96.8,968.0,990.5,4.6999999284744,57.199999809265,0.4932488321593394
2005-01-01 11:00:00,2005-01-01,11:00:00,1.7,1011.3333333333,5.367897358919057,781.66666666667,224.5,846.33333333333,113.4,992.33333333333,1018.6666666667,6.766666730245,48.63333384196,0.4821803021621363
2005-01-01 12:00:00,2005-01-01,12:00:00,2.3,1096.5,7.416226879535422,874.75,260.8,778.25,124.7,1079.75,1150.5,8.625,43.550000190735,0.4886524055045059
2005-01-01 13:00:00,2005-01-01,13:00:00,2.2,1148.5,8.356986220752834,913.75,381.8,742.25,147.1,1071.75,1242.25,9.5250000953674,41.22500038147,0.4908437874012507
2005-01-01 14:00:00,2005-01-01,14:00:00,2.4,1117.25,8.864232997095865,934.0,357.1,720.5,153.4,1074.75,1205.5,10.900000095367,35.925000190735,0.4679892552729148
2005-01-01 15:00:00,2005-01-01,15:00:00,2.2,1084.75,7.910799352772567,895.5,299.2,760.0,147.4,1049.25,1137.75,12.5,32.324999332428,0.4670373132206697
2005-01-01 16:00:00,2005-01-01,16:00:00,2.1,1102.0,7.658832618007967,885.0,312.5,771.75,139.3,1051.0,1141.75,12.849999904633,32.574999809265,0.4813582432810915
2005-01-01 17:00:00,2005-01-01,17:00:00,3.0,1281.25,12.08361306735752,1052.5,510.2,659.25,164.8,1192.0,1438.0,10.875,39.72500038147,0.5166498048370782
2005-01-01 18:00:00,2005-01-01,18:00:00,4.7,1472.0,16.59465306613999,1197.75,832.4,555.25,190.9,1344.0,1734.75,9.0,51.824998855591,0.5960860840271299
2005-01-01 19:00:00,2005-01-01,19:00:00,3.6,1328.0,11.411592481675298,1029.0,622.1,636.5,172.1,1187.75,1610.75,8.1499999761581,54.10000038147,0.5882221859986335
2005-01-01 20:00:00,2005-01-01,20:00:00,2.5,1198.25,7.941026771297775,896.75,401.6,719.75,151.1,1071.75,1435.5,7.7500001192093,54.64999961853,0.5786137462800229
2005-01-01 21:00:00,2005-01-01,21:00:00,2.3,1175.5,8.14175871073353,905.0,333.9,718.0,137.4,1103.75,1389.25,6.2250001430511,59.599999427795,0.5698019877539707
2005-01-01 22:00:00,2005-01-01,22:00:00,2.1,1117.5,6.385320090079159,829.5,294.7,765.0,130.1,1058.25,1312.75,5.6750000715256,59.949999809265,0.5522850511637818
2005-01-01 23:00:00,2005-01-01,23:00:00,1.7,1090.5,5.191654203204007,773.0,221.7,819.5,115.4,1002.75,1231.75,5.5750000476837,59.699999809265,0.5462779515138344
2005-01-02 00:00:00,2005-01-02,00:00:00,1.8,1077.75,5.232102970332502,775.0,229.5,808.5,111.8,1012.0,1195.0,4.6999999284744,62.89999961853,0.5424012492677923
2005-01-02 01:00:00,2005-01-02,01:00:00,1.6,1042.5,4.270706811760649,725.5,194.7,875.0,105.1,971.5,1107.25,4.5249998569489,63.5,0.5410911142434791
2005-01-02 02:00:00,2005-01-02,02:00:00,1.3,992.0,3.551096219905272,685.25,167.2,916.25,95.5,963.25,1034.5,4.5,63.649998664856,0.5414464316200277
2005-01-02 03:00:00,2005-01-02,03:00:00,1.3,1003.5,4.519882381598143,738.75,157.8,867.75,91.1,1004.25,1030.25,3.0500000119209,69.950000762939,0.5387902724099097
2005-01-02 04:00:00,2005-01-02,04:00:00,1.3,947.25,3.339212977494369,672.75,148.4,929.25,86.7,973.75,929.25,3.1749999523163,68.349998474121,0.5310140903081333
2005-01-02 05:00:00,2005-01-02,05:00:00,1.1,922.5,2.7104322698706853,633.5,122.6,983.5,75.1,942.5,874.75,3.0749999880791,69.174998283386,0.5337385267644592
2005-01-02 06:00:00,2005-01-02,06:00:00,1.0,910.5,2.408114346922603,613.25,148.4,991.5,81.7,934.0,861.25,2.375,71.924999237061,0.5287878953322207
2005-01-02 07:00:00,2005-01-02,07:00:00,1.0,923.75,2.638152338588159,628.75,142.7,994.0,82.8,941.25,851.5,3.1249999403954,68.674998283386,0.5317070179911708
2005-01-02 08:00:00,2005-01-02,08:00:00,1.2,954.25,3.3517690595025225,673.5,179.6,940.0,88.2,981.0,891.0,2.1499999761581,73.074998855591,0.5289382049387638
2005-01-02 09:00:00,2005-01-02,09:00:00,1.3,960.0,3.870366897754184,703.5,225.9,887.25,105.9,1002.5,946.75,3.2999999523163,68.22500038147,0.534617558008592
2005-01-02 10:00:00,2005-01-02,10:00:00,1.6,1016.25,4.927070715920718,759.75,254.2,834.75,112.0,1043.75,1015.5,4.1000000238419,65.849999427795,0.5450814215903033
2005-01-02 11:00:00,2005-01-02,11:00:00,2.2,1138.75,7.510506118812435,878.75,372.3,753.0,141.4,1092.0,1200.75,6.5500000715256,56.575000762939,0.5528257322437673
2005-01-02 12:00:00,2005-01-02,12:00:00,2.2,1129.75,7.078731968506726,860.25,379.0,751.5,148.4,1058.0,1217.75,8.0250000953674,51.150000572205,0.5515505529276665
2005-01-02 13:00:00,2005-01-02,13:00:00,2.8,1237.0,9.586489285350796,962.0,477.6,684.5,170.5,1138.25,1385.0,10.275000333786,44.875,0.5612258054515364
2005-01-02 14:00:00,2005-01-02,14:00:00,2.1,1159.25,6.540487668220774,836.5,344.1,742.0,159.5,1086.75,1310.75,12.325000047684,41.724999427795,0.5960942550045805
2005-01-02 15:00:00,2005-01-02,15:00:00,1.6,1124.0,5.544912138895297,790.25,257.6,791.25,136.8,1070.5,1206.0,13.450000047684,41.299999237061,0.6342035523773165
2005-01-02 16:00:00,2005-01-02,16:00:00,2.8,1311.5,10.536647597459748,997.5,474.0,640.0,166.5,1249.25,1472.75,13.424999952316,43.050000190735,0.6600207185180348
2005-01-02 17:00:00,2005-01-02,17:00:00,2.6,1246.25,8.915021639753098,936.0,438.2,665.0,163.5,1181.5,1459.75,9.8999998569489,53.300001144409,0.6504280454498055
2005-01-02 18:00:00,2005-01-02,18:00:00,2.8,1232.25,8.775650731240786,930.5,450.7,674.25,165.8,1171.25,1626.5,8.8749997615814,54.574999809265,0.6225592128215847
2005-01-02 19:00:00,2005-01-02,19:00:00,2.9,1285.75,10.502542595459966,996.25,472.7,643.75,167.2,1217.25,1827.0,8.8500001430511,54.824999809265,0.6243795051229383
2005-01-02 20:00:00,2005-01-02,20:00:00,3.4,1347.0,13.009989174919578,1084.0,559.7,582.0,174.3,1290.0,2004.0,8.3000001907349,58.200000762939,0.6391285915609591
2005-01-02 21:00:00,2005-01-02,21:00:00,2.9,1342.923076923077,12.867129819232211,1078.3846153846155,470.0,584.7884615384615,159.9,1287.6923076923076,1987.5961538461538,8.323077110143846,58.417308440574786,0.6427249700998152
2005-01-02 22:00:00,2005-01-02,22:00:00,3.2,1338.8461538461538,12.724270463544846,1072.7692307692307,505.7,587.5769230769231,168.8,1285.3846153846155,1971.1923076923076,8.346154029552789,58.63461611821057,0.6463213486386713
2005-01-02 23:00:00,2005-01-02,23:00:00,3.1,1334.7692307692307,12.581411107857479,1067.1538461538462,482.4,590.3653846153846,162.3,1283.076923076923,1954.7884615384614,8.369230948961734,58.85192379584636,0.6499177271775275
2005-01-03 00:00:00,2005-01-03,00:00:00,3.0,1330.6923076923076,12.438551752170113,1061.5384615384614,436.1,593.1538461538462,148.5,1280.7692307692307,1938.3846153846155,8.392307868370677,59.069231473482155,0.6535141057163836
2005-01-03 01:00:00,2005-01-03,01:00:00,3.4,1326.6153846153845,12.295692396482746,1055.923076923077,472.0,595.9423076923077,158.0,1278.4615384615386,1921.9807692307693,8.415384787779622,59.28653915111794,0.6571104842552397
2005-01-03 02:00:00,2005-01-03,02:00:00,3.0,1322.5384615384614,12.15283304079538,1050.3076923076924,378.9,598.7307692307693,142.7,1276.1538461538462,1905.576923076923,8.438461707188566,59.50384682875373,0.6607068627940957
2005-01-03 03:00:00,2005-01-03,03:00:00,2.7,1318.4615384615386,12.009973685108013,1044.6923076923076,267.15,601.5192307692307,117.5,1273.8461538461538,1889.173076923077,8.46153862659751,59.72115450638952,0.6643032413329518
2005-01-03 05:00:00,2005-01-03,05:00:00,1.1,1314.3846153846155,11.867114329420648,1039.076923076923,155.4,604.3076923076923,92.3,1271.5384615384614,1872.7692307692307,8.484615546006454,59.938462184025305,0.6678996198718079
2005-01-03 06:00:00,2005-01-03,06:00:00,1.4,1310.3076923076924,11.72425497373328,1033.4615384615386,264.2,607.0961538461538,101.5,1269.2307692307693,1856.3653846153845,8.5076924654154,60.15576986166109,0.6714959984106641
2005-01-03 07:00:00,2005-01-03,07:00:00,1.8,1306.2307692307693,11.581395618045915,1027.8461538461538,366.2,609.8846153846154,121.0,1266.923076923077,1839.9615384615386,8.530769384824342,60.37307753929689,0.6750923769495202
2005-01-03 08:00:00,2005-01-03,08:00:00,3.6,1302.1538461538462,11.438536262358548,1022.2307692307693,621.8,612.6730769230769,164.1,1264.6153846153845,1823.5576923076924,8.553846304233288,60.590385216932674,0.6786887554883763
2005-01-03 09:00:00,2005-01-03,09:00:00,3.1,1298.076923076923,11.295676906671183,1016.6153846153846,550.8,615.4615384615385,174.9,1262.3076923076924,1807.1538461538462,8.57692322364223,60.80769289456846,0.6822851340272323
2005-01-03 10:00:00,2005-01-03,10:00:00,1.9,1294.0,11.152817550983816,1011.0,349.0,618.25,130.1,1260.0,1790.75,8.600000143051176,61.02500057220425,0.6858815125660884
2005-01-03 11:00:00,2005-01-03,11:00:00,1.7,1289.923076923077,11.00995819529645,1005.3846153846154,284.9,621.0384615384615,116.7,1257.6923076923076,1774.3461538461538,8.62307706246012,61.242308249840036,0.6894778911049445
2005-01-03 12:00:00,2005-01-03,12:00:00,1.7,1285.8461538461538,10.867098839609083,999.7692307692307,265.4,623.8269230769231,114.7,1255.3846153846155,1757.9423076923076,8.646153981869064,61.459615927475824,0.6930742696438007
2005-01-03 13:00:00,2005-01-03,13:00:00,1.6,1281.7692307692307,10.724239483921718,994.1538461538462,222.4,626.6153846153846,106.3,1253.076923076923,1741.5384615384614,8.669230901278008,61.67692360511161,0.6966706481826568
2005-01-03 14:00:00,2005-01-03,14:00:00,1.6,1277.6923076923076,10.58138012823435,988.5384615384615,237.2,629.4038461538462,102.2,1250.7692307692307,1725.1346153846155,8.692307820686953,61.894231282747405,0.7002670267215129
2005-01-03 15:00:00,2005-01-03,15:00:00,1.7,1273.6153846153845,10.438520772546985,982.9230769230769,293.5,632.1923076923077,122.3,1248.4615384615386,1708.7307692307693,8.715384740095896,62.11153896038319,0.703863405260369
2005-01-03 16:00:00,2005-01-03,16:00:00,2.2,1269.5384615384614,10.295661416859618,977.3076923076924,329.4,634.9807692307693,137.6,1246.1538461538462,1692.326923076923,8.738461659504841,62.32884663801898,0.707459783799225
2005-01-03 17:00:00,2005-01-03,17:00:00,3.3,1265.4615384615386,10.152802061172252,971.6923076923077,487.4,637.7692307692307,162.4,1243.8461538461538,1675.923076923077,8.761538578913784,62.54615431565477,0.7110561623380811
2005-01-03 18:00:00,2005-01-03,18:00:00,3.9,1261.3846153846155,10.009942705484885,966.0769230769231,604.2,640.5576923076923,176.5,1241.5384615384614,1659.5192307692307,8.78461549832273,62.763461993290555,0.7146525408769373
2005-01-03 19:00:00,2005-01-03,19:00:00,5.0,1257.3076923076924,9.86708334979752,960.4615384615385,728.4,643.3461538461538,190.4,1239.2307692307693,1643.1153846153848,8.807692417731673,62.98076967092634,0.7182489194157934
2005-01-03 20:00:00,2005-01-03,20:00:00,4.2,1253.2307692307693,9.724223994110153,954.8461538461538,652.7,646.1346153846154,182.4,1236.923076923077,1626.7115384615386,8.830769337140618,63.19807734856214,0.7218452979546495
2005-01-03 21:00:00,2005-01-03,21:00:00,3.2,1249.1538461538462,9.581364638422787,949.2307692307693,509.4,648.9230769230769,162.8,1234.6153846153845,1610.3076923076924,8.853846256549563,63.415385026197924,0.7254416764935055
2005-01-03 22:00:00,2005-01-03,22:00:00,1.7,1245.076923076923,9.43850528273542,943.6153846153846,276.8,651.7115384615385,135.4,1232.3076923076924,1593.9038461538462,8.876923175958506,63.63269270383371,0.7290380550323616
2005-01-03 23:00:00,2005-01-03,23:00:00,1.5,1241.0,9.295645927048053,938.0,267.9,654.5,130.1,1230.0,1577.5,8.90000009536745,63.8500003814695,0.7326344335712178
2005-01-04 00:00:00,2005-01-04,00:00:00,1.3,1236.923076923077,9.152786571360688,932.3846153846154,192.5,657.2884615384615,116.7,1227.6923076923076,1561.0961538461538,8.923077014776394,64.06730805910529,0.7362308121100739
2005-01-04 01:00:00,2005-01-04,01:00:00,1.2,1232.8461538461538,9.009927215673322,926.7692307692307,166.8,660.0769230769231,103.9,1225.3846153846155,1544.6923076923076,8.94615393418534,64.28461573674107,0.73982719064893
2005-01-04 02:00:00,2005-01-04,02:00:00,1.3,1228.7692307692307,8.867067859985955,921.1538461538462,158.6,662.8653846153846,97.1,1223.076923076923,1528.2884615384614,8.969230853594283,64.50192341437686,0.7434235691877861
2005-01-04 03:00:00,2005-01-04,03:00:00,0.8,1224.6923076923076,8.724208504298588,915.5384615384615,123.75,665.6538461538462,84.4,1220.7692307692307,1511.8846153846155,8.992307773003228,64.71923109201265,0.7470199477266422
2005-01-04 04:00:00,2005-01-04,04:00:00,0.6,1220.6153846153845,8.581349148611222,909.9230769230769,88.9,668.4423076923077,71.7,1218.4615384615386,1495.4807692307693,9.015384692412171,64.93653876964844,0.7506163262654982
2005-01-04 05:00:00,2005-01-04,05:00:00,0.8,1216.5384615384614,8.438489792923857,904.3076923076924,97.2,671.2307692307693,71.2,1216.1538461538462,1479.076923076923,9.038461611821116,65.15384644728422,0.7542127048043543
2005-01-04 06:00:00,2005-01-04,06:00:00,0.9,1212.4615384615386,8.29563043723649,898.6923076923077,181.6,674.0192307692307,93.5,1213.8461538461538,1462.673076923077,9.06153853123006,65.37115412492003,0.7578090833432105
2005-01-04 07:00:00,2005-01-04,07:00:00,1.1,1208.3846153846155,8.152771081549123,893.0769230769231,262.0,676.8076923076923,118.4,1211.5384615384614,1446.269230769231,9.084615450639005,65.58846180255581,0.7614054618820666
2005-01-04 08:00:00,2005-01-04,08:00:00,3.4,1204.3076923076924,8.009911725861757,887.4615384615385,560.6,679.5961538461538,173.8,1209.2307692307693,1429.8653846153848,9.107692370047948,65.8057694801916,0.7650018404209227
2005-01-04 09:00:00,2005-01-04,09:00:00,3.6,1200.2307692307693,7.867052370174391,881.8461538461538,540.3,682.3846153846154,170.3,1206.923076923077,1413.4615384615386,9.130769289456893,66.02307715782739,0.7685982189597788
2005-01-04 10:00:00,2005-01-04,10:00:00,3.1,1196.1538461538462,7.7241930144870246,876.2307692307693,480.4,685.1730769230769,171.4,1204.6153846153845,1397.0576923076924,9.153846208865836,66.24038483546317,0.7721945974986348
2005-01-04 11:00:00,2005-01-04,11:00:00,3.3,1192.076923076923,7.581333658799658,870.6153846153846,607.8,687.9615384615385,195.8,1202.3076923076924,1380.6538461538462,9.176923128274781,66.45769251309896,0.775790976037491
2005-01-04 12:00:00,2005-01-04,12:00:00,3.4,1188.0,7.438474303112292,865.0,584.2,690.75,190.7,1200.0,1364.25,9.200000047683725,66.67500019073475,0.7793873545763471
2005-01-04 13:00:00,2005-01-04,13:00:00,2.8,1183.923076923077,7.295614947424926,859.3846153846155,425.8,693.5384615384615,165.4,1197.6923076923076,1347.8461538461538,9.22307696709267,66.89230786837054,0.7829837331152032
2005-01-04 14:00:00,2005-01-04,14:00:00,2.6,1179.8461538461538,7.152755591737559,853.7692307692307,397.2,696.3269230769231,147.7,1195.3846153846155,1331.4423076923076,9.246153886501613,67.10961554600632,0.7865801116540593
2005-01-04 15:00:00,2005-01-04,15:00:00,3.0,1175.7692307692307,7.009896236050193,848.1538461538462,473.2,699.1153846153846,172.4,1193.076923076923,1315.0384615384614,9.269230805910558,67.32692322364211,0.7901764901929154
2005-01-04 16:00:00,2005-01-04,16:00:00,2.9,1171.6923076923076,6.867036880362827,842.5384615384615,368.5,701.9038461538462,164.8,1190.7692307692307,1298.6346153846152,9.292307725319501,67.5442309012779,0.7937728687317716
2005-01-04 17:00:00,2005-01-04,17:00:00,3.8,1167.6153846153848,6.7241775246754605,836.9230769230769,531.7,704.6923076923076,183.9,1188.4615384615386,1282.2307692307693,9.315384644728447,67.76153857891369,0.7973692472706275
2005-01-04 18:00:00,2005-01-04,18:00:00,3.8,1163.5384615384614,6.581318168988094,831.3076923076924,498.2,707.4807692307693,173.1,1186.1538461538462,1265.826923076923,9.33846156413739,67.97884625654947,0.8009656258094837
2005-01-04 19:00:00,2005-01-04,19:00:00,3.6,1159.4615384615386,6.438458813300728,825.6923076923077,486.8,710.2692307692307,174.3,1183.8461538461538,1249.423076923077,9.361538483546335,68.19615393418528,0.8045620043483398
2005-01-04 20:00:00,2005-01-04,20:00:00,4.5,1155.3846153846155,6.295599457613362,820.0769230769231,628.8,713.0576923076923,181.0,1181.5384615384614,1233.019230769231,9.384615402955278,68.41346161182106,0.8081583828871959
2005-01-04 21:00:00,2005-01-04,21:00:00,3.7,1151.3076923076924,6.152740101925994,814.4615384615385,502.2,715.8461538461538,165.8,1179.2307692307693,1216.6153846153848,9.407692322364223,68.63076928945685,0.811754761426052
2005-01-04 22:00:00,2005-01-04,22:00:00,2.4,1147.2307692307693,6.009880746238628,808.8461538461538,380.6,718.6346153846154,149.8,1176.923076923077,1200.2115384615386,9.430769241773167,68.84807696709264,0.815351139964908
2005-01-04 23:00:00,2005-01-04,23:00:00,1.7,1143.1538461538462,5.867021390551262,803.2307692307693,249.7,721.4230769230769,130.7,1174.6153846153845,1183.8076923076924,9.453846161182112,69.06538464472843,0.8189475185037642
2005-01-05 00:00:00,2005-01-05,00:00:00,1.7,1139.076923076923,5.7241620348638955,797.6153846153846,265.6,724.2115384615385,128.8,1172.3076923076924,1167.4038461538462,9.476923080591057,69.28269232236421,0.8225438970426203
2005-01-05 01:00:00,2005-01-05,01:00:00,1.7,1135.0,5.581302679176529,792.0,226.1,727.0,119.6,1170.0,1151.0,9.5,69.5,0.8261402755814764
2005-01-05 02:00:00,2005-01-05,02:00:00,1.9,1188.0,8.050252104073985,901.25,258.6,657.0,118.6,1260.75,1184.75,9.0500001907349,70.85000038147,0.8176016449726056
2005-01-05 03:00:00,2005-01-05,03:00:00,2.0,1242.0,8.53088910572999,920.75,259.3,625.75,114.55,1218.5,1373.5,8.0750000476837,72.074998855591,0.7797699428120062
2005-01-05 04:00:00,2005-01-05,04:00:00,2.0,1219.0,7.748421496443901,888.75,260.0,648.75,110.5,1185.75,1405.25,7.8500001430511,72.050001144409,0.7679307318627815
2005-01-05 05:00:00,2005-01-05,05:00:00,1.7,1186.75,6.849891943840394,850.25,241.9,652.75,109.1,1169.0,1382.5,7.5500000715256,72.724998474121,0.7597963113541509
2005-01-05 06:00:00,2005-01-05,06:00:00,1.8,1224.5,8.123422119877722,904.25,267.4,644.25,110.1,1194.25,1459.75,7.4500000476837,71.675001144409,0.7438502485366616
2005-01-05 07:00:00,2005-01-05,07:00:00,2.2,1332.75,11.116640655817063,1018.5,410.9,576.0,126.1,1275.0,1612.0,7.9250000715256,70.60000038147,0.756238025326664
2005-01-05 08:00:00,2005-01-05,08:00:00,3.7,1488.5,16.44582406398566,1193.25,669.8,496.5,148.2,1474.75,1775.5,8.5999999046326,69.02499961853,0.7732146686134704
2005-01-05 09:00:00,2005-01-05,09:00:00,4.8,1596.25,21.636312385375,1341.25,829.5,436.0,162.2,1671.5,1990.5,9.125,67.52499961853,0.7830939183072304
2005-01-05 10:00:00,2005-01-05,10:00:00,4.8,1584.5,19.30864497682885,1277.0,844.5,456.25,173.1,1566.75,1944.0,9.7750000953674,65.825000762939,0.7967148854143337
2005-01-05 11:00:00,2005-01-05,11:00:00,5.2,1673.75,22.93251857662425,1375.75,992.0,438.25,197.9,1643.0,2098.25,11.199999809265,61.925000190735,0.8225765050705997
2005-01-05 12:00:00,2005-01-05,12:00:00,5.9,1741.0,25.34221830888116,1437.75,1129.9,415.75,219.3,1740.5,2158.75,12.750000238419,60.074999809265,0.8820404953306786
2005-01-05 13:00:00,2005-01-05,13:00:00,5.9,1680.0,25.173767956059887,1433.5,976.6,417.0,205.9,1790.0,2005.0,13.350000143051,62.35000038147,0.9513438385064604
2005-01-05 14:00:00,2005-01-05,14:00:00,3.1,1295.25,13.182230127749888,1089.75,459.2,552.5,154.8,1479.25,1440.5,14.324999809265,61.224999427795,0.9940970004323666
2005-01-05 15:00:00,2005-01-05,15:00:00,2.6,1287.5,13.850130929670096,1111.75,346.3,559.5,150.0,1491.5,1379.5,14.575000047684,59.550000190735,0.982369932331902
2005-01-05 16:00:00,2005-01-05,16:00:00,2.8,1280.75,13.834795263224647,1111.25,383.1,552.75,147.9,1483.0,1408.5,14.225000143051,60.025000572205,0.96843721508842
2005-01-05 17:00:00,2005-01-05,17:00:00,2.8,1309.5,13.453760957164876,1098.75,414.4,558.5,157.5,1480.75,1444.75,13.849999666214,62.60000038147,0.9861521049905412
2005-01-05 18:00:00,2005-01-05,18:00:00,2.8,1276.25,13.453760957164876,1098.75,369.9,558.75,151.9,1504.0,1387.5,13.550000190735,63.999999046326,0.9890864210668996
2005-01-05 19:00:00,2005-01-05,19:00:00,3.1,1312.0,14.981190048066996,1148.0,400.1,531.75,148.1,1525.0,1410.5,13.400000095367,64.450000762939,0.9865361576927092
2005-01-05 20:00:00,2005-01-05,20:00:00,3.3,1331.75,14.91780198921513,1146.0,377.6,539.25,147.0,1522.5,1377.25,13.499999761581,64.72500038147,0.9971000621353612
2005-01-05 21:00:00,2005-01-05,21:00:00,2.7,1247.75,11.896096062617143,1046.0,356.9,587.75,143.9,1404.0,1315.5,13.350000143051,65.325000762939,0.996736753745416
2005-01-05 22:00:00,2005-01-05,22:00:00,2.3,1181.5,9.190126573053254,946.75,333.2,643.25,143.5,1333.5,1209.5,13.175000190735,64.5,0.9731848270699928
2005-01-05 23:00:00,2005-01-05,23:00:00,1.6,1059.0,5.956122343665647,809.75,226.6,764.25,125.7,1199.75,1001.75,13.174999952316,62.25,0.9392365048046022
2005-01-06 00:00:00,2005-01-06,00:00:00,1.6,1055.75,5.649154155725517,795.25,202.8,782.5,115.2,1187.25,896.25,12.5,63.650000572205,0.9196264769575746
2005-01-06 01:00:00,2005-01-06,01:00:00,1.7,1063.75,5.431203339043807,784.75,209.7,769.0,115.9,1183.75,945.75,12.324999809265,64.60000038147,0.9228924874094602
2005-01-06 02:00:00,2005-01-06,02:00:00,1.6,1059.25,5.395234084738762,783.0,198.1,780.75,111.9,1188.0,877.0,12.549999952316,63.77499961853,0.92440190758972
2005-01-06 03:00:00,2005-01-06,03:00:00,1.4,991.0,3.478432739697483,681.0,143.45,874.0,89.35,1125.0,717.75,12.599999904633,62.724999427795,0.9121113474978958
2005-01-06 05:00:00,2005-01-06,05:00:00,0.9,1004.75,3.448698810469343,679.25,88.8,874.5,66.8,1120.0,744.5,10.675000190735,69.474998474121,0.8918719418948695
2005-01-06 06:00:00,2005-01-06,06:00:00,0.8,939.0,1.7917691381845675,568.25,100.6,1037.0,72.4,1054.25,656.25,12.399999856949,62.64999961853,0.8993692289435926
2005-01-06 07:00:00,2005-01-06,07:00:00,0.7,960.75,2.6457215096105893,629.25,104.1,1010.75,68.6,1113.75,681.75,12.300000190735,62.724999427795,0.8946631882590323
2005-01-06 08:00:00,2005-01-06,08:00:00,1.1,1017.0,4.023051532017862,712.0,191.6,826.5,107.1,1147.0,829.0,11.375,66.60000038147,0.8947831441858264
2005-01-06 09:00:00,2005-01-06,09:00:00,1.5,1108.25,6.2317436447591925,822.5,236.5,719.5,117.0,1246.5,960.75,11.125,70.175001144409,0.9276338708310156
2005-01-06 10:00:00,2005-01-06,10:00:00,1.5,1121.75,5.817659747566895,803.25,210.5,733.0,115.1,1225.0,960.0,13.425000190735,60.974999427795,0.9348377089250448
2005-01-06 11:00:00,2005-01-06,11:00:00,1.6,1098.75,6.297366924277402,825.5,230.2,738.75,120.0,1222.75,939.5,15.925000190735,52.199999809265,0.937738091857915
2005-01-06 12:00:00,2005-01-06,12:00:00,1.6,1123.75,5.860115705535284,805.25,239.5,725.75,127.9,1233.0,938.0,15.625,53.97500038147,0.9514970870897732
2005-01-06 13:00:00,2005-01-06,13:00:00,2.0,1186.25,8.537128148519281,921.0,295.4,659.75,137.9,1309.5,1040.0,16.274999856949,51.525000572205,0.946171470402802
2005-01-06 14:00:00,2005-01-06,14:00:00,1.7,1096.0,6.160982751377795,819.25,242.6,732.5,126.7,1237.75,904.0,16.47500038147,50.775000572205,0.9441550485651146
2005-01-06 15:00:00,2005-01-06,15:00:00,1.5,1120.25,6.368789264357057,828.75,195.8,725.0,111.2,1259.25,910.0,16.275000095367,51.924999237061,0.9535167989814326
2005-01-06 16:00:00,2005-01-06,16:00:00,2.0,1185.0,7.8504920260883315,893.0,237.2,665.75,122.3,1311.75,1011.0,16.199999809265,53.0,0.9686908545095484
2005-01-06 17:00:00,2005-01-06,17:00:00,1.9,1173.25,7.664791387485363,885.25,274.4,685.0,134.1,1287.5,1038.0,15.625000238419,54.800000190735,0.9660405922808172
2005-01-06 18:00:00,2005-01-06,18:00:00,2.1,1221.0,8.898078347600162,935.33333333333,352.1,642.33333333333,152.6,1323.3333333333,1144.3333333333,14.5,57.5,0.944048707912841
2005-01-06 19:00:00,2005-01-06,19:00:00,2.8,1329.75,12.389162076428056,1063.0,487.6,578.0,169.4,1418.5,1351.5,14.025000095367,60.050000190735,0.9565885252614572
2005-01-06 20:00:00,2005-01-06,20:00:00,2.7,1325.0,11.341067288775244,1026.5,425.9,590.5,162.1,1394.25,1365.0,13.475000143051,62.974999427795,0.96859203539435
2005-01-06 21:00:00,2005-01-06,21:00:00,2.4,1194.75,8.381735969623461,914.75,376.4,665.75,152.4,1294.5,1244.75,12.625000238419,65.425001144409,0.9529040449488456
2005-01-06 22:00:00,2005-01-06,22:00:00,1.6,1150.25,7.287422947152213,869.25,237.2,694.25,127.2,1252.25,1203.25,11.950000047684,67.5,0.9412695275012526
2005-01-06 23:00:00,2005-01-06,23:00:00,1.7,1144.5,5.870750253780853,805.75,198.5,735.75,111.8,1207.25,1120.25,10.475000143051,71.974998474121,0.9119882111807588
2005-01-07 00:00:00,2005-01-07,00:00:00,1.3,1041.0,4.331267414137387,728.75,163.9,818.75,97.7,1129.75,971.5,10.0,70.875,0.8705843254643331
2005-01-07 01:00:00,2005-01-07,01:00:00,1.4,1031.75,3.5725896205436136,686.5,141.9,867.0,89.4,1109.0,878.0,9.7999999523163,70.699998855591,0.8571241086121797
2005-01-07 02:00:00,2005-01-07,02:00:00,1.2,1009.75,3.141056393473606,660.75,142.4,880.75,82.1,1099.5,852.5,8.0499999523163,74.974998474121,0.8097991009878985
2005-01-07 03:00:00,2005-01-07,03:00:00,1.0,951.25,2.5034923538874008,619.75,134.65,937.75,79.4,1076.5,779.0,7.9250001907349,75.14999961853,0.8049757430324007
2005-01-07 04:00:00,2005-01-07,04:00:00,1.0,943.75,2.46294739845196,617.0,126.9,944.25,76.7,1038.5,766.0,7.0,77.27499961853,0.778217099523889
2005-01-07 05:00:00,2005-01-07,05:00:00,0.6,861.5,1.442220421528291,539.75,73.4,1109.75,54.6,999.0,670.0,7.1749999523163,74.39999961853,0.7580834646741037
2005-01-07 06:00:00,2005-01-07,06:00:00,0.7,908.75,1.7693789354604086,566.5,99.6,1049.25,62.9,993.0,694.0,6.7250000238419,75.025001525879,0.7417685189181764
2005-01-07 07:00:00,2005-01-07,07:00:00,1.0,964.75,3.112591165001961,659.0,125.9,973.25,68.9,1058.5,739.25,6.4250000715256,76.25,0.7388523981496907
2005-01-07 08:00:00,2005-01-07,08:00:00,1.7,1102.0,7.623121501642551,883.5,284.4,719.0,98.8,1217.5,939.5,5.9750001430511,78.47500038147,0.7377293877584603
2005-01-07 09:00:00,2005-01-07,09:00:00,3.0,1225.5,15.25186639323188,1156.5,418.5,551.75,124.7,1464.25,1201.0,6.3250000476837,77.424999237061,0.7452123184563602
2005-01-07 10:00:00,2005-01-07,10:00:00,2.4,1131.5,9.280463860059642,950.25,432.0,658.75,123.0,1252.75,1105.75,7.6750000715256,73.75,0.7769483564980617
2005-01-07 11:00:00,2005-01-07,11:00:00,2.2,1183.0,10.970401144780768,1013.25,310.4,631.5,127.7,1305.75,1185.75,10.174999952316,61.47500038147,0.7638208272767945
2005-01-07 12:00:00,2005-01-07,12:00:00,2.6,1210.5,10.557133221495256,998.25,446.3,605.25,148.6,1298.25,1302.25,11.25,58.099999427795,0.7742773305782955
2005-01-07 13:00:00,2005-01-07,13:00:00,2.5,1252.5,11.432786377520737,1029.75,464.4,590.25,137.2,1351.25,1368.0,10.649999856949,62.27499961853,0.7981413610199928
2005-01-07 14:00:00,2005-01-07,14:00:00,3.0,1310.75,13.129706743219696,1088.0,504.9,562.75,146.7,1401.75,1451.75,11.125,62.02499961853,0.8199001004079542
2005-01-07 15:00:00,2005-01-07,15:00:00,3.3,1340.5,14.775598053926103,1141.5,563.6,536.0,167.6,1453.75,1536.75,12.600000143051,57.675000190735,0.8386771371456393
2005-01-07 16:00:00,2005-01-07,16:00:00,3.8,1431.5,16.487108109675482,1194.5,625.4,508.5,180.3,1512.75,1651.0,13.299999952316,56.200000762939,0.8547671984059405
2005-01-07 17:00:00,2005-01-07,17:00:00,3.6,1404.0,16.50363408226432,1195.0,589.9,498.75,169.5,1500.5,1623.25,11.150000095367,65.25,0.8639332433097388
2005-01-07 18:00:00,2005-01-07,18:00:00,5.0,1492.75,21.469616535835723,1336.75,711.9,466.0,180.3,1638.0,1742.0,8.75,74.550001144409,0.843429234298276
2005-01-07 19:00:00,2005-01-07,19:00:00,5.7,1477.75,22.205307711396188,1356.5,722.5,473.0,177.5,1652.0,1639.25,7.2250000238419,78.549999237061,0.8030474500989957
2005-01-07 20:00:00,2005-01-07,20:00:00,5.0,1411.25,20.517273193429688,1310.75,707.4,487.25,158.8,1588.5,1536.75,6.5000001192093,79.97500038147,0.7788610540806234
2005-01-07 21:00:00,2005-01-07,21:00:00,4.8,1386.5,17.703472052446337,1230.75,736.5,523.25,155.9,1487.0,1463.25,5.7750000953674,83.75,0.7767684403898815
2005-01-07 22:00:00,2005-01-07,22:00:00,3.9,1305.75,15.396001425208013,1161.0,646.2,557.25,145.7,1406.75,1378.75,5.5249999761581,83.549999237061,0.7619344687303673
2005-01-07 23:00:00,2005-01-07,23:00:00,3.3,1231.5,11.58161276263785,1035.0,535.5,622.5,131.5,1296.0,1255.75,5.8250000476837,81.325000762939,0.7568265674243919
2005-01-08 00:00:00,2005-01-08,00:00:00,3.4,1277.25,13.039874732903334,1085.0,566.7,589.25,137.2,1328.5,1344.0,5.4499999284744,82.60000038147,0.7494591655497215
2005-01-08 01:00:00,2005-01-08,01:00:00,2.4,1062.5,6.691615196197922,843.25,357.4,761.5,114.3,1125.0,1089.0,6.375,76.299999237061,0.7368568419792774
2005-01-08 02:00:00,2005-01-08,02:00:00,1.4,991.25,4.620274381419234,744.0,186.6,862.5,95.0,1069.0,948.5,7.0,73.64999961853,0.7417106356002369
2005-01-08 03:00:00,2005-01-08,03:00:00,1.4,988.75,3.830372555883701,701.25,177.85,871.25,91.5,1048.5,932.5,7.2250001430511,72.299997329712,0.739151235189072
2005-01-08 04:00:00,2005-01-08,04:00:00,1.2,971.5,3.3517690595025225,673.5,169.1,926.0,88.0,1032.0,882.25,7.9000000953674,69.325000762939,0.7413476271205837
2005-01-08 05:00:00,2005-01-08,05:00:00,1.2,973.25,3.376941467632198,675.0,184.2,903.25,93.8,1028.75,904.5,7.4249999523163,71.749998092651,0.7433878496405047
2005-01-08 06:00:00,2005-01-08,06:00:00,1.2,985.0,3.64173967489039,690.5,204.5,878.0,97.0,1055.75,902.0,7.6750000715256,71.900001525879,0.7574588205795231
2005-01-08 07:00:00,2005-01-08,07:00:00,1.3,1019.5,4.467671749279885,736.0,212.5,853.75,93.1,1069.25,922.5,8.1499999761581,68.025001525879,0.7396268912748145
2005-01-08 08:00:00,2005-01-08,08:00:00,2.3,1192.25,10.016669866719493,978.25,415.1,637.75,113.2,1273.0,1209.5,6.6750000715256,77.10000038147,0.7597323941578369
2005-01-08 09:00:00,2005-01-08,09:00:00,3.4,1324.75,14.720453409836011,1139.75,582.9,542.25,125.6,1402.5,1468.25,6.825000166893,77.925001144409,0.7756215882806727
2005-01-08 10:00:00,2005-01-08,10:00:00,3.0,1219.25,11.31290941623808,1025.5,462.0,604.25,132.8,1310.75,1328.75,8.9249999523163,66.700000762939,0.7633896166040919
2005-01-08 11:00:00,2005-01-08,11:00:00,2.5,1195.0,10.373373792087865,991.5,387.0,632.25,141.3,1251.0,1294.5,11.625,54.10000038147,0.7387165696748978
2005-01-08 12:00:00,2005-01-08,12:00:00,2.7,1229.5,11.165570527452475,1020.25,414.3,604.75,138.8,1300.75,1364.5,13.474999904633,49.400000572205,0.7598006638864759
2005-01-08 13:00:00,2005-01-08,13:00:00,2.8,1311.5,13.092244786448637,1086.75,439.8,566.5,147.4,1392.75,1452.25,13.75,50.85000038147,0.7959590084205135
2005-01-08 14:00:00,2005-01-08,14:00:00,3.6,1386.75,14.305786381113023,1126.5,515.9,529.75,175.2,1429.75,1614.5,13.449999809265,55.924999237061,0.8587853098645564
2005-01-08 15:00:00,2005-01-08,15:00:00,3.1,1375.25,12.757143466167715,1075.5,495.0,554.5,180.2,1376.5,1599.0,12.874999761581,59.025001525879,0.8736088066961932
2005-01-08 16:00:00,2005-01-08,16:00:00,4.3,1532.25,18.886468433195493,1265.0,643.0,481.75,194.0,1577.5,1776.5,13.250000238419,59.0,0.8944859902285723
2005-01-08 17:00:00,2005-01-08,17:00:00,4.6,1531.25,17.857038651183213,1235.25,724.7,484.0,192.2,1541.25,1741.75,12.974999904633,61.924999237061,0.922430865989578
2005-01-08 18:00:00,2005-01-08,18:00:00,4.3,1479.0,16.520167112897187,1195.5,682.6,498.0,187.7,1510.5,1738.5,12.5,63.625,0.9192652642642184
2005-01-08 19:00:00,2005-01-08,19:00:00,4.3,1521.25,16.919074565319683,1207.5,681.2,496.75,179.3,1549.25,1769.75,12.174999952316,65.800001144409,0.9309888153612044
2005-01-08 20:00:00,2005-01-08,20:00:00,5.5,1615.5,22.44031957962954,1362.75,833.0,442.25,195.8,1700.5,1917.75,12.599999904633,65.150001525879,0.9473743519067648
2005-01-08 21:00:00,2005-01-08,21:00:00,3.4,1371.25,13.636091225089844,1104.75,513.5,552.5,169.1,1428.5,1580.5,13.325000047684,63.550001144409,0.9681037696225528
2005-01-08 22:00:00,2005-01-08,22:00:00,2.4,1198.0,9.080938185610142,942.5,371.3,646.75,151.2,1307.25,1290.75,13.499999761581,62.599999427795,0.9643640471417848
2005-01-08 23:00:00,2005-01-08,23:00:00,1.6,1102.0,6.015120208960161,812.5,212.5,764.25,123.3,1203.75,1000.25,14.124999761581,59.64999961853,0.956284515151536
2005-01-09 00:00:00,2005-01-09,00:00:00,1.7,1119.75,6.313818518864275,826.25,241.9,749.5,126.8,1221.75,974.0,14.0,61.449998855591,0.9773330739162762
2005-01-09 01:00:00,2005-01-09,01:00:00,1.6,1093.0,5.524163125188419,789.25,240.9,771.0,127.0,1206.25,948.75,13.474999904633,63.424998283386,0.975513264059144
2005-01-09 02:00:00,2005-01-09,02:00:00,1.3,1112.0,5.560495657617175,791.0,217.9,764.0,117.5,1215.75,934.0,13.200000047684,64.22500038147,0.9705885255360052
2005-01-09 03:00:00,2005-01-09,03:00:00,0.8,986.0,3.3517690595025225,673.5,135.75,882.75,80.7,1136.75,730.25,13.599999904633,62.199999809265,0.9643434651426452
2005-01-09 05:00:00,2005-01-09,05:00:00,0.6,918.5,1.83043122583498,571.25,53.6,1016.5,43.9,1081.5,521.0,13.450000047684,63.824998855591,0.98009786325542
2005-01-09 06:00:00,2005-01-09,06:00:00,0.6,929.25,1.6314007540189843,555.5,59.7,1034.75,46.2,1093.75,574.75,12.524999856949,67.324998855591,0.9742897285727232
2005-01-09 07:00:00,2005-01-09,07:00:00,0.5,918.75,1.585457879294722,551.75,55.3,1063.0,45.5,1079.75,521.5,13.150000095367,64.150000572205,0.9663550675472722
2005-01-09 08:00:00,2005-01-09,08:00:00,0.6,943.75,2.025609370348589,586.0,92.8,976.5,61.1,1090.25,585.5,13.124999761581,63.39999961853,0.9535284165358662
2005-01-09 09:00:00,2005-01-09,09:00:00,0.7,942.66666666667,1.9407718465191897,579.66666666667,80.5,979.66666666667,59.6,1074.3333333333,566.33333333333,13.833333015442,60.533332824707,0.9525826145205184
2005-01-09 10:00:00,2005-01-09,10:00:00,0.9,1036.25,3.512547535780659,683.0,108.7,846.0,70.9,1144.25,693.25,13.650000095367,60.375,0.939042218031228
2005-01-09 11:00:00,2005-01-09,11:00:00,1.5,1168.0,5.685834257884226,797.0,251.2,698.0,110.9,1234.75,1021.75,14.0,59.699999809265,0.9495001694549492
2005-01-09 12:00:00,2005-01-09,12:00:00,1.9,1231.75,8.080705308155137,902.5,284.1,626.25,126.8,1312.75,1152.0,15.025000095367,56.199999809265,0.9539100386924898
2005-01-09 13:00:00,2005-01-09,13:00:00,1.9,1235.5,8.050252104073985,901.25,262.2,627.75,128.4,1311.0,1107.75,16.875,50.949999809265,0.9713999632959286
2005-01-09 14:00:00,2005-01-09,14:00:00,2.2,1278.25,12.579939370051848,1069.5,255.5,557.25,142.1,1478.5,1110.0,16.574999809265,52.424999237061,0.9809564877104788
2005-01-09 15:00:00,2005-01-09,15:00:00,3.8,1369.0,18.07126291472044,1241.5,310.0,476.25,145.3,1669.0,1306.25,16.374999523163,53.175000190735,0.9826096779084724
2005-01-09 16:00:00,2005-01-09,16:00:00,2.0,1182.0,8.73150190350893,928.75,268.5,647.75,145.4,1324.0,1029.25,16.075000286102,52.824998855591,0.9579487982675924
2005-01-09 17:00:00,2005-01-09,17:00:00,2.2,1210.25,8.826222726457212,932.5,348.2,647.75,156.4,1326.75,1093.5,15.674999713898,54.375,0.9615708617531132
2005-01-09 18:00:00,2005-01-09,18:00:00,3.3,1316.25,14.127410287499904,1120.75,395.7,548.0,154.2,1488.25,1281.75,15.400000095367,55.324999809265,0.961563259132953
2005-01-09 19:00:00,2005-01-09,19:00:00,2.7,1221.25,9.31281843867851,951.5,431.7,641.0,165.1,1334.0,1147.25,15.150000095367,54.72500038147,0.93624238374567
2005-01-09 20:00:00,2005-01-09,20:00:00,2.6,1260.25,11.553201624877463,1034.0,419.0,587.75,153.1,1402.0,1208.0,14.674999952316,56.575000762939,0.9392297297295163
2005-01-09 21:00:00,2005-01-09,21:00:00,2.5,1231.25,9.57338076470358,961.5,411.7,624.5,151.0,1348.25,1191.5,14.399999856949,58.199999809265,0.9494939713336652
2005-01-09 22:00:00,2005-01-09,22:00:00,1.5,1114.5,5.828261397403407,803.75,222.9,733.5,130.6,1219.5,1135.5,14.324999809265,59.175000190735,0.9608116086561956
2005-01-09 23:00:00,2005-01-09,23:00:00,1.9,1180.25,7.463303030999023,876.75,242.3,680.25,128.1,1297.0,1131.25,14.025000095367,60.39999961853,0.9621639696480242
2005-01-10 00:00:00,2005-01-10,00:00:00,2.0,1174.0,7.3634180851910065,872.5,287.5,672.0,136.6,1300.25,1070.5,13.674999952316,63.624998092651,0.9911716609361984
2005-01-10 01:00:00,2005-01-10,01:00:00,1.7,1177.75,7.445634592498937,876.0,209.0,665.75,119.3,1318.75,1058.75,13.124999761581,68.674999237061,1.0328637803173997
2005-01-10 02:00:00,2005-01-10,02:00:00,1.2,1052.0,3.883737686012144,704.25,141.3,806.75,96.3,1210.25,909.0,13.150000095367,69.875,1.052596410640136
2005-01-10 03:00:00,2005-01-10,03:00:00,0.9,998.0,2.0936764730867203,591.0,103.45,937.25,78.15,1146.75,820.25,12.75,71.199998855591,1.045381298302821
2005-01-10 04:00:00,2005-01-10,04:00:00,0.6,959.5,1.3499583134462216,531.75,65.6,1058.75,60.0,1122.0,724.0,12.900000095367,70.449998855591,1.0443808093558054
2005-01-10 07:00:00,2005-01-10,07:00:00,0.4,1161.75,6.680370115592837,842.75,302.8,684.5,103.9,1335.75,1027.0,12.299999952316,73.25,1.0447840275934166
2005-01-10 08:00:00,2005-01-10,08:00:00,2.6,1523.0,20.981985953180125,1323.5,620.3,451.0,136.7,1776.25,1502.0,12.775000333786,71.75,1.0551498732346245
2005-01-10 09:00:00,2005-01-10,09:00:00,3.5,1511.25,21.368017549710537,1334.0,589.5,432.5,145.7,1803.5,1606.0,13.14999961853,70.150001525879,1.0567389990231428
2005-01-10 10:00:00,2005-01-10,10:00:00,2.1,1420.0,16.100782148292033,1182.75,591.7,487.5,136.3,1626.25,1519.5,12.775000095367,71.75,1.0551498570748663
2005-01-10 11:00:00,2005-01-10,11:00:00,2.1,1413.25,16.42932280276125,1192.75,697.7,484.0,143.8,1597.75,1565.75,13.125,70.25,1.0565516196856233
2005-01-10 12:00:00,2005-01-10,12:00:00,1.7,1334.5,14.75195387119492,1140.75,482.3,512.0,132.8,1535.5,1500.75,13.699999809265,66.950000762939,1.0446352569391664
2005-01-10 13:00:00,2005-01-10,13:00:00,2.6,1450.75,20.065987126987597,1298.25,574.7,451.75,148.4,1744.25,1633.5,14.049999952316,65.350002288818,1.042675264899015
2005-01-10 14:00:00,2005-01-10,14:00:00,2.6,1409.5,19.26448268373756,1275.75,547.5,459.0,154.7,1700.5,1586.5,14.424999713898,63.775001525879,1.0420995617625592
2005-01-10 15:00:00,2005-01-10,15:00:00,2.4,1429.25,19.290974886272963,1276.5,498.3,455.75,152.4,1721.25,1560.25,14.075000047684,65.89999961853,1.0531253627886827
2005-01-10 16:00:00,2005-01-10,16:00:00,2.4,1409.25,17.448785457922146,1223.25,478.8,474.5,145.3,1639.75,1537.5,14.100000143051,65.925001144409,1.0552026711169495
2005-01-10 17:00:00,2005-01-10,17:00:00,2.0,1371.5,17.011061860886493,1210.25,419.8,484.25,138.6,1629.0,1490.5,14.075000047684,65.950000762939,1.0539244139821635
2005-01-10 18:00:00,2005-01-10,18:00:00,2.0,1366.25,17.086482300273307,1212.5,378.4,488.5,134.2,1610.75,1469.0,13.974999904633,66.35000038147,1.053586237547156
2005-01-10 19:00:00,2005-01-10,19:00:00,3.1,1365.0,16.412828604275592,1192.25,340.1,492.0,128.2,1592.5,1486.25,13.825000047684,66.449998855591,1.0451347313938248
2005-01-10 20:00:00,2005-01-10,20:00:00,3.3,1384.75,17.26301615174579,1217.75,398.5,478.25,134.6,1620.0,1494.0,13.424999713898,68.10000038147,1.0440745713928654
2005-01-10 21:00:00,2005-01-10,21:00:00,3.3,1361.25,14.633975213822607,1137.0,448.7,502.75,136.4,1525.5,1471.25,13.225000143051,69.050001144409,1.045177459431741
2005-01-10 22:00:00,2005-01-10,22:00:00,2.6,1312.0,11.924863429687202,1047.0,374.4,545.0,126.3,1430.0,1398.75,12.975000143051,69.950000762939,1.041970796310016
2005-01-10 23:00:00,2005-01-10,23:00:00,1.7,1176.75,7.31661206728073,870.5,243.8,660.0,116.1,1291.5,1191.5,12.700000047684,69.85000038147,1.022270419846899
2005-01-11 00:00:00,2005-01-11,00:00:00,1.8,1204.5,7.736450654175492,888.25,256.3,646.5,116.4,1291.75,1187.0,12.025000095367,71.875,1.0071449316768113
2005-01-11 01:00:00,2005-01-11,01:00:00,1.5,1114.25,4.867985701735958,756.75,212.3,744.25,106.8,1204.25,1069.75,13.200000047684,66.75,1.0087471186410524
2005-01-11 02:00:00,2005-01-11,02:00:00,1.1,1047.25,3.941904751445938,707.5,146.3,815.75,90.9,1167.0,949.0,12.424999952316,69.450000762939,0.9985927708540492
2005-01-11 03:00:00,2005-01-11,03:00:00,0.9,981.5,2.1074048532660337,592.0,121.15,952.5,80.6,1106.25,829.5,13.100000143051,65.650000572205,0.9857875717712192
2005-01-11 04:00:00,2005-01-11,04:00:00,0.7,992.0,2.87315397168927,644.0,96.0,898.75,70.3,1127.5,854.25,11.774999856949,70.575000762939,0.9730781819667994
2005-01-11 05:00:00,2005-01-11,05:00:00,0.7,976.75,2.634371220535116,628.5,105.5,908.25,78.1,1129.25,835.25,12.349999666214,68.025001525879,0.9733896461024786
2005-01-11 06:00:00,2005-01-11,06:00:00,0.9,1047.0,3.3016653531086257,670.5,114.7,863.0,74.8,1147.0,886.5,12.024999856949,69.200000762939,0.969661620416363
2005-01-11 07:00:00,2005-01-11,07:00:00,1.3,1125.75,5.221978232928398,774.5,236.4,760.25,100.6,1204.5,1019.0,11.749999761581,69.825000762939,0.9611814615824512
2005-01-11 08:00:00,2005-01-11,08:00:00,3.2,1473.75,18.982865682243173,1267.75,582.8,501.75,136.1,1676.75,1503.25,12.074999809265,67.575000762939,0.9499530487384622
2005-01-11 09:00:00,2005-01-11,09:00:00,5.1,1525.5,26.484172419185324,1466.25,662.3,415.25,147.3,1855.25,1687.0,12.500000238419,65.050001144409,0.939853947504679
2005-01-11 10:00:00,2005-01-11,10:00:00,3.7,1386.0,15.299847178535352,1158.0,527.5,518.0,142.6,1485.0,1552.5,12.800000190735,62.549999237061,0.9213336326444284
2005-01-11 11:00:00,2005-01-11,11:00:00,3.2,1391.75,15.564888908802702,1166.25,548.5,518.5,152.6,1488.0,1623.5,13.350000143051,59.925001144409,0.9143429071761302
2005-01-11 12:00:00,2005-01-11,12:00:00,3.1,1362.5,16.396341469574082,1191.75,530.7,499.0,148.2,1501.0,1637.25,13.449999809265,57.925000190735,0.8894973610431305
2005-01-11 13:00:00,2005-01-11,13:00:00,3.0,1331.25,16.149882816314935,1184.25,493.2,507.0,148.8,1508.0,1532.75,13.625,56.374999046326,0.875429695714634
2005-01-11 14:00:00,2005-01-11,14:00:00,3.6,1400.75,18.75535497964976,1261.25,527.3,478.5,141.3,1580.25,1576.75,13.799999952316,56.300000190735,0.8840835241073232
2005-01-11 15:00:00,2005-01-11,15:00:00,3.2,1373.5,17.985442521637722,1239.0,487.3,482.75,147.1,1569.0,1532.25,13.749999761581,57.89999961853,0.9063131806717836
2005-01-11 16:00:00,2005-01-11,16:00:00,3.9,1436.25,20.101932471979797,1299.25,580.5,450.75,159.1,1616.25,1620.75,13.625,58.85000038147,0.9138632159340836
2005-01-11 17:00:00,2005-01-11,17:00:00,3.4,1386.0,17.601408620175995,1227.75,530.7,478.5,152.1,1545.5,1578.25,13.399999856949,59.724999427795,0.9142105486077045
2005-01-11 18:00:00,2005-01-11,18:00:00,3.9,1419.25,19.290974886272963,1276.5,495.4,458.75,144.4,1602.5,1630.5,13.349999904633,61.150001525879,0.9330340967603368
2005-01-11 19:00:00,2005-01-11,19:00:00,3.6,1427.75,19.69913018617026,1288.0,487.2,465.25,146.0,1579.5,1628.75,13.150000095367,61.824998855591,0.9313312612983984
2005-01-11 20:00:00,2005-01-11,20:00:00,4.7,1508.0,24.465649337695105,1415.5,596.0,418.25,161.7,1773.25,1733.0,12.949999809265,61.450000762939,0.9138884432352754
2005-01-11 21:00:00,2005-01-11,21:00:00,4.1,1437.5,18.390311283734544,1250.75,594.9,470.25,156.1,1593.25,1622.25,12.625,63.899998664856,0.9306926282208268
2005-01-11 22:00:00,2005-01-11,22:00:00,3.4,1414.75,16.561530561590825,1196.75,558.8,486.25,146.4,1538.5,1596.75,11.975000143051,67.424997329712,0.9417434002732332
2005-01-11 23:00:00,2005-01-11,23:00:00,3.5,1432.5,16.20724746898854,1186.0,585.6,479.0,151.2,1497.0,1738.25,11.874999761581,68.950000762939,0.9568403904316188
2005-01-12 00:00:00,2005-01-12,00:00:00,1.2,1208.3333333333,9.630239568062246,963.66666666667,399.3,602.0,126.6,1304.6666666667,1349.6666666667,11.966666857402,66.566665649414,0.929254472023006
2005-01-12 01:00:00,2005-01-12,01:00:00,2.4,1280.0,11.397472532940633,1028.5,399.4,564.25,122.8,1365.75,1363.25,11.399999856949,69.64999961853,0.9372791037185104
2005-01-12 02:00:00,2005-01-12,02:00:00,2.1,1174.25,9.05532769248143,941.5,380.7,625.5,121.9,1296.25,1261.75,11.174999952316,70.300001144409,0.9323100611557448
2005-01-12 03:00:00,2005-01-12,03:00:00,1.1,1022.0,4.340616682903839,729.25,281.6,803.25,102.5,1139.25,1034.0,11.549999952316,68.22500038147,0.927073811819512
2005-01-12 05:00:00,2005-01-12,05:00:00,1.0,1017.5,4.66358706081456,746.25,182.5,799.5,83.1,1171.0,957.5,9.9500000476837,74.825000762939,0.9160979071432156
2005-01-12 06:00:00,2005-01-12,06:00:00,1.4,1095.25,7.258283586063776,868.0,356.6,676.25,97.5,1240.75,1077.5,9.1999998092651,78.450000762939,0.914299395395156
2005-01-12 07:00:00,2005-01-12,07:00:00,1.8,1181.75,9.30634368271899,951.25,478.8,633.75,108.5,1327.25,1142.75,8.8249998092651,79.449998855591,0.9033308178413378
2005-01-12 08:00:00,2005-01-12,08:00:00,3.8,1478.0,17.81432454746118,1234.0,851.7,469.5,138.2,1606.25,1550.75,8.6749999523163,79.449998855591,0.8944206188038908
2005-01-12 09:00:00,2005-01-12,09:00:00,4.1,1515.0,20.057005076512237,1298.0,821.6,433.75,138.3,1706.25,1669.25,8.9499998092651,76.47500038147,0.8767109765907036
2005-01-12 10:00:00,2005-01-12,10:00:00,4.4,1488.25,19.618987134871112,1285.75,910.1,451.75,170.4,1648.25,1766.25,9.875,73.349998474121,0.8936354895245576
2005-01-12 11:00:00,2005-01-12,11:00:00,3.5,1383.0,16.520167112897187,1195.5,800.2,497.25,191.2,1514.25,1717.0,11.75,65.450000762939,0.900957073783489
2005-01-12 12:00:00,2005-01-12,12:00:00,3.5,1383.25,17.27144181627846,1218.0,758.0,497.25,196.1,1505.75,1738.0,12.950000047684,60.924999237061,0.9060805999555084
2005-01-12 13:00:00,2005-01-12,13:00:00,3.8,1337.0,17.703472052446337,1230.75,647.2,504.5,185.0,1517.5,1610.5,14.674999952316,52.325000762939,0.8686733656549209
2005-01-12 14:00:00,2005-01-12,14:00:00,3.1,1243.25,15.187991985721863,1154.5,430.6,545.75,155.9,1473.25,1397.5,15.050000190735,49.574999809265,0.8427918962739109
2005-01-12 15:00:00,2005-01-12,15:00:00,3.4,1303.5,18.16586643674536,1244.25,491.3,506.75,172.8,1558.25,1496.5,15.724999666214,48.800000190735,0.8657023507902186
2005-01-12 16:00:00,2005-01-12,16:00:00,3.3,1284.0,17.195673948819532,1215.75,476.0,521.5,166.4,1544.5,1414.5,15.775000095367,48.925000190735,0.8706545970807497
2005-01-12 17:00:00,2005-01-12,17:00:00,3.4,1303.25,17.55047127439625,1226.25,537.7,521.0,173.3,1554.0,1457.0,14.649999856949,53.97500038147,0.8946467749900434
2005-01-12 18:00:00,2005-01-12,18:00:00,4.7,1460.5,25.43159174249496,1440.0,621.3,439.5,176.8,1806.0,1668.75,14.299999713898,56.25,0.9118691153216066
2005-01-12 19:00:00,2005-01-12,19:00:00,5.7,1516.75,28.351566489356,1511.75,728.4,421.0,181.7,1901.75,1740.0,14.125,57.77499961853,0.926225292365897
2005-01-12 20:00:00,2005-01-12,20:00:00,5.6,1526.25,27.53433392936267,1492.0,715.9,428.25,166.2,1882.75,1770.0,13.075000047684,62.899998664856,0.942981831118059
2005-01-12 21:00:00,2005-01-12,21:00:00,5.9,1494.75,23.32380415074785,1386.0,782.0,457.0,177.1,1736.0,1733.75,12.049999952316,67.450000762939,0.9466667381720052
2005-01-12 22:00:00,2005-01-12,22:00:00,3.6,1332.5,15.164068552106674,1153.75,549.5,533.75,158.4,1440.5,1646.5,10.700000047684,70.875,0.9113280983130894
2005-01-12 23:00:00,2005-01-12,23:00:00,2.5,1216.0,11.144589364521869,1019.5,376.5,604.5,133.3,1337.25,1378.5,10.0,73.175001144409,0.8988361059916347
2005-01-13 00:00:00,2005-01-13,00:00:00,2.9,1231.5,11.503553738991377,1032.25,391.4,598.5,122.9,1346.75,1331.0,9.4250001907349,75.025001525879,0.8874284351826378
2005-01-13 01:00:00,2005-01-13,01:00:00,2.5,1180.5,10.184263392187276,984.5,433.0,629.25,120.2,1311.75,1240.25,8.5,76.89999961853,0.8557480418611948
2005-01-13 02:00:00,2005-01-13,02:00:00,1.7,1042.25,6.04201933944382,813.75,286.7,746.25,104.8,1167.25,1035.75,8.4250000715256,75.924999237061,0.8407124151993641
2005-01-13 03:00:00,2005-01-13,03:00:00,1.6,1026.5,6.259051060090584,823.75,239.1,752.75,95.25,1170.5,969.0,6.875,80.650001525879,0.8054377996336454
2005-01-13 04:00:00,2005-01-13,04:00:00,1.1,914.5,3.715829951605313,694.75,191.5,883.25,85.7,1094.0,826.25,6.1750000715256,82.125,0.7825133277024171
2005-01-13 05:00:00,2005-01-13,05:00:00,0.9,891.0,3.23123660450304,666.25,161.2,930.75,76.5,1057.75,798.0,6.9500000476837,77.300001144409,0.7758682797455091
2005-01-13 06:00:00,2005-01-13,06:00:00,1.0,937.0,3.693972668781659,693.5,194.1,914.75,81.2,1054.0,817.0,6.4750000238419,79.725002288818,0.7751238614757612
2005-01-13 07:00:00,2005-01-13,07:00:00,1.6,1085.5,8.032003716425482,900.5,343.3,715.25,102.6,1216.0,1055.0,7.7250001430511,76.75,0.8112491955584864
2005-01-13 08:00:00,2005-01-13,08:00:00,3.1,1325.75,16.33046358954291,1189.75,623.7,530.75,126.6,1508.5,1391.0,8.2250000238419,74.89999961853,0.8184404476312648
2005-01-13 09:00:00,2005-01-13,09:00:00,4.1,1469.0,23.97897659273788,1403.0,758.3,451.5,134.4,1779.5,1664.75,8.7749998569489,73.22500038147,0.8298083778928912
2005-01-13 10:00:00,2005-01-13,10:00:00,3.9,1321.25,15.686003446081612,1170.0,760.2,531.5,157.8,1488.25,1539.25,9.6750001907349,70.125001907349,0.843207943681097
2005-01-13 11:00:00,2005-01-13,11:00:00,3.6,1396.25,16.520167112897187,1195.5,712.8,523.75,175.1,1491.5,1652.5,11.675000190735,62.674999237061,0.8585801307371842
2005-01-13 12:00:00,2005-01-13,12:00:00,3.2,1270.25,12.801609521790525,1077.0,615.3,583.25,177.8,1352.5,1585.5,13.074999809265,58.5,0.8770180834383536
2005-01-13 13:00:00,2005-01-13,13:00:00,2.2,1189.25,11.298841672134818,1025.0,318.9,626.0,134.5,1315.5,1331.75,14.199999809265,54.050000190735,0.8706518278284059
2005-01-13 14:00:00,2005-01-13,14:00:00,2.4,1227.25,12.905620045576336,1080.5,338.4,570.0,132.9,1395.5,1369.25,14.225000143051,54.27499961853,0.8756672882704383
2005-01-13 15:00:00,2005-01-13,15:00:00,2.7,1266.25,14.05015325074239,1118.25,379.6,564.25,134.2,1410.25,1372.5,13.974999666214,56.300000190735,0.8940000622903053
2005-01-13 16:00:00,2005-01-13,16:00:00,2.7,1276.75,15.839989355585663,1174.75,365.6,530.75,137.3,1480.0,1397.25,13.549999952316,57.800000190735,0.8932686766778649
2005-01-13 17:00:00,2005-01-13,17:00:00,3.9,1437.5,19.931436447584986,1294.5,567.1,470.25,159.8,1620.0,1577.25,12.349999904633,63.000000953674,0.9014854568051855
2005-01-13 18:00:00,2005-01-13,18:00:00,5.2,1522.75,26.64616141229904,1470.25,701.6,414.25,166.3,1811.25,1783.0,11.424999952316,68.0,0.9165599272317556
2005-01-13 19:00:00,2005-01-13,19:00:00,4.0,1383.5,19.75263625123044,1289.5,522.8,475.0,143.5,1571.0,1568.0,10.800000190735,69.5,0.8994897123607641
2005-01-13 20:00:00,2005-01-13,20:00:00,2.9,1282.75,13.280010624885582,1093.0,373.3,580.75,129.0,1354.0,1355.75,10.950000047684,67.075000762939,0.8766230701655883
2005-01-13 21:00:00,2005-01-13,21:00:00,3.3,1304.0,13.024928299631268,1084.5,466.5,571.0,129.3,1384.75,1418.75,9.4749999046326,71.275001525879,0.8458482594654565
2005-01-13 22:00:00,2005-01-13,22:00:00,2.0,1125.5,7.528239978446694,879.5,259.7,690.25,107.1,1201.75,1176.75,8.8499999046326,71.02499961853,0.8088746661055323
2005-01-13 23:00:00,2005-01-13,23:00:00,1.8,1140.75,7.826424205287786,892.0,244.3,685.75,100.7,1212.5,1140.75,8.0000001192093,73.375,0.789889827027096
2005-01-14 00:00:00,2005-01-14,00:00:00,2.7,1182.75,8.756718181342892,929.75,317.2,669.25,111.5,1210.0,1179.0,7.5500000715256,73.02499961853,0.7629305811060452
2005-01-14 01:00:00,2005-01-14,01:00:00,1.8,1089.5,6.385320090079159,829.5,223.6,744.25,98.2,1124.5,1056.0,7.1499999761581,73.875001907349,0.7514774229310891
2005-01-14 02:00:00,2005-01-14,02:00:00,1.3,1031.75,4.467671749279885,736.0,175.8,809.0,89.9,1064.0,972.5,7.0750000476837,73.5,0.7439230565185984
2005-01-14 03:00:00,2005-01-14,03:00:00,1.0,939.75,3.6460803085229134,690.75,139.3,877.0,74.6,1035.75,827.25,6.6750000715256,75.0,0.7390392902712899
2005-01-14 04:00:00,2005-01-14,04:00:00,1.1,980.5,4.18285001004356,720.75,102.8,866.25,59.3,1058.5,835.5,5.0999999046326,81.300001144409,0.7203788637423489
2005-01-14 05:00:00,2005-01-14,05:00:00,1.6,1103.75,6.872631584563263,851.25,366.7,687.0,98.4,1100.5,1084.75,4.3249999284744,82.89999961853,0.6968363573003941
2005-01-14 06:00:00,2005-01-14,06:00:00,1.3,988.75,4.976540188187734,762.25,326.4,793.0,108.7,1076.25,958.75,5.3249999284744,80.39999961853,0.7233512923490691
2005-01-14 07:00:00,2005-01-14,07:00:00,1.4,1078.5,7.287422947152213,869.25,373.9,732.25,110.2,1160.25,1038.75,5.7250000238419,79.250001907349,0.7325545530037653
2005-01-14 08:00:00,2005-01-14,08:00:00,5.0,1472.0,24.54390359233819,1417.5,755.6,459.25,158.5,1681.0,1554.25,6.7750000953674,74.824998855591,0.742274783408269
2005-01-14 09:00:00,2005-01-14,09:00:00,4.3,1312.75,16.852308316808735,1205.5,690.0,513.0,144.4,1469.25,1546.25,6.8750001192093,75.150001525879,0.7505102443835134
2005-01-14 10:00:00,2005-01-14,10:00:00,4.1,1362.5,17.652408888465633,1229.25,753.5,514.75,147.4,1489.75,1638.0,7.950000166893,71.875001907349,0.7711757071063206
2005-01-14 11:00:00,2005-01-14,11:00:00,3.8,1347.25,17.061326349640385,1211.75,749.8,526.75,179.2,1443.25,1567.75,9.25,67.125,0.7848921177105306
2005-01-14 12:00:00,2005-01-14,12:00:00,3.1,1240.25,14.736200052099626,1140.25,589.6,567.0,163.8,1387.5,1433.0,10.225000143051,63.60000038147,0.7928123964234076
2005-01-14 13:00:00,2005-01-14,13:00:00,3.3,1279.75,17.406490734232722,1222.0,525.2,526.25,159.8,1519.0,1452.0,10.950000047684,60.949999809265,0.7965736168714547
2005-01-14 14:00:00,2005-01-14,14:00:00,3.1,1209.5,15.060586200172954,1150.5,405.8,569.0,143.4,1427.75,1344.75,11.275000095367,60.099999427795,0.8022315978830918
2005-01-14 15:00:00,2005-01-14,15:00:00,2.7,1216.3333333333,14.539883225021017,1134.0,359.7,566.0,138.2,1403.3333333333,1335.6666666667,12.199999809265,56.93333307902,0.806836394793507
2005-01-14 16:00:00,2005-01-14,16:00:00,3.4,1320.0,16.894024033164243,1206.75,448.3,534.75,142.5,1498.25,1441.5,11.899999856949,59.074999809265,0.8211277770684737
2005-01-14 17:00:00,2005-01-14,17:00:00,5.0,1477.0,24.328960842858464,1412.0,733.1,449.5,195.9,1703.75,1748.25,10.275000095367,66.250000953674,0.828550631016387
2005-01-14 18:00:00,2005-01-14,18:00:00,5.7,1500.25,26.131290837657744,1457.5,847.3,428.25,196.5,1750.25,1776.25,8.2249997854233,74.924999237061,0.8187136082361053
2005-01-14 19:00:00,2005-01-14,19:00:00,5.8,1512.25,26.362957136673703,1463.25,764.9,434.5,188.9,1720.0,1801.75,7.8500001430511,77.14999961853,0.8222880600865677
2005-01-14 20:00:00,2005-01-14,20:00:00,5.8,1496.25,25.720484690188368,1447.25,715.3,434.75,188.2,1710.0,1795.75,8.3249998092651,75.025001525879,0.8252603809696064
2005-01-14 21:00:00,2005-01-14,21:00:00,5.0,1360.25,18.226178291697384,1246.0,715.6,513.0,189.9,1504.25,1600.25,8.1749999523163,75.150001525879,0.818452787223984
2005-01-14 22:00:00,2005-01-14,22:00:00,1.7,1024.0,6.150127048830166,818.75,234.8,781.5,125.8,1100.5,1083.0,8.25,69.72500038147,0.7631570410791797
2005-01-14 23:00:00,2005-01-14,23:00:00,1.6,1093.5,6.731036454520945,845.0,198.4,780.25,112.6,1126.75,1064.25,6.7000000476837,74.39999961853,0.7343571420398918
2005-01-15 00:00:00,2005-01-15,00:00:00,2.3,1111.25,7.475091907282833,877.25,292.9,734.75,129.2,1142.25,1104.0,6.375,74.949996948242,0.7238193788973539
2005-01-15 01:00:00,2005-01-15,01:00:00,2.4,1096.5,7.486888715241108,877.75,356.2,736.5,127.5,1140.0,1053.0,4.9249999523163,80.075000762939,0.7011466762571362
2005-01-15 02:00:00,2005-01-15,02:00:00,2.0,1051.0,6.182718636981682,820.25,284.8,778.25,121.7,1087.25,1009.0,4.7500001192093,79.425001144409,0.6872332745081688
2005-01-15 03:00:00,2005-01-15,03:00:00,1.6,978.75,5.0711119746790105,767.0,221.35000000000002,827.0,106.9,1040.5,908.25,3.2500000596046,82.60000038147,0.6450409328011103
2005-01-15 05:00:00,2005-01-15,05:00:00,1.1,901.5,3.108533724931268,658.75,157.9,939.75,92.1,972.25,800.0,3.3999999761581,81.424999237061,0.6424520401557968
2005-01-15 06:00:00,2005-01-15,06:00:00,1.0,956.75,2.818464253455941,640.5,94.5,1012.75,70.3,940.25,784.0,4.2499999403954,77.0,0.6439388750637737
2005-01-15 07:00:00,2005-01-15,07:00:00,1.3,972.75,4.307931854750126,727.5,148.4,901.5,82.6,1004.25,853.5,3.4750000238419,80.77499961853,0.6406133096072798
2005-01-15 08:00:00,2005-01-15,08:00:00,1.9,1074.25,9.704809865547722,966.5,336.5,702.5,127.1,1200.5,1065.25,3.4750000238419,80.275001525879,0.6366479065191564
2005-01-15 09:00:00,2005-01-15,09:00:00,2.6,1115.0,10.928770146232752,1011.75,452.8,650.25,141.8,1230.0,1161.25,4.0,78.450000762939,0.644956366825501
2005-01-15 10:00:00,2005-01-15,10:00:00,2.7,1135.75,10.632392251862324,1001.0,496.7,653.0,155.4,1216.25,1192.0,4.549999833107,76.550001144409,0.6534033072171616
2005-01-15 11:00:00,2005-01-15,11:00:00,2.4,1128.0,9.976623939037175,976.75,448.1,672.75,152.8,1198.5,1202.25,5.6000000238419,72.299999237061,0.6626916854946394
2005-01-15 12:00:00,2005-01-15,12:00:00,2.7,1196.25,11.58161276263785,1035.0,495.5,633.25,177.3,1258.75,1337.75,7.5250000953674,64.425001144409,0.6719611664762872
2005-01-15 13:00:00,2005-01-15,13:00:00,3.1,1266.5,15.556828839674514,1166.0,534.6,567.0,179.0,1381.75,1504.5,8.8500002622604,60.775000572205,0.6921416363312959
2005-01-15 14:00:00,2005-01-15,14:00:00,4.4,1354.75,18.1486501340004,1243.75,643.7,536.0,211.5,1453.75,1714.5,10.600000143051,55.25,0.7058010096166148
2005-01-15 15:00:00,2005-01-15,15:00:00,3.2,1193.75,12.330711570529866,1061.0,458.8,621.5,182.2,1257.0,1472.75,12.300000190735,46.25,0.6596759319960162
2005-01-15 16:00:00,2005-01-15,16:00:00,2.9,1188.0,11.418655250761152,1029.25,408.7,634.75,168.1,1242.5,1433.0,12.249999761581,47.02499961853,0.6685716020867397
2005-01-15 17:00:00,2005-01-15,17:00:00,3.0,1278.5,15.164068552106674,1153.75,514.8,573.0,178.9,1391.0,1544.0,10.5,55.10000038147,0.6993070303863259
2005-01-15 18:00:00,2005-01-15,18:00:00,3.7,1360.75,17.43186231729554,1222.75,640.1,525.25,182.2,1454.25,1647.75,8.7249999046326,66.324999809265,0.7491360244995421
2005-01-15 19:00:00,2005-01-15,19:00:00,5.2,1474.25,20.81746308831208,1319.0,816.4,496.25,194.0,1523.5,1784.25,7.9250001907349,69.89999961853,0.7487399123953763
2005-01-15 20:00:00,2005-01-15,20:00:00,3.3,1235.25,12.823867281040249,1077.75,504.7,615.5,165.9,1264.75,1518.5,7.6000000238419,65.275000572205,0.6842383262618774
2005-01-15 21:00:00,2005-01-15,21:00:00,3.6,1288.75,14.736200052099626,1140.25,560.3,590.25,168.3,1316.5,1532.0,6.5499999523163,67.625001907349,0.6608014210180702
2005-01-15 22:00:00,2005-01-15,22:00:00,2.3,1123.75,8.270607965023949,910.25,388.8,716.5,147.8,1112.25,1339.5,5.924999833107,66.449998855591,0.6225822922159421
2005-01-15 23:00:00,2005-01-15,23:00:00,3.0,1230.75,11.067802428479904,1016.75,491.6,654.5,150.8,1206.5,1413.5,5.1749999523163,69.97500038147,0.623192349121802
2005-01-16 00:00:00,2005-01-16,00:00:00,3.8,1289.0,13.61324273177958,1104.0,530.5,622.75,165.1,1256.5,1499.0,5.1500000953674,67.799999237061,0.6027993356664255
2005-01-16 01:00:00,2005-01-16,01:00:00,3.2,1165.5,9.803882650947754,970.25,487.4,704.5,164.8,1136.0,1306.0,4.8999999761581,67.074998855591,0.5863205907085072
2005-01-16 02:00:00,2005-01-16,02:00:00,2.1,1061.5,7.623121501642551,883.5,292.7,748.25,128.1,1062.0,1171.75,5.125,65.474999427795,0.5811420654796566
2005-01-16 03:00:00,2005-01-16,03:00:00,1.7,1027.5,6.025873720736165,813.0,255.75,794.25,121.55,1018.5,1075.75,3.9749999046326,69.525001525879,0.5706055561238091
2005-01-16 04:00:00,2005-01-16,04:00:00,1.7,1002.75,5.892044005394133,806.75,218.8,818.5,115.0,1020.75,1005.25,3.6999999880791,68.89999961853,0.5549310994919058
2005-01-16 05:00:00,2005-01-16,05:00:00,1.4,929.25,4.18285001004356,720.75,198.1,923.25,120.1,955.5,912.5,4.5250000953674,62.699998855591,0.5342742172405295
2005-01-16 06:00:00,2005-01-16,06:00:00,1.2,951.0,4.477145352169449,736.5,165.9,909.75,105.7,976.75,922.25,4.7000000476837,62.25,0.5367961565262325
2005-01-16 07:00:00,2005-01-16,07:00:00,1.4,1010.75,5.400366310442631,783.25,254.9,835.25,117.9,1012.75,1026.0,3.8999999761581,67.14999961853,0.5482934157793121
2005-01-16 08:00:00,2005-01-16,08:00:00,1.4,938.5,4.750728721412927,750.75,311.8,898.25,156.2,984.0,951.75,5.6999999284744,54.549999237061,0.5033872455454065
2005-01-16 09:00:00,2005-01-16,09:00:00,1.7,946.25,6.324796413352322,826.75,235.9,875.5,130.4,1036.75,914.5,6.0999999046326,50.300000190735,0.4768604981404972
2005-01-16 10:00:00,2005-01-16,10:00:00,1.0,840.75,2.5816785814911887,625.0,171.5,1054.0,112.2,846.25,687.0,9.0249999761581,39.52499961853,0.4553629849529022
2005-01-16 11:00:00,2005-01-16,11:00:00,1.0,850.0,2.634371220535116,628.5,138.2,1075.5,96.4,846.5,596.75,10.650000095367,34.375000953674,0.4405637999324912
2005-01-16 12:00:00,2005-01-16,12:00:00,0.8,831.0,2.2397262256059056,601.5,121.0,1123.25,89.4,824.0,526.75,11.100000143051,33.350000858307,0.4401334753783777
2005-01-16 13:00:00,2005-01-16,13:00:00,1.0,865.5,2.991851350574233,651.5,143.3,1059.5,98.2,856.5,572.75,11.924999952316,30.775000095367,0.4284565091405905
2005-01-16 14:00:00,2005-01-16,14:00:00,0.8,818.75,1.892364265362843,576.0,114.4,1142.0,84.9,809.0,492.25,11.424999952316,31.974999904633,0.4309853468503796
